"tjedan","naslov"
2021-01-04,"HNB objavio tjedni pregled deviznog trzista"
2021-01-04,"Središnjoj banci stigli novi podaci o kreditima kućanstava"
2021-01-04,"Središnja banka objavila izvješće o financijskoj stabilnosti"
2021-01-04,"Sindikati traže povećanje minimalne plaće"
2021-01-04,"Ministarstvo financija objavilo prihode proračuna"
2021-01-04,"Središnja banka upozorava na sekundarne učinke inflacije"
2021-01-04,"Ministarstvo financija objavilo prihode proračuna"
2021-01-04,"HNB objavio tjedni pregled deviznog trzista"
2021-01-04,"Ministarstvo financija objavilo prihode proračuna"
2021-01-04,"Guverner najavio nove mjere za kreditni rast"
2021-01-04,"Središnja banka objavila izvješće o financijskoj stabilnosti"
2021-01-04,"Ministarstvo financija objavilo prihode proračuna"
2021-01-04,"Središnja banka procjenjuje učinke uvođenja eura"
2021-01-04,"Središnja banka procjenjuje učinke uvođenja eura"
2021-01-04,"Odluke središnje banke i cijene stambenih kredita"
2021-01-04,"Odluke središnje banke i cijene stambenih kredita"
2021-01-04,"Trgovci najavljuju poskupljenje osnovnih namirnica"
2021-01-04,"Središnja banka upozorava na sekundarne učinke inflacije"
2021-01-04,"Cijene goriva ponovno rastu na benzinskim postajama"
2021-01-04,"Turistička sezona nadmašila očekivanja"
2021-01-04,"HNB: pritisak na cijene hrane popusta"
2021-01-04,"Guverner najavio nove mjere za kreditni rast"
2021-01-04,"Guverner Vujčić o kretanju cijena u idućoj godini"
2021-01-04,"Trgovci najavljuju poskupljenje osnovnih namirnica"
2021-01-04,"Središnjoj banci stigli novi podaci o kreditima kućanstava"
2021-01-04,"Odluke središnje banke i cijene stambenih kredita"
2021-01-04,"Poskupljenje električne energije od sljedećeg mjeseca"
2021-01-04,"Središnjoj banci stigli novi podaci o kreditima kućanstava"
2021-01-04,"Analitičari očekuju usporavanje potrošnje"
2021-01-04,"Cijene stanova u Zagrebu nastavile rast"
2021-01-04,"Analitičari očekuju usporavanje potrošnje"
2021-01-04,"Što središnja banka poručuje o inflacijskim očekivanjima"
2021-01-04,"Cijene stanova u Zagrebu nastavile rast"
2021-01-04,"Guvernerova ocjena inflacijskih očekivanja kućanstava"
2021-01-04,"Središnja banka procjenjuje učinke uvođenja eura"
2021-01-04,"Guverner Vujčić o kretanju cijena u idućoj godini"
2021-01-04,"HNB: depoziti kucanstava i dalje rastu"
2021-01-04,"Sindikati traže povećanje minimalne plaće"
2021-01-04,"Središnjoj banci stigli novi podaci o kreditima kućanstava"
2021-01-04,"Cijene stanova u Zagrebu nastavile rast"
2021-01-04,"Hrvatske narodne banke tice se i pitanje likvidnosti"
2021-01-11,"Guverner najavio nove mjere za kreditni rast"
2021-01-11,"Odluke središnje banke i cijene stambenih kredita"
2021-01-11,"Odluke središnje banke i cijene stambenih kredita"
2021-01-11,"Što središnja banka poručuje o inflacijskim očekivanjima"
2021-01-11,"Vlada produljila mjere ograničavanja cijena"
2021-01-11,"Guverner najavio nove mjere za kreditni rast"
2021-01-11,"Turistička sezona nadmašila očekivanja"
2021-01-11,"Ministarstvo financija objavilo prihode proračuna"
2021-01-11,"Hrvatska narodna banka o rastu cijena energenata"
2021-01-11,"Odluke središnje banke i cijene stambenih kredita"
2021-01-11,"Cijene stanova u Zagrebu nastavile rast"
2021-01-11,"Eurostat objavio nove podatke o zaposlenosti"
2021-01-11,"HNB: pritisak na cijene hrane popusta"
2021-01-11,"Turistička sezona nadmašila očekivanja"
2021-01-11,"Hrvatske narodne banke tice se i pitanje likvidnosti"
2021-01-11,"Hrvatske narodne banke tice se i pitanje likvidnosti"
2021-01-11,"HNB: pritisak na cijene hrane popusta"
2021-01-11,"Guverner Vujčić o kretanju cijena u idućoj godini"
2021-01-11,"HNB: depoziti kucanstava i dalje rastu"
2021-01-11,"HNB: pritisak na cijene hrane popusta"
2021-01-11,"Središnja banka procjenjuje učinke uvođenja eura"
2021-01-11,"Cijene goriva ponovno rastu na benzinskim postajama"
2021-01-11,"HNB: depoziti kucanstava i dalje rastu"
2021-01-11,"Cijene goriva ponovno rastu na benzinskim postajama"
2021-01-11,"Središnja banka objavila izvješće o financijskoj stabilnosti"
2021-01-11,"Cijene stanova u Zagrebu nastavile rast"
2021-01-11,"Središnja banka objavila izvješće o financijskoj stabilnosti"
2021-01-11,"Vlada produljila mjere ograničavanja cijena"
2021-01-11,"Cijene goriva ponovno rastu na benzinskim postajama"
2021-01-11,"Hrvatske narodne banke tice se i pitanje likvidnosti"
2021-01-11,"Cijene stanova u Zagrebu nastavile rast"
2021-01-11,"Što središnja banka poručuje o inflacijskim očekivanjima"
2021-01-11,"Eurostat objavio nove podatke o zaposlenosti"
2021-01-11,"Ministarstvo financija objavilo prihode proračuna"
2021-01-11,"Ministarstvo financija objavilo prihode proračuna"
2021-01-11,"HNB: depoziti kucanstava i dalje rastu"
2021-01-11,"Vlada produljila mjere ograničavanja cijena"
2021-01-11,"Središnja banka procjenjuje učinke uvođenja eura"
2021-01-11,"Guverner Vujčić o kretanju cijena u idućoj godini"
2021-01-11,"Guverner najavio nove mjere za kreditni rast"
2021-01-11,"Poskupljenje električne energije od sljedećeg mjeseca"
2021-01-11,"Hrvatske narodne banke tice se i pitanje likvidnosti"
2021-01-11,"Hrvatskoj narodnoj banci stigao novi set podataka"
2021-01-18,"HNB: pritisak na cijene hrane popusta"
2021-01-18,"Središnja banka objavila izvješće o financijskoj stabilnosti"
2021-01-18,"Trgovci najavljuju poskupljenje osnovnih namirnica"
2021-01-18,"Središnjoj banci stigli novi podaci o kreditima kućanstava"
2021-01-18,"HNB: pritisak na cijene hrane popusta"
2021-01-18,"HNB: pritisak na cijene hrane popusta"
2021-01-18,"Ministarstvo financija objavilo prihode proračuna"
2021-01-18,"Guverner Vujčić o kretanju cijena u idućoj godini"
2021-01-18,"Središnjoj banci stigli novi podaci o kreditima kućanstava"
2021-01-18,"Što središnja banka poručuje o inflacijskim očekivanjima"
2021-01-18,"Poskupljenje električne energije od sljedećeg mjeseca"
2021-01-18,"Trgovci najavljuju poskupljenje osnovnih namirnica"
2021-01-18,"Hrvatske narodne banke tice se i pitanje likvidnosti"
2021-01-18,"Guverner Vujčić o kretanju cijena u idućoj godini"
2021-01-18,"Što središnja banka poručuje o inflacijskim očekivanjima"
2021-01-18,"Guverner najavio nove mjere za kreditni rast"
2021-01-18,"Središnja banka objavila izvješće o financijskoj stabilnosti"
2021-01-18,"Cijene stanova u Zagrebu nastavile rast"
2021-01-18,"Eurostat objavio nove podatke o zaposlenosti"
2021-01-18,"Ministarstvo financija objavilo prihode proračuna"
2021-01-18,"Hrvatskoj narodnoj banci stigao novi set podataka"
2021-01-18,"Eurostat objavio nove podatke o zaposlenosti"
2021-01-18,"Odluke središnje banke i cijene stambenih kredita"
2021-01-18,"Eurostat objavio nove podatke o zaposlenosti"
2021-01-18,"Središnja banka upozorava na sekundarne učinke inflacije"
2021-01-18,"Odluke središnje banke i cijene stambenih kredita"
2021-01-18,"HNB: depoziti kucanstava i dalje rastu"
2021-01-18,"Ministarstvo financija objavilo prihode proračuna"
2021-01-18,"Sindikati traže povećanje minimalne plaće"
2021-01-18,"Turistička sezona nadmašila očekivanja"
2021-01-18,"HNB: pritisak na cijene hrane popusta"
2021-01-18,"Poskupljenje električne energije od sljedećeg mjeseca"
2021-01-18,"Središnja banka objavila izvješće o financijskoj stabilnosti"
2021-01-18,"Središnja banka objavila izvješće o financijskoj stabilnosti"
2021-01-18,"Poskupljenje električne energije od sljedećeg mjeseca"
2021-01-18,"Ministarstvo financija objavilo prihode proračuna"
2021-01-18,"Guverner najavio nove mjere za kreditni rast"
2021-01-18,"Guverner najavio nove mjere za kreditni rast"
2021-01-18,"Središnja banka procjenjuje učinke uvođenja eura"
2021-01-25,"Eurostat objavio nove podatke o zaposlenosti"
2021-01-25,"Središnja banka objavila izvješće o financijskoj stabilnosti"
2021-01-25,"Središnja banka procjenjuje učinke uvođenja eura"
2021-01-25,"Sindikati traže povećanje minimalne plaće"
2021-01-25,"HNB: pritisak na cijene hrane popusta"
2021-01-25,"HNB: depoziti kucanstava i dalje rastu"
2021-01-25,"Guvernerova ocjena inflacijskih očekivanja kućanstava"
2021-01-25,"Središnja banka upozorava na sekundarne učinke inflacije"
2021-01-25,"Hrvatske narodne banke tice se i pitanje likvidnosti"
2021-01-25,"Odluke središnje banke i cijene stambenih kredita"
2021-01-25,"Hrvatska narodna banka o rastu cijena energenata"
2021-01-25,"Hrvatske narodne banke tice se i pitanje likvidnosti"
2021-01-25,"Središnja banka upozorava na sekundarne učinke inflacije"
2021-01-25,"Sindikati traže povećanje minimalne plaće"
2021-01-25,"Vujčić: inflacija se vraća prema cilju"
2021-01-25,"Poskupljenje električne energije od sljedećeg mjeseca"
2021-01-25,"Analitičari očekuju usporavanje potrošnje"
2021-01-25,"Središnja banka procjenjuje učinke uvođenja eura"
2021-01-25,"Cijene stanova u Zagrebu nastavile rast"
2021-01-25,"Trgovci najavljuju poskupljenje osnovnih namirnica"
2021-01-25,"Središnja banka upozorava na sekundarne učinke inflacije"
2021-01-25,"Analitičari očekuju usporavanje potrošnje"
2021-01-25,"Guverner Vujčić o kretanju cijena u idućoj godini"
2021-01-25,"Vlada produljila mjere ograničavanja cijena"
2021-01-25,"Guverner najavio nove mjere za kreditni rast"
2021-01-25,"Cijene stanova u Zagrebu nastavile rast"
2021-01-25,"Turistička sezona nadmašila očekivanja"
2021-01-25,"Cijene stanova u Zagrebu nastavile rast"
2021-01-25,"Vujčić: inflacija se vraća prema cilju"
2021-01-25,"HNB: pritisak na cijene hrane popusta"
2021-01-25,"Središnja banka procjenjuje učinke uvođenja eura"
2021-01-25,"Trgovci najavljuju poskupljenje osnovnih namirnica"
2021-01-25,"HNB objavio tjedni pregled deviznog trzista"
2021-01-25,"HNB: depoziti kucanstava i dalje rastu"
2021-01-25,"Središnja banka upozorava na sekundarne učinke inflacije"
2021-01-25,"Ministarstvo financija objavilo prihode proračuna"
2021-01-25,"Središnja banka objavila izvješće o financijskoj stabilnosti"
2021-01-25,"Središnja banka procjenjuje učinke uvođenja eura"
2021-01-25,"Cijene stanova u Zagrebu nastavile rast"
2021-02-01,"Odluke središnje banke i cijene stambenih kredita"
2021-02-01,"Središnjoj banci stigli novi podaci o kreditima kućanstava"
2021-02-01,"Središnja banka procjenjuje učinke uvođenja eura"
2021-02-01,"Hrvatskoj narodnoj banci stigao novi set podataka"
2021-02-01,"Poskupljenje električne energije od sljedećeg mjeseca"
2021-02-01,"Sindikati traže povećanje minimalne plaće"
2021-02-01,"Analitičari očekuju usporavanje potrošnje"
2021-02-01,"Središnja banka upozorava na sekundarne učinke inflacije"
2021-02-01,"Poskupljenje električne energije od sljedećeg mjeseca"
2021-02-01,"Središnja banka procjenjuje učinke uvođenja eura"
2021-02-01,"Guverner najavio nove mjere za kreditni rast"
2021-02-01,"Središnjoj banci stigli novi podaci o kreditima kućanstava"
2021-02-01,"Hrvatske narodne banke tice se i pitanje likvidnosti"
2021-02-01,"Središnjoj banci stigli novi podaci o kreditima kućanstava"
2021-02-01,"Guverner najavio nove mjere za kreditni rast"
2021-02-01,"Hrvatskoj narodnoj banci stigao novi set podataka"
2021-02-01,"Ministarstvo financija objavilo prihode proračuna"
2021-02-01,"Hrvatske narodne banke tice se i pitanje likvidnosti"
2021-02-01,"Eurostat objavio nove podatke o zaposlenosti"
2021-02-01,"Ministarstvo financija objavilo prihode proračuna"
2021-02-01,"Što središnja banka poručuje o inflacijskim očekivanjima"
2021-02-01,"Središnjoj banci stigli novi podaci o kreditima kućanstava"
2021-02-01,"Poskupljenje električne energije od sljedećeg mjeseca"
2021-02-01,"HNB objavio tjedni pregled deviznog trzista"
2021-02-01,"Eurostat objavio nove podatke o zaposlenosti"
2021-02-01,"Odluke središnje banke i cijene stambenih kredita"
2021-02-01,"Sindikati traže povećanje minimalne plaće"
2021-02-01,"Hrvatske narodne banke tice se i pitanje likvidnosti"
2021-02-01,"Vujčić: inflacija se vraća prema cilju"
2021-02-01,"Analitičari očekuju usporavanje potrošnje"
2021-02-01,"Analitičari očekuju usporavanje potrošnje"
2021-02-01,"HNB: pritisak na cijene hrane popusta"
2021-02-01,"Cijene goriva ponovno rastu na benzinskim postajama"
2021-02-01,"Vujčić: inflacija se vraća prema cilju"
2021-02-01,"Hrvatske narodne banke tice se i pitanje likvidnosti"
2021-02-01,"Sindikati traže povećanje minimalne plaće"
2021-02-08,"Središnja banka procjenjuje učinke uvođenja eura"
2021-02-08,"Trgovci najavljuju poskupljenje osnovnih namirnica"
2021-02-08,"Hrvatska narodna banka o rastu cijena energenata"
2021-02-08,"Cijene goriva ponovno rastu na benzinskim postajama"
2021-02-08,"HNB: depoziti kucanstava i dalje rastu"
2021-02-08,"Hrvatske narodne banke tice se i pitanje likvidnosti"
2021-02-08,"Što središnja banka poručuje o inflacijskim očekivanjima"
2021-02-08,"Cijene goriva ponovno rastu na benzinskim postajama"
2021-02-08,"HNB objavio tjedni pregled deviznog trzista"
2021-02-08,"Hrvatska narodna banka o rastu cijena energenata"
2021-02-08,"Cijene stanova u Zagrebu nastavile rast"
2021-02-08,"Guvernerova ocjena inflacijskih očekivanja kućanstava"
2021-02-08,"Hrvatska narodna banka o rastu cijena energenata"
2021-02-08,"Odluke središnje banke i cijene stambenih kredita"
2021-02-08,"Cijene stanova u Zagrebu nastavile rast"
2021-02-08,"Hrvatskoj narodnoj banci stigao novi set podataka"
2021-02-08,"Što središnja banka poručuje o inflacijskim očekivanjima"
2021-02-08,"HNB: depoziti kucanstava i dalje rastu"
2021-02-08,"Sindikati traže povećanje minimalne plaće"
2021-02-08,"Ministarstvo financija objavilo prihode proračuna"
2021-02-08,"Hrvatskoj narodnoj banci stigao novi set podataka"
2021-02-08,"Hrvatskoj narodnoj banci stigao novi set podataka"
2021-02-08,"Guverner najavio nove mjere za kreditni rast"
2021-02-08,"Turistička sezona nadmašila očekivanja"
2021-02-08,"Vlada produljila mjere ograničavanja cijena"
2021-02-08,"Hrvatskoj narodnoj banci stigao novi set podataka"
2021-02-08,"Turistička sezona nadmašila očekivanja"
2021-02-08,"Središnja banka procjenjuje učinke uvođenja eura"
2021-02-08,"Guverner najavio nove mjere za kreditni rast"
2021-02-08,"Središnjoj banci stigli novi podaci o kreditima kućanstava"
2021-02-08,"Vlada produljila mjere ograničavanja cijena"
2021-02-08,"Ministarstvo financija objavilo prihode proračuna"
2021-02-08,"Analitičari očekuju usporavanje potrošnje"
2021-02-08,"HNB: pritisak na cijene hrane popusta"
2021-02-08,"Hrvatske narodne banke tice se i pitanje likvidnosti"
2021-02-08,"Guverner Vujčić o kretanju cijena u idućoj godini"
2021-02-08,"Središnja banka procjenjuje učinke uvođenja eura"
2021-02-08,"Turistička sezona nadmašila očekivanja"
2021-02-08,"Trgovci najavljuju poskupljenje osnovnih namirnica"
2021-02-08,"Trgovci najavljuju poskupljenje osnovnih namirnica"
2021-02-08,"Guvernerova ocjena inflacijskih očekivanja kućanstava"
2021-02-08,"Središnjoj banci stigli novi podaci o kreditima kućanstava"
2021-02-08,"Guverner najavio nove mjere za kreditni rast"
2021-02-08,"Odluke središnje banke i cijene stambenih kredita"
2021-02-08,"Cijene goriva ponovno rastu na benzinskim postajama"
2021-02-08,"Eurostat objavio nove podatke o zaposlenosti"
2021-02-08,"Što središnja banka poručuje o inflacijskim očekivanjima"
2021-02-15,"Analitičari očekuju usporavanje potrošnje"
2021-02-15,"Turistička sezona nadmašila očekivanja"
2021-02-15,"Središnja banka objavila izvješće o financijskoj stabilnosti"
2021-02-15,"Analitičari očekuju usporavanje potrošnje"
2021-02-15,"Što središnja banka poručuje o inflacijskim očekivanjima"
2021-02-15,"HNB: pritisak na cijene hrane popusta"
2021-02-15,"Hrvatska narodna banka o rastu cijena energenata"
2021-02-15,"HNB objavio tjedni pregled deviznog trzista"
2021-02-15,"Središnja banka objavila izvješće o financijskoj stabilnosti"
2021-02-15,"Vujčić: inflacija se vraća prema cilju"
2021-02-15,"Turistička sezona nadmašila očekivanja"
2021-02-15,"Središnjoj banci stigli novi podaci o kreditima kućanstava"
2021-02-15,"Eurostat objavio nove podatke o zaposlenosti"
2021-02-15,"Hrvatske narodne banke tice se i pitanje likvidnosti"
2021-02-15,"Hrvatskoj narodnoj banci stigao novi set podataka"
2021-02-15,"Vujčić: inflacija se vraća prema cilju"
2021-02-15,"Eurostat objavio nove podatke o zaposlenosti"
2021-02-15,"Guverner najavio nove mjere za kreditni rast"
2021-02-15,"Cijene stanova u Zagrebu nastavile rast"
2021-02-15,"Eurostat objavio nove podatke o zaposlenosti"
2021-02-15,"Vlada produljila mjere ograničavanja cijena"
2021-02-15,"Što središnja banka poručuje o inflacijskim očekivanjima"
2021-02-15,"Eurostat objavio nove podatke o zaposlenosti"
2021-02-15,"Guvernerova ocjena inflacijskih očekivanja kućanstava"
2021-02-15,"Eurostat objavio nove podatke o zaposlenosti"
2021-02-15,"Trgovci najavljuju poskupljenje osnovnih namirnica"
2021-02-15,"HNB objavio tjedni pregled deviznog trzista"
2021-02-15,"Vlada produljila mjere ograničavanja cijena"
2021-02-15,"HNB objavio tjedni pregled deviznog trzista"
2021-02-15,"Vujčić: inflacija se vraća prema cilju"
2021-02-15,"HNB: pritisak na cijene hrane popusta"
2021-02-15,"Hrvatske narodne banke tice se i pitanje likvidnosti"
2021-02-15,"Što središnja banka poručuje o inflacijskim očekivanjima"
2021-02-15,"Središnja banka procjenjuje učinke uvođenja eura"
2021-02-15,"Sindikati traže povećanje minimalne plaće"
2021-02-15,"Cijene stanova u Zagrebu nastavile rast"
2021-02-15,"Središnja banka procjenjuje učinke uvođenja eura"
2021-02-15,"Središnja banka objavila izvješće o financijskoj stabilnosti"
2021-02-15,"HNB: pritisak na cijene hrane popusta"
2021-02-15,"Središnja banka objavila izvješće o financijskoj stabilnosti"
2021-02-15,"Središnja banka objavila izvješće o financijskoj stabilnosti"
2021-02-15,"Analitičari očekuju usporavanje potrošnje"
2021-02-15,"Cijene stanova u Zagrebu nastavile rast"
2021-02-22,"Središnja banka upozorava na sekundarne učinke inflacije"
2021-02-22,"Odluke središnje banke i cijene stambenih kredita"
2021-02-22,"Sindikati traže povećanje minimalne plaće"
2021-02-22,"Guverner najavio nove mjere za kreditni rast"
2021-02-22,"Cijene stanova u Zagrebu nastavile rast"
2021-02-22,"HNB: depoziti kucanstava i dalje rastu"
2021-02-22,"Vlada produljila mjere ograničavanja cijena"
2021-02-22,"Guvernerova ocjena inflacijskih očekivanja kućanstava"
2021-02-22,"Turistička sezona nadmašila očekivanja"
2021-02-22,"Sindikati traže povećanje minimalne plaće"
2021-02-22,"Što središnja banka poručuje o inflacijskim očekivanjima"
2021-02-22,"HNB: pritisak na cijene hrane popusta"
2021-02-22,"Cijene goriva ponovno rastu na benzinskim postajama"
2021-02-22,"Odluke središnje banke i cijene stambenih kredita"
2021-02-22,"HNB: depoziti kucanstava i dalje rastu"
2021-02-22,"Cijene stanova u Zagrebu nastavile rast"
2021-02-22,"Središnja banka procjenjuje učinke uvođenja eura"
2021-02-22,"Trgovci najavljuju poskupljenje osnovnih namirnica"
2021-02-22,"Turistička sezona nadmašila očekivanja"
2021-02-22,"HNB: pritisak na cijene hrane popusta"
2021-02-22,"Središnja banka upozorava na sekundarne učinke inflacije"
2021-02-22,"Hrvatske narodne banke tice se i pitanje likvidnosti"
2021-02-22,"Guvernerova ocjena inflacijskih očekivanja kućanstava"
2021-02-22,"Cijene goriva ponovno rastu na benzinskim postajama"
2021-02-22,"Hrvatska narodna banka o rastu cijena energenata"
2021-02-22,"HNB: depoziti kucanstava i dalje rastu"
2021-02-22,"Turistička sezona nadmašila očekivanja"
2021-02-22,"Središnja banka upozorava na sekundarne učinke inflacije"
2021-02-22,"Sindikati traže povećanje minimalne plaće"
2021-02-22,"HNB objavio tjedni pregled deviznog trzista"
2021-02-22,"HNB: depoziti kucanstava i dalje rastu"
2021-02-22,"Guverner najavio nove mjere za kreditni rast"
2021-02-22,"Eurostat objavio nove podatke o zaposlenosti"
2021-02-22,"Hrvatske narodne banke tice se i pitanje likvidnosti"
2021-02-22,"Vlada produljila mjere ograničavanja cijena"
2021-02-22,"Analitičari očekuju usporavanje potrošnje"
2021-02-22,"Guverner Vujčić o kretanju cijena u idućoj godini"
2021-02-22,"Središnjoj banci stigli novi podaci o kreditima kućanstava"
2021-02-22,"Turistička sezona nadmašila očekivanja"
2021-02-22,"Cijene stanova u Zagrebu nastavile rast"
2021-02-22,"Odluke središnje banke i cijene stambenih kredita"
2021-02-22,"Središnjoj banci stigli novi podaci o kreditima kućanstava"
2021-02-22,"Guverner Vujčić o kretanju cijena u idućoj godini"
2021-02-22,"Turistička sezona nadmašila očekivanja"
2021-02-22,"Ministarstvo financija objavilo prihode proračuna"
2021-02-22,"Hrvatska narodna banka o rastu cijena energenata"
2021-02-22,"HNB objavio tjedni pregled deviznog trzista"
2021-02-22,"HNB: pritisak na cijene hrane popusta"
2021-02-22,"Središnjoj banci stigli novi podaci o kreditima kućanstava"
2021-03-01,"Hrvatske narodne banke tice se i pitanje likvidnosti"
2021-03-01,"HNB: depoziti kucanstava i dalje rastu"
2021-03-01,"Središnja banka upozorava na sekundarne učinke inflacije"
2021-03-01,"Središnja banka procjenjuje učinke uvođenja eura"
2021-03-01,"Eurostat objavio nove podatke o zaposlenosti"
2021-03-01,"Odluke središnje banke i cijene stambenih kredita"
2021-03-01,"Vlada produljila mjere ograničavanja cijena"
2021-03-01,"Središnja banka objavila izvješće o financijskoj stabilnosti"
2021-03-01,"HNB: pritisak na cijene hrane popusta"
2021-03-01,"Guvernerova ocjena inflacijskih očekivanja kućanstava"
2021-03-01,"Vlada produljila mjere ograničavanja cijena"
2021-03-01,"Eurostat objavio nove podatke o zaposlenosti"
2021-03-01,"Poskupljenje električne energije od sljedećeg mjeseca"
2021-03-01,"Odluke središnje banke i cijene stambenih kredita"
2021-03-01,"Ministarstvo financija objavilo prihode proračuna"
2021-03-01,"HNB: pritisak na cijene hrane popusta"
2021-03-01,"Eurostat objavio nove podatke o zaposlenosti"
2021-03-01,"Ministarstvo financija objavilo prihode proračuna"
2021-03-01,"Cijene goriva ponovno rastu na benzinskim postajama"
2021-03-01,"Cijene stanova u Zagrebu nastavile rast"
2021-03-01,"Guverner Vujčić o kretanju cijena u idućoj godini"
2021-03-01,"Središnja banka procjenjuje učinke uvođenja eura"
2021-03-01,"Hrvatske narodne banke tice se i pitanje likvidnosti"
2021-03-01,"HNB objavio tjedni pregled deviznog trzista"
2021-03-01,"Hrvatske narodne banke tice se i pitanje likvidnosti"
2021-03-01,"Guverner Vujčić o kretanju cijena u idućoj godini"
2021-03-01,"Središnjoj banci stigli novi podaci o kreditima kućanstava"
2021-03-01,"Cijene goriva ponovno rastu na benzinskim postajama"
2021-03-01,"Hrvatskoj narodnoj banci stigao novi set podataka"
2021-03-01,"Hrvatske narodne banke tice se i pitanje likvidnosti"
2021-03-01,"Guverner najavio nove mjere za kreditni rast"
2021-03-01,"Poskupljenje električne energije od sljedećeg mjeseca"
2021-03-01,"Turistička sezona nadmašila očekivanja"
2021-03-01,"Trgovci najavljuju poskupljenje osnovnih namirnica"
2021-03-01,"Cijene stanova u Zagrebu nastavile rast"
2021-03-01,"HNB objavio tjedni pregled deviznog trzista"
2021-03-01,"Središnja banka objavila izvješće o financijskoj stabilnosti"
2021-03-01,"Odluke središnje banke i cijene stambenih kredita"
2021-03-01,"Sindikati traže povećanje minimalne plaće"
2021-03-01,"Guverner najavio nove mjere za kreditni rast"
2021-03-01,"HNB: pritisak na cijene hrane popusta"
2021-03-01,"Ministarstvo financija objavilo prihode proračuna"
2021-03-01,"Ministarstvo financija objavilo prihode proračuna"
2021-03-01,"Središnja banka procjenjuje učinke uvođenja eura"
2021-03-01,"Guverner Vujčić o kretanju cijena u idućoj godini"
2021-03-01,"Što središnja banka poručuje o inflacijskim očekivanjima"
2021-03-01,"Trgovci najavljuju poskupljenje osnovnih namirnica"
2021-03-01,"Središnja banka upozorava na sekundarne učinke inflacije"
2021-03-01,"Središnja banka upozorava na sekundarne učinke inflacije"
2021-03-01,"HNB: pritisak na cijene hrane popusta"
2021-03-01,"HNB: pritisak na cijene hrane popusta"
2021-03-01,"Turistička sezona nadmašila očekivanja"
2021-03-01,"Guverner najavio nove mjere za kreditni rast"
2021-03-01,"Analitičari očekuju usporavanje potrošnje"
2021-03-01,"Ministarstvo financija objavilo prihode proračuna"
2021-03-01,"Hrvatske narodne banke tice se i pitanje likvidnosti"
2021-03-08,"Hrvatske narodne banke tice se i pitanje likvidnosti"
2021-03-08,"Poskupljenje električne energije od sljedećeg mjeseca"
2021-03-08,"Središnja banka objavila izvješće o financijskoj stabilnosti"
2021-03-08,"Vlada produljila mjere ograničavanja cijena"
2021-03-08,"Sindikati traže povećanje minimalne plaće"
2021-03-08,"Sindikati traže povećanje minimalne plaće"
2021-03-08,"Hrvatska narodna banka o rastu cijena energenata"
2021-03-08,"Analitičari očekuju usporavanje potrošnje"
2021-03-08,"HNB objavio tjedni pregled deviznog trzista"
2021-03-08,"Središnjoj banci stigli novi podaci o kreditima kućanstava"
2021-03-08,"Središnja banka objavila izvješće o financijskoj stabilnosti"
2021-03-08,"Eurostat objavio nove podatke o zaposlenosti"
2021-03-08,"Analitičari očekuju usporavanje potrošnje"
2021-03-08,"Guverner najavio nove mjere za kreditni rast"
2021-03-08,"Odluke središnje banke i cijene stambenih kredita"
2021-03-08,"Cijene stanova u Zagrebu nastavile rast"
2021-03-08,"Odluke središnje banke i cijene stambenih kredita"
2021-03-08,"Guverner najavio nove mjere za kreditni rast"
2021-03-08,"Sindikati traže povećanje minimalne plaće"
2021-03-08,"Guverner najavio nove mjere za kreditni rast"
2021-03-08,"Hrvatskoj narodnoj banci stigao novi set podataka"
2021-03-08,"Odluke središnje banke i cijene stambenih kredita"
2021-03-08,"HNB: depoziti kucanstava i dalje rastu"
2021-03-08,"Eurostat objavio nove podatke o zaposlenosti"
2021-03-08,"Odluke središnje banke i cijene stambenih kredita"
2021-03-08,"Središnja banka procjenjuje učinke uvođenja eura"
2021-03-08,"Turistička sezona nadmašila očekivanja"
2021-03-08,"Vujčić: inflacija se vraća prema cilju"
2021-03-08,"Cijene goriva ponovno rastu na benzinskim postajama"
2021-03-08,"Odluke središnje banke i cijene stambenih kredita"
2021-03-08,"Eurostat objavio nove podatke o zaposlenosti"
2021-03-08,"Hrvatske narodne banke tice se i pitanje likvidnosti"
2021-03-08,"Središnja banka procjenjuje učinke uvođenja eura"
2021-03-08,"Turistička sezona nadmašila očekivanja"
2021-03-08,"Trgovci najavljuju poskupljenje osnovnih namirnica"
2021-03-08,"Analitičari očekuju usporavanje potrošnje"
2021-03-08,"Guverner najavio nove mjere za kreditni rast"
2021-03-08,"Hrvatska narodna banka o rastu cijena energenata"
2021-03-08,"Odluke središnje banke i cijene stambenih kredita"
2021-03-08,"Hrvatska narodna banka o rastu cijena energenata"
2021-03-08,"Turistička sezona nadmašila očekivanja"
2021-03-08,"Guvernerova ocjena inflacijskih očekivanja kućanstava"
2021-03-08,"Središnja banka objavila izvješće o financijskoj stabilnosti"
2021-03-08,"Odluke središnje banke i cijene stambenih kredita"
2021-03-08,"Što središnja banka poručuje o inflacijskim očekivanjima"
2021-03-08,"HNB: pritisak na cijene hrane popusta"
2021-03-08,"Hrvatske narodne banke tice se i pitanje likvidnosti"
2021-03-08,"Ministarstvo financija objavilo prihode proračuna"
2021-03-08,"Ministarstvo financija objavilo prihode proračuna"
2021-03-15,"Hrvatskoj narodnoj banci stigao novi set podataka"
2021-03-15,"Središnja banka upozorava na sekundarne učinke inflacije"
2021-03-15,"HNB: depoziti kucanstava i dalje rastu"
2021-03-15,"HNB: pritisak na cijene hrane popusta"
2021-03-15,"Analitičari očekuju usporavanje potrošnje"
2021-03-15,"Središnja banka objavila izvješće o financijskoj stabilnosti"
2021-03-15,"Središnja banka upozorava na sekundarne učinke inflacije"
2021-03-15,"Vlada produljila mjere ograničavanja cijena"
2021-03-15,"Ministarstvo financija objavilo prihode proračuna"
2021-03-15,"Hrvatske narodne banke tice se i pitanje likvidnosti"
2021-03-15,"Cijene goriva ponovno rastu na benzinskim postajama"
2021-03-15,"Cijene stanova u Zagrebu nastavile rast"
2021-03-15,"Analitičari očekuju usporavanje potrošnje"
2021-03-15,"Sindikati traže povećanje minimalne plaće"
2021-03-15,"Što središnja banka poručuje o inflacijskim očekivanjima"
2021-03-15,"Hrvatske narodne banke tice se i pitanje likvidnosti"
2021-03-15,"Analitičari očekuju usporavanje potrošnje"
2021-03-15,"Guvernerova ocjena inflacijskih očekivanja kućanstava"
2021-03-15,"Središnjoj banci stigli novi podaci o kreditima kućanstava"
2021-03-15,"HNB: pritisak na cijene hrane popusta"
2021-03-15,"Trgovci najavljuju poskupljenje osnovnih namirnica"
2021-03-15,"Vujčić: inflacija se vraća prema cilju"
2021-03-15,"Turistička sezona nadmašila očekivanja"
2021-03-15,"Guverner Vujčić o kretanju cijena u idućoj godini"
2021-03-15,"HNB: pritisak na cijene hrane popusta"
2021-03-15,"Što središnja banka poručuje o inflacijskim očekivanjima"
2021-03-15,"Što središnja banka poručuje o inflacijskim očekivanjima"
2021-03-15,"Guvernerova ocjena inflacijskih očekivanja kućanstava"
2021-03-15,"Što središnja banka poručuje o inflacijskim očekivanjima"
2021-03-15,"Turistička sezona nadmašila očekivanja"
2021-03-15,"Turistička sezona nadmašila očekivanja"
2021-03-15,"Hrvatske narodne banke tice se i pitanje likvidnosti"
2021-03-15,"Odluke središnje banke i cijene stambenih kredita"
2021-03-15,"Cijene goriva ponovno rastu na benzinskim postajama"
2021-03-15,"Cijene goriva ponovno rastu na benzinskim postajama"
2021-03-15,"HNB: depoziti kucanstava i dalje rastu"
2021-03-15,"Cijene goriva ponovno rastu na benzinskim postajama"
2021-03-15,"Središnja banka procjenjuje učinke uvođenja eura"
2021-03-15,"Središnja banka upozorava na sekundarne učinke inflacije"
2021-03-15,"HNB: depoziti kucanstava i dalje rastu"
2021-03-15,"Vlada produljila mjere ograničavanja cijena"
2021-03-15,"Vujčić: inflacija se vraća prema cilju"
2021-03-15,"Turistička sezona nadmašila očekivanja"
2021-03-15,"Odluke središnje banke i cijene stambenih kredita"
2021-03-15,"Središnja banka procjenjuje učinke uvođenja eura"
2021-03-15,"Turistička sezona nadmašila očekivanja"
2021-03-15,"Analitičari očekuju usporavanje potrošnje"
2021-03-15,"Središnjoj banci stigli novi podaci o kreditima kućanstava"
2021-03-15,"Vujčić: inflacija se vraća prema cilju"
2021-03-22,"Guvernerova ocjena inflacijskih očekivanja kućanstava"
2021-03-22,"Središnjoj banci stigli novi podaci o kreditima kućanstava"
2021-03-22,"Što središnja banka poručuje o inflacijskim očekivanjima"
2021-03-22,"HNB: depoziti kucanstava i dalje rastu"
2021-03-22,"Cijene stanova u Zagrebu nastavile rast"
2021-03-22,"Trgovci najavljuju poskupljenje osnovnih namirnica"
2021-03-22,"Vujčić: inflacija se vraća prema cilju"
2021-03-22,"Središnja banka procjenjuje učinke uvođenja eura"
2021-03-22,"Analitičari očekuju usporavanje potrošnje"
2021-03-22,"Guvernerova ocjena inflacijskih očekivanja kućanstava"
2021-03-22,"Guverner najavio nove mjere za kreditni rast"
2021-03-22,"HNB objavio tjedni pregled deviznog trzista"
2021-03-22,"Vlada produljila mjere ograničavanja cijena"
2021-03-22,"Ministarstvo financija objavilo prihode proračuna"
2021-03-22,"Hrvatske narodne banke tice se i pitanje likvidnosti"
2021-03-22,"Što središnja banka poručuje o inflacijskim očekivanjima"
2021-03-22,"Cijene goriva ponovno rastu na benzinskim postajama"
2021-03-22,"Cijene stanova u Zagrebu nastavile rast"
2021-03-22,"Vlada produljila mjere ograničavanja cijena"
2021-03-22,"Hrvatske narodne banke tice se i pitanje likvidnosti"
2021-03-22,"Središnjoj banci stigli novi podaci o kreditima kućanstava"
2021-03-22,"Središnja banka objavila izvješće o financijskoj stabilnosti"
2021-03-22,"HNB: pritisak na cijene hrane popusta"
2021-03-22,"Trgovci najavljuju poskupljenje osnovnih namirnica"
2021-03-22,"Središnja banka upozorava na sekundarne učinke inflacije"
2021-03-22,"Hrvatskoj narodnoj banci stigao novi set podataka"
2021-03-22,"Što središnja banka poručuje o inflacijskim očekivanjima"
2021-03-22,"Cijene stanova u Zagrebu nastavile rast"
2021-03-22,"Središnja banka upozorava na sekundarne učinke inflacije"
2021-03-22,"Cijene stanova u Zagrebu nastavile rast"
2021-03-22,"Središnja banka upozorava na sekundarne učinke inflacije"
2021-03-22,"Eurostat objavio nove podatke o zaposlenosti"
2021-03-22,"Što središnja banka poručuje o inflacijskim očekivanjima"
2021-03-22,"HNB objavio tjedni pregled deviznog trzista"
2021-03-22,"HNB: depoziti kucanstava i dalje rastu"
2021-03-22,"Analitičari očekuju usporavanje potrošnje"
2021-03-22,"Vlada produljila mjere ograničavanja cijena"
2021-03-22,"Trgovci najavljuju poskupljenje osnovnih namirnica"
2021-03-22,"Vujčić: inflacija se vraća prema cilju"
2021-03-22,"Odluke središnje banke i cijene stambenih kredita"
2021-03-22,"Vlada produljila mjere ograničavanja cijena"
2021-03-22,"Središnja banka upozorava na sekundarne učinke inflacije"
2021-03-22,"Sindikati traže povećanje minimalne plaće"
2021-03-22,"Guverner najavio nove mjere za kreditni rast"
2021-03-22,"Analitičari očekuju usporavanje potrošnje"
2021-03-22,"Središnja banka procjenjuje učinke uvođenja eura"
2021-03-29,"Cijene goriva ponovno rastu na benzinskim postajama"
2021-03-29,"Analitičari očekuju usporavanje potrošnje"
2021-03-29,"Guvernerova ocjena inflacijskih očekivanja kućanstava"
2021-03-29,"Vlada produljila mjere ograničavanja cijena"
2021-03-29,"Trgovci najavljuju poskupljenje osnovnih namirnica"
2021-03-29,"Cijene goriva ponovno rastu na benzinskim postajama"
2021-03-29,"Hrvatska narodna banka o rastu cijena energenata"
2021-03-29,"Turistička sezona nadmašila očekivanja"
2021-03-29,"Središnjoj banci stigli novi podaci o kreditima kućanstava"
2021-03-29,"Trgovci najavljuju poskupljenje osnovnih namirnica"
2021-03-29,"Središnja banka objavila izvješće o financijskoj stabilnosti"
2021-03-29,"Vujčić: inflacija se vraća prema cilju"
2021-03-29,"Vujčić: inflacija se vraća prema cilju"
2021-03-29,"Guvernerova ocjena inflacijskih očekivanja kućanstava"
2021-03-29,"Cijene goriva ponovno rastu na benzinskim postajama"
2021-03-29,"Središnja banka procjenjuje učinke uvođenja eura"
2021-03-29,"Sindikati traže povećanje minimalne plaće"
2021-03-29,"Hrvatskoj narodnoj banci stigao novi set podataka"
2021-03-29,"HNB: depoziti kucanstava i dalje rastu"
2021-03-29,"Guvernerova ocjena inflacijskih očekivanja kućanstava"
2021-03-29,"Sindikati traže povećanje minimalne plaće"
2021-03-29,"Poskupljenje električne energije od sljedećeg mjeseca"
2021-03-29,"Trgovci najavljuju poskupljenje osnovnih namirnica"
2021-03-29,"HNB: depoziti kucanstava i dalje rastu"
2021-03-29,"HNB: pritisak na cijene hrane popusta"
2021-03-29,"HNB: depoziti kucanstava i dalje rastu"
2021-03-29,"Hrvatskoj narodnoj banci stigao novi set podataka"
2021-03-29,"Eurostat objavio nove podatke o zaposlenosti"
2021-03-29,"Poskupljenje električne energije od sljedećeg mjeseca"
2021-03-29,"Hrvatske narodne banke tice se i pitanje likvidnosti"
2021-03-29,"Hrvatskoj narodnoj banci stigao novi set podataka"
2021-03-29,"Sindikati traže povećanje minimalne plaće"
2021-03-29,"Cijene stanova u Zagrebu nastavile rast"
2021-03-29,"Središnjoj banci stigli novi podaci o kreditima kućanstava"
2021-03-29,"Analitičari očekuju usporavanje potrošnje"
2021-03-29,"Središnja banka objavila izvješće o financijskoj stabilnosti"
2021-03-29,"HNB objavio tjedni pregled deviznog trzista"
2021-03-29,"HNB: pritisak na cijene hrane popusta"
2021-03-29,"Hrvatskoj narodnoj banci stigao novi set podataka"
2021-03-29,"Hrvatske narodne banke tice se i pitanje likvidnosti"
2021-03-29,"Što središnja banka poručuje o inflacijskim očekivanjima"
2021-03-29,"Analitičari očekuju usporavanje potrošnje"
2021-03-29,"Središnja banka upozorava na sekundarne učinke inflacije"
2021-03-29,"Što središnja banka poručuje o inflacijskim očekivanjima"
2021-03-29,"Guverner najavio nove mjere za kreditni rast"
2021-03-29,"Središnja banka objavila izvješće o financijskoj stabilnosti"
2021-03-29,"Trgovci najavljuju poskupljenje osnovnih namirnica"
2021-03-29,"Odluke središnje banke i cijene stambenih kredita"
2021-03-29,"HNB: pritisak na cijene hrane popusta"
2021-04-05,"Ministarstvo financija objavilo prihode proračuna"
2021-04-05,"Hrvatskoj narodnoj banci stigao novi set podataka"
2021-04-05,"Vujčić: inflacija se vraća prema cilju"
2021-04-05,"Središnja banka objavila izvješće o financijskoj stabilnosti"
2021-04-05,"Hrvatska narodna banka o rastu cijena energenata"
2021-04-05,"Analitičari očekuju usporavanje potrošnje"
2021-04-05,"Guverner najavio nove mjere za kreditni rast"
2021-04-05,"Vlada produljila mjere ograničavanja cijena"
2021-04-05,"Poskupljenje električne energije od sljedećeg mjeseca"
2021-04-05,"Vujčić: inflacija se vraća prema cilju"
2021-04-05,"Eurostat objavio nove podatke o zaposlenosti"
2021-04-05,"Hrvatske narodne banke tice se i pitanje likvidnosti"
2021-04-05,"HNB: pritisak na cijene hrane popusta"
2021-04-05,"Trgovci najavljuju poskupljenje osnovnih namirnica"
2021-04-05,"Guverner Vujčić o kretanju cijena u idućoj godini"
2021-04-05,"Središnja banka upozorava na sekundarne učinke inflacije"
2021-04-05,"Središnja banka procjenjuje učinke uvođenja eura"
2021-04-05,"Sindikati traže povećanje minimalne plaće"
2021-04-05,"Hrvatske narodne banke tice se i pitanje likvidnosti"
2021-04-05,"Trgovci najavljuju poskupljenje osnovnih namirnica"
2021-04-05,"Sindikati traže povećanje minimalne plaće"
2021-04-05,"Središnjoj banci stigli novi podaci o kreditima kućanstava"
2021-04-05,"Cijene goriva ponovno rastu na benzinskim postajama"
2021-04-05,"Hrvatske narodne banke tice se i pitanje likvidnosti"
2021-04-05,"Cijene goriva ponovno rastu na benzinskim postajama"
2021-04-05,"Sindikati traže povećanje minimalne plaće"
2021-04-05,"Ministarstvo financija objavilo prihode proračuna"
2021-04-05,"Turistička sezona nadmašila očekivanja"
2021-04-05,"Guverner Vujčić o kretanju cijena u idućoj godini"
2021-04-05,"Odluke središnje banke i cijene stambenih kredita"
2021-04-05,"Središnja banka procjenjuje učinke uvođenja eura"
2021-04-05,"Hrvatskoj narodnoj banci stigao novi set podataka"
2021-04-05,"Poskupljenje električne energije od sljedećeg mjeseca"
2021-04-05,"Što središnja banka poručuje o inflacijskim očekivanjima"
2021-04-05,"Odluke središnje banke i cijene stambenih kredita"
2021-04-05,"HNB: depoziti kucanstava i dalje rastu"
2021-04-05,"Guverner Vujčić o kretanju cijena u idućoj godini"
2021-04-05,"Vlada produljila mjere ograničavanja cijena"
2021-04-05,"Poskupljenje električne energije od sljedećeg mjeseca"
2021-04-05,"Analitičari očekuju usporavanje potrošnje"
2021-04-05,"Hrvatska narodna banka o rastu cijena energenata"
2021-04-05,"Odluke središnje banke i cijene stambenih kredita"
2021-04-05,"Eurostat objavio nove podatke o zaposlenosti"
2021-04-05,"Vlada produljila mjere ograničavanja cijena"
2021-04-05,"HNB objavio tjedni pregled deviznog trzista"
2021-04-05,"Središnja banka upozorava na sekundarne učinke inflacije"
2021-04-05,"HNB: pritisak na cijene hrane popusta"
2021-04-05,"Hrvatskoj narodnoj banci stigao novi set podataka"
2021-04-05,"Središnja banka objavila izvješće o financijskoj stabilnosti"
2021-04-05,"Hrvatskoj narodnoj banci stigao novi set podataka"
2021-04-05,"Hrvatskoj narodnoj banci stigao novi set podataka"
2021-04-12,"Središnja banka procjenjuje učinke uvođenja eura"
2021-04-12,"Središnja banka objavila izvješće o financijskoj stabilnosti"
2021-04-12,"Hrvatske narodne banke tice se i pitanje likvidnosti"
2021-04-12,"Guverner Vujčić o kretanju cijena u idućoj godini"
2021-04-12,"Turistička sezona nadmašila očekivanja"
2021-04-12,"Središnja banka procjenjuje učinke uvođenja eura"
2021-04-12,"HNB: depoziti kucanstava i dalje rastu"
2021-04-12,"HNB: depoziti kucanstava i dalje rastu"
2021-04-12,"Turistička sezona nadmašila očekivanja"
2021-04-12,"Guverner Vujčić o kretanju cijena u idućoj godini"
2021-04-12,"Središnja banka upozorava na sekundarne učinke inflacije"
2021-04-12,"Sindikati traže povećanje minimalne plaće"
2021-04-12,"Odluke središnje banke i cijene stambenih kredita"
2021-04-12,"Središnja banka objavila izvješće o financijskoj stabilnosti"
2021-04-12,"Turistička sezona nadmašila očekivanja"
2021-04-12,"Ministarstvo financija objavilo prihode proračuna"
2021-04-12,"Cijene goriva ponovno rastu na benzinskim postajama"
2021-04-12,"HNB objavio tjedni pregled deviznog trzista"
2021-04-12,"Središnja banka procjenjuje učinke uvođenja eura"
2021-04-12,"Središnja banka upozorava na sekundarne učinke inflacije"
2021-04-12,"Sindikati traže povećanje minimalne plaće"
2021-04-12,"Guverner najavio nove mjere za kreditni rast"
2021-04-12,"HNB objavio tjedni pregled deviznog trzista"
2021-04-12,"Guverner najavio nove mjere za kreditni rast"
2021-04-12,"Guverner Vujčić o kretanju cijena u idućoj godini"
2021-04-12,"Vlada produljila mjere ograničavanja cijena"
2021-04-12,"HNB: depoziti kucanstava i dalje rastu"
2021-04-12,"Poskupljenje električne energije od sljedećeg mjeseca"
2021-04-12,"Sindikati traže povećanje minimalne plaće"
2021-04-12,"Što središnja banka poručuje o inflacijskim očekivanjima"
2021-04-12,"Središnja banka upozorava na sekundarne učinke inflacije"
2021-04-12,"Sindikati traže povećanje minimalne plaće"
2021-04-12,"Turistička sezona nadmašila očekivanja"
2021-04-12,"Odluke središnje banke i cijene stambenih kredita"
2021-04-12,"Vlada produljila mjere ograničavanja cijena"
2021-04-12,"Vlada produljila mjere ograničavanja cijena"
2021-04-12,"Hrvatskoj narodnoj banci stigao novi set podataka"
2021-04-12,"Središnja banka objavila izvješće o financijskoj stabilnosti"
2021-04-12,"Eurostat objavio nove podatke o zaposlenosti"
2021-04-12,"Središnjoj banci stigli novi podaci o kreditima kućanstava"
2021-04-12,"HNB: depoziti kucanstava i dalje rastu"
2021-04-12,"Hrvatskoj narodnoj banci stigao novi set podataka"
2021-04-12,"Cijene goriva ponovno rastu na benzinskim postajama"
2021-04-12,"Središnja banka procjenjuje učinke uvođenja eura"
2021-04-12,"HNB: pritisak na cijene hrane popusta"
2021-04-12,"Cijene stanova u Zagrebu nastavile rast"
2021-04-12,"Cijene goriva ponovno rastu na benzinskim postajama"
2021-04-12,"Turistička sezona nadmašila očekivanja"
2021-04-12,"Guvernerova ocjena inflacijskih očekivanja kućanstava"
2021-04-12,"HNB: depoziti kucanstava i dalje rastu"
2021-04-12,"Cijene stanova u Zagrebu nastavile rast"
2021-04-19,"Sindikati traže povećanje minimalne plaće"
2021-04-19,"Guverner Vujčić o kretanju cijena u idućoj godini"
2021-04-19,"Središnjoj banci stigli novi podaci o kreditima kućanstava"
2021-04-19,"Poskupljenje električne energije od sljedećeg mjeseca"
2021-04-19,"Turistička sezona nadmašila očekivanja"
2021-04-19,"Poskupljenje električne energije od sljedećeg mjeseca"
2021-04-19,"Hrvatske narodne banke tice se i pitanje likvidnosti"
2021-04-19,"Što središnja banka poručuje o inflacijskim očekivanjima"
2021-04-19,"Cijene stanova u Zagrebu nastavile rast"
2021-04-19,"Središnjoj banci stigli novi podaci o kreditima kućanstava"
2021-04-19,"HNB objavio tjedni pregled deviznog trzista"
2021-04-19,"Vujčić: inflacija se vraća prema cilju"
2021-04-19,"Središnja banka objavila izvješće o financijskoj stabilnosti"
2021-04-19,"Guverner Vujčić o kretanju cijena u idućoj godini"
2021-04-19,"Hrvatska narodna banka o rastu cijena energenata"
2021-04-19,"Turistička sezona nadmašila očekivanja"
2021-04-19,"Središnja banka objavila izvješće o financijskoj stabilnosti"
2021-04-19,"Odluke središnje banke i cijene stambenih kredita"
2021-04-19,"Što središnja banka poručuje o inflacijskim očekivanjima"
2021-04-19,"Središnja banka objavila izvješće o financijskoj stabilnosti"
2021-04-19,"Središnja banka objavila izvješće o financijskoj stabilnosti"
2021-04-19,"Središnjoj banci stigli novi podaci o kreditima kućanstava"
2021-04-19,"Eurostat objavio nove podatke o zaposlenosti"
2021-04-19,"Središnja banka upozorava na sekundarne učinke inflacije"
2021-04-19,"Vlada produljila mjere ograničavanja cijena"
2021-04-19,"Sindikati traže povećanje minimalne plaće"
2021-04-19,"Sindikati traže povećanje minimalne plaće"
2021-04-19,"Guvernerova ocjena inflacijskih očekivanja kućanstava"
2021-04-19,"HNB objavio tjedni pregled deviznog trzista"
2021-04-19,"Središnja banka procjenjuje učinke uvođenja eura"
2021-04-19,"Ministarstvo financija objavilo prihode proračuna"
2021-04-19,"Cijene goriva ponovno rastu na benzinskim postajama"
2021-04-19,"HNB objavio tjedni pregled deviznog trzista"
2021-04-19,"Guverner Vujčić o kretanju cijena u idućoj godini"
2021-04-19,"Poskupljenje električne energije od sljedećeg mjeseca"
2021-04-19,"Hrvatske narodne banke tice se i pitanje likvidnosti"
2021-04-19,"Cijene stanova u Zagrebu nastavile rast"
2021-04-19,"Središnja banka procjenjuje učinke uvođenja eura"
2021-04-19,"Poskupljenje električne energije od sljedećeg mjeseca"
2021-04-19,"Hrvatskoj narodnoj banci stigao novi set podataka"
2021-04-19,"Sindikati traže povećanje minimalne plaće"
2021-04-19,"Središnjoj banci stigli novi podaci o kreditima kućanstava"
2021-04-19,"Sindikati traže povećanje minimalne plaće"
2021-04-19,"Odluke središnje banke i cijene stambenih kredita"
2021-04-19,"Cijene stanova u Zagrebu nastavile rast"
2021-04-19,"Guverner Vujčić o kretanju cijena u idućoj godini"
2021-04-19,"Hrvatske narodne banke tice se i pitanje likvidnosti"
2021-04-26,"Guvernerova ocjena inflacijskih očekivanja kućanstava"
2021-04-26,"Ministarstvo financija objavilo prihode proračuna"
2021-04-26,"Vlada produljila mjere ograničavanja cijena"
2021-04-26,"Središnjoj banci stigli novi podaci o kreditima kućanstava"
2021-04-26,"Guverner Vujčić o kretanju cijena u idućoj godini"
2021-04-26,"HNB: pritisak na cijene hrane popusta"
2021-04-26,"Sindikati traže povećanje minimalne plaće"
2021-04-26,"Središnja banka upozorava na sekundarne učinke inflacije"
2021-04-26,"Turistička sezona nadmašila očekivanja"
2021-04-26,"Turistička sezona nadmašila očekivanja"
2021-04-26,"Eurostat objavio nove podatke o zaposlenosti"
2021-04-26,"Vujčić: inflacija se vraća prema cilju"
2021-04-26,"HNB objavio tjedni pregled deviznog trzista"
2021-04-26,"Poskupljenje električne energije od sljedećeg mjeseca"
2021-04-26,"HNB: depoziti kucanstava i dalje rastu"
2021-04-26,"Središnja banka upozorava na sekundarne učinke inflacije"
2021-04-26,"Središnjoj banci stigli novi podaci o kreditima kućanstava"
2021-04-26,"HNB objavio tjedni pregled deviznog trzista"
2021-04-26,"Guvernerova ocjena inflacijskih očekivanja kućanstava"
2021-04-26,"Sindikati traže povećanje minimalne plaće"
2021-04-26,"Turistička sezona nadmašila očekivanja"
2021-04-26,"Središnja banka objavila izvješće o financijskoj stabilnosti"
2021-04-26,"Cijene stanova u Zagrebu nastavile rast"
2021-04-26,"Središnja banka procjenjuje učinke uvođenja eura"
2021-04-26,"Cijene stanova u Zagrebu nastavile rast"
2021-04-26,"Središnja banka upozorava na sekundarne učinke inflacije"
2021-04-26,"Sindikati traže povećanje minimalne plaće"
2021-04-26,"Ministarstvo financija objavilo prihode proračuna"
2021-04-26,"Hrvatskoj narodnoj banci stigao novi set podataka"
2021-04-26,"Vujčić: inflacija se vraća prema cilju"
2021-04-26,"Hrvatskoj narodnoj banci stigao novi set podataka"
2021-04-26,"Sindikati traže povećanje minimalne plaće"
2021-04-26,"Središnja banka procjenjuje učinke uvođenja eura"
2021-04-26,"Turistička sezona nadmašila očekivanja"
2021-04-26,"Središnjoj banci stigli novi podaci o kreditima kućanstava"
2021-04-26,"Analitičari očekuju usporavanje potrošnje"
2021-04-26,"HNB: depoziti kucanstava i dalje rastu"
2021-04-26,"Hrvatske narodne banke tice se i pitanje likvidnosti"
2021-04-26,"Hrvatskoj narodnoj banci stigao novi set podataka"
2021-04-26,"Cijene stanova u Zagrebu nastavile rast"
2021-04-26,"Hrvatske narodne banke tice se i pitanje likvidnosti"
2021-04-26,"Odluke središnje banke i cijene stambenih kredita"
2021-04-26,"HNB objavio tjedni pregled deviznog trzista"
2021-05-03,"Cijene stanova u Zagrebu nastavile rast"
2021-05-03,"Guverner Vujčić o kretanju cijena u idućoj godini"
2021-05-03,"HNB objavio tjedni pregled deviznog trzista"
2021-05-03,"HNB: depoziti kucanstava i dalje rastu"
2021-05-03,"HNB: depoziti kucanstava i dalje rastu"
2021-05-03,"Središnjoj banci stigli novi podaci o kreditima kućanstava"
2021-05-03,"HNB objavio tjedni pregled deviznog trzista"
2021-05-03,"Ministarstvo financija objavilo prihode proračuna"
2021-05-03,"Turistička sezona nadmašila očekivanja"
2021-05-03,"Poskupljenje električne energije od sljedećeg mjeseca"
2021-05-03,"Hrvatskoj narodnoj banci stigao novi set podataka"
2021-05-03,"Središnja banka objavila izvješće o financijskoj stabilnosti"
2021-05-03,"Što središnja banka poručuje o inflacijskim očekivanjima"
2021-05-03,"Turistička sezona nadmašila očekivanja"
2021-05-03,"Vlada produljila mjere ograničavanja cijena"
2021-05-03,"Središnja banka objavila izvješće o financijskoj stabilnosti"
2021-05-03,"Guverner Vujčić o kretanju cijena u idućoj godini"
2021-05-03,"Cijene goriva ponovno rastu na benzinskim postajama"
2021-05-03,"Guverner najavio nove mjere za kreditni rast"
2021-05-03,"Turistička sezona nadmašila očekivanja"
2021-05-03,"Središnja banka objavila izvješće o financijskoj stabilnosti"
2021-05-03,"Vlada produljila mjere ograničavanja cijena"
2021-05-03,"Guverner Vujčić o kretanju cijena u idućoj godini"
2021-05-03,"Hrvatska narodna banka o rastu cijena energenata"
2021-05-03,"Hrvatskoj narodnoj banci stigao novi set podataka"
2021-05-03,"Trgovci najavljuju poskupljenje osnovnih namirnica"
2021-05-03,"Analitičari očekuju usporavanje potrošnje"
2021-05-03,"Središnjoj banci stigli novi podaci o kreditima kućanstava"
2021-05-03,"Vlada produljila mjere ograničavanja cijena"
2021-05-03,"Analitičari očekuju usporavanje potrošnje"
2021-05-03,"HNB objavio tjedni pregled deviznog trzista"
2021-05-03,"HNB objavio tjedni pregled deviznog trzista"
2021-05-03,"Sindikati traže povećanje minimalne plaće"
2021-05-03,"Eurostat objavio nove podatke o zaposlenosti"
2021-05-03,"Vlada produljila mjere ograničavanja cijena"
2021-05-03,"HNB: depoziti kucanstava i dalje rastu"
2021-05-03,"Središnjoj banci stigli novi podaci o kreditima kućanstava"
2021-05-03,"Analitičari očekuju usporavanje potrošnje"
2021-05-03,"Odluke središnje banke i cijene stambenih kredita"
2021-05-03,"Hrvatske narodne banke tice se i pitanje likvidnosti"
2021-05-03,"Hrvatske narodne banke tice se i pitanje likvidnosti"
2021-05-03,"Guverner Vujčić o kretanju cijena u idućoj godini"
2021-05-03,"Središnja banka objavila izvješće o financijskoj stabilnosti"
2021-05-10,"Središnjoj banci stigli novi podaci o kreditima kućanstava"
2021-05-10,"Analitičari očekuju usporavanje potrošnje"
2021-05-10,"HNB objavio tjedni pregled deviznog trzista"
2021-05-10,"Guverner Vujčić o kretanju cijena u idućoj godini"
2021-05-10,"HNB: pritisak na cijene hrane popusta"
2021-05-10,"Središnja banka procjenjuje učinke uvođenja eura"
2021-05-10,"Guvernerova ocjena inflacijskih očekivanja kućanstava"
2021-05-10,"Ministarstvo financija objavilo prihode proračuna"
2021-05-10,"HNB: pritisak na cijene hrane popusta"
2021-05-10,"Cijene stanova u Zagrebu nastavile rast"
2021-05-10,"Što središnja banka poručuje o inflacijskim očekivanjima"
2021-05-10,"Hrvatske narodne banke tice se i pitanje likvidnosti"
2021-05-10,"Cijene goriva ponovno rastu na benzinskim postajama"
2021-05-10,"HNB: pritisak na cijene hrane popusta"
2021-05-10,"Središnja banka procjenjuje učinke uvođenja eura"
2021-05-10,"Guverner najavio nove mjere za kreditni rast"
2021-05-10,"Turistička sezona nadmašila očekivanja"
2021-05-10,"Hrvatske narodne banke tice se i pitanje likvidnosti"
2021-05-10,"Središnja banka procjenjuje učinke uvođenja eura"
2021-05-10,"Cijene goriva ponovno rastu na benzinskim postajama"
2021-05-10,"Guvernerova ocjena inflacijskih očekivanja kućanstava"
2021-05-10,"Središnja banka objavila izvješće o financijskoj stabilnosti"
2021-05-10,"Središnja banka upozorava na sekundarne učinke inflacije"
2021-05-10,"Guverner Vujčić o kretanju cijena u idućoj godini"
2021-05-10,"Središnja banka procjenjuje učinke uvođenja eura"
2021-05-10,"Vlada produljila mjere ograničavanja cijena"
2021-05-10,"Hrvatskoj narodnoj banci stigao novi set podataka"
2021-05-10,"Cijene stanova u Zagrebu nastavile rast"
2021-05-10,"Cijene stanova u Zagrebu nastavile rast"
2021-05-10,"Središnjoj banci stigli novi podaci o kreditima kućanstava"
2021-05-10,"Što središnja banka poručuje o inflacijskim očekivanjima"
2021-05-10,"Cijene goriva ponovno rastu na benzinskim postajama"
2021-05-10,"HNB: depoziti kucanstava i dalje rastu"
2021-05-10,"Ministarstvo financija objavilo prihode proračuna"
2021-05-10,"Analitičari očekuju usporavanje potrošnje"
2021-05-10,"HNB: pritisak na cijene hrane popusta"
2021-05-10,"Analitičari očekuju usporavanje potrošnje"
2021-05-10,"Turistička sezona nadmašila očekivanja"
2021-05-10,"Središnja banka upozorava na sekundarne učinke inflacije"
2021-05-10,"Vlada produljila mjere ograničavanja cijena"
2021-05-10,"Cijene stanova u Zagrebu nastavile rast"
2021-05-17,"Središnja banka upozorava na sekundarne učinke inflacije"
2021-05-17,"Analitičari očekuju usporavanje potrošnje"
2021-05-17,"HNB: depoziti kucanstava i dalje rastu"
2021-05-17,"Guverner najavio nove mjere za kreditni rast"
2021-05-17,"HNB: pritisak na cijene hrane popusta"
2021-05-17,"Cijene goriva ponovno rastu na benzinskim postajama"
2021-05-17,"Guvernerova ocjena inflacijskih očekivanja kućanstava"
2021-05-17,"Središnja banka procjenjuje učinke uvođenja eura"
2021-05-17,"Središnja banka procjenjuje učinke uvođenja eura"
2021-05-17,"Guvernerova ocjena inflacijskih očekivanja kućanstava"
2021-05-17,"Turistička sezona nadmašila očekivanja"
2021-05-17,"Odluke središnje banke i cijene stambenih kredita"
2021-05-17,"Središnja banka upozorava na sekundarne učinke inflacije"
2021-05-17,"Središnja banka objavila izvješće o financijskoj stabilnosti"
2021-05-17,"Analitičari očekuju usporavanje potrošnje"
2021-05-17,"HNB: depoziti kucanstava i dalje rastu"
2021-05-17,"Trgovci najavljuju poskupljenje osnovnih namirnica"
2021-05-17,"Cijene goriva ponovno rastu na benzinskim postajama"
2021-05-17,"Hrvatske narodne banke tice se i pitanje likvidnosti"
2021-05-17,"Guverner Vujčić o kretanju cijena u idućoj godini"
2021-05-17,"Vlada produljila mjere ograničavanja cijena"
2021-05-17,"Hrvatska narodna banka o rastu cijena energenata"
2021-05-17,"Poskupljenje električne energije od sljedećeg mjeseca"
2021-05-17,"Vlada produljila mjere ograničavanja cijena"
2021-05-17,"Vujčić: inflacija se vraća prema cilju"
2021-05-17,"Cijene stanova u Zagrebu nastavile rast"
2021-05-17,"Hrvatska narodna banka o rastu cijena energenata"
2021-05-17,"Središnja banka procjenjuje učinke uvođenja eura"
2021-05-17,"Analitičari očekuju usporavanje potrošnje"
2021-05-17,"Analitičari očekuju usporavanje potrošnje"
2021-05-17,"Središnja banka objavila izvješće o financijskoj stabilnosti"
2021-05-17,"Guverner Vujčić o kretanju cijena u idućoj godini"
2021-05-17,"Analitičari očekuju usporavanje potrošnje"
2021-05-17,"Odluke središnje banke i cijene stambenih kredita"
2021-05-17,"Središnja banka upozorava na sekundarne učinke inflacije"
2021-05-17,"Ministarstvo financija objavilo prihode proračuna"
2021-05-17,"HNB: depoziti kucanstava i dalje rastu"
2021-05-17,"Poskupljenje električne energije od sljedećeg mjeseca"
2021-05-17,"Središnjoj banci stigli novi podaci o kreditima kućanstava"
2021-05-17,"Hrvatska narodna banka o rastu cijena energenata"
2021-05-17,"Analitičari očekuju usporavanje potrošnje"
2021-05-17,"Cijene stanova u Zagrebu nastavile rast"
2021-05-17,"Središnja banka upozorava na sekundarne učinke inflacije"
2021-05-17,"Trgovci najavljuju poskupljenje osnovnih namirnica"
2021-05-17,"Središnjoj banci stigli novi podaci o kreditima kućanstava"
2021-05-17,"Trgovci najavljuju poskupljenje osnovnih namirnica"
2021-05-17,"Što središnja banka poručuje o inflacijskim očekivanjima"
2021-05-17,"Središnja banka objavila izvješće o financijskoj stabilnosti"
2021-05-17,"Središnja banka upozorava na sekundarne učinke inflacije"
2021-05-17,"Poskupljenje električne energije od sljedećeg mjeseca"
2021-05-17,"Središnja banka objavila izvješće o financijskoj stabilnosti"
2021-05-24,"HNB: depoziti kucanstava i dalje rastu"
2021-05-24,"Turistička sezona nadmašila očekivanja"
2021-05-24,"Hrvatskoj narodnoj banci stigao novi set podataka"
2021-05-24,"Sindikati traže povećanje minimalne plaće"
2021-05-24,"Što središnja banka poručuje o inflacijskim očekivanjima"
2021-05-24,"Hrvatskoj narodnoj banci stigao novi set podataka"
2021-05-24,"Poskupljenje električne energije od sljedećeg mjeseca"
2021-05-24,"Guverner najavio nove mjere za kreditni rast"
2021-05-24,"Što središnja banka poručuje o inflacijskim očekivanjima"
2021-05-24,"Središnja banka upozorava na sekundarne učinke inflacije"
2021-05-24,"HNB objavio tjedni pregled deviznog trzista"
2021-05-24,"Trgovci najavljuju poskupljenje osnovnih namirnica"
2021-05-24,"Vujčić: inflacija se vraća prema cilju"
2021-05-24,"Poskupljenje električne energije od sljedećeg mjeseca"
2021-05-24,"HNB objavio tjedni pregled deviznog trzista"
2021-05-24,"Središnja banka objavila izvješće o financijskoj stabilnosti"
2021-05-24,"Središnja banka upozorava na sekundarne učinke inflacije"
2021-05-24,"Središnja banka objavila izvješće o financijskoj stabilnosti"
2021-05-24,"Cijene goriva ponovno rastu na benzinskim postajama"
2021-05-24,"Središnjoj banci stigli novi podaci o kreditima kućanstava"
2021-05-24,"Vlada produljila mjere ograničavanja cijena"
2021-05-24,"Guverner najavio nove mjere za kreditni rast"
2021-05-24,"Hrvatskoj narodnoj banci stigao novi set podataka"
2021-05-24,"Odluke središnje banke i cijene stambenih kredita"
2021-05-24,"Ministarstvo financija objavilo prihode proračuna"
2021-05-24,"Središnja banka objavila izvješće o financijskoj stabilnosti"
2021-05-24,"Odluke središnje banke i cijene stambenih kredita"
2021-05-24,"HNB objavio tjedni pregled deviznog trzista"
2021-05-24,"Guvernerova ocjena inflacijskih očekivanja kućanstava"
2021-05-24,"Turistička sezona nadmašila očekivanja"
2021-05-24,"HNB: depoziti kucanstava i dalje rastu"
2021-05-24,"HNB: pritisak na cijene hrane popusta"
2021-05-24,"Vlada produljila mjere ograničavanja cijena"
2021-05-24,"Eurostat objavio nove podatke o zaposlenosti"
2021-05-24,"Analitičari očekuju usporavanje potrošnje"
2021-05-24,"Guverner Vujčić o kretanju cijena u idućoj godini"
2021-05-24,"Središnja banka objavila izvješće o financijskoj stabilnosti"
2021-05-24,"Poskupljenje električne energije od sljedećeg mjeseca"
2021-05-24,"Što središnja banka poručuje o inflacijskim očekivanjima"
2021-05-24,"Trgovci najavljuju poskupljenje osnovnih namirnica"
2021-05-24,"HNB: pritisak na cijene hrane popusta"
2021-05-24,"Cijene stanova u Zagrebu nastavile rast"
2021-05-24,"HNB objavio tjedni pregled deviznog trzista"
2021-05-24,"Guverner Vujčić o kretanju cijena u idućoj godini"
2021-05-24,"Ministarstvo financija objavilo prihode proračuna"
2021-05-24,"Središnjoj banci stigli novi podaci o kreditima kućanstava"
2021-05-24,"Središnja banka upozorava na sekundarne učinke inflacije"
2021-05-24,"Što središnja banka poručuje o inflacijskim očekivanjima"
2021-05-24,"Trgovci najavljuju poskupljenje osnovnih namirnica"
2021-05-24,"Ministarstvo financija objavilo prihode proračuna"
2021-05-24,"Trgovci najavljuju poskupljenje osnovnih namirnica"
2021-05-24,"Turistička sezona nadmašila očekivanja"
2021-05-24,"Vlada produljila mjere ograničavanja cijena"
2021-05-31,"Ministarstvo financija objavilo prihode proračuna"
2021-05-31,"HNB: depoziti kucanstava i dalje rastu"
2021-05-31,"Što središnja banka poručuje o inflacijskim očekivanjima"
2021-05-31,"Središnja banka upozorava na sekundarne učinke inflacije"
2021-05-31,"Poskupljenje električne energije od sljedećeg mjeseca"
2021-05-31,"Cijene goriva ponovno rastu na benzinskim postajama"
2021-05-31,"Guvernerova ocjena inflacijskih očekivanja kućanstava"
2021-05-31,"HNB objavio tjedni pregled deviznog trzista"
2021-05-31,"Središnja banka objavila izvješće o financijskoj stabilnosti"
2021-05-31,"Sindikati traže povećanje minimalne plaće"
2021-05-31,"HNB: depoziti kucanstava i dalje rastu"
2021-05-31,"Hrvatska narodna banka o rastu cijena energenata"
2021-05-31,"Hrvatske narodne banke tice se i pitanje likvidnosti"
2021-05-31,"Središnja banka upozorava na sekundarne učinke inflacije"
2021-05-31,"HNB: depoziti kucanstava i dalje rastu"
2021-05-31,"Hrvatske narodne banke tice se i pitanje likvidnosti"
2021-05-31,"Poskupljenje električne energije od sljedećeg mjeseca"
2021-05-31,"Guverner Vujčić o kretanju cijena u idućoj godini"
2021-05-31,"Središnja banka upozorava na sekundarne učinke inflacije"
2021-05-31,"Poskupljenje električne energije od sljedećeg mjeseca"
2021-05-31,"Hrvatskoj narodnoj banci stigao novi set podataka"
2021-05-31,"Cijene stanova u Zagrebu nastavile rast"
2021-05-31,"Cijene goriva ponovno rastu na benzinskim postajama"
2021-05-31,"Cijene stanova u Zagrebu nastavile rast"
2021-05-31,"Poskupljenje električne energije od sljedećeg mjeseca"
2021-05-31,"Guverner Vujčić o kretanju cijena u idućoj godini"
2021-05-31,"HNB: depoziti kucanstava i dalje rastu"
2021-05-31,"Ministarstvo financija objavilo prihode proračuna"
2021-05-31,"Središnja banka upozorava na sekundarne učinke inflacije"
2021-05-31,"Hrvatskoj narodnoj banci stigao novi set podataka"
2021-05-31,"Odluke središnje banke i cijene stambenih kredita"
2021-05-31,"Hrvatska narodna banka o rastu cijena energenata"
2021-05-31,"Središnja banka upozorava na sekundarne učinke inflacije"
2021-05-31,"Eurostat objavio nove podatke o zaposlenosti"
2021-05-31,"Cijene stanova u Zagrebu nastavile rast"
2021-05-31,"Vlada produljila mjere ograničavanja cijena"
2021-05-31,"Hrvatska narodna banka o rastu cijena energenata"
2021-05-31,"Turistička sezona nadmašila očekivanja"
2021-05-31,"Hrvatska narodna banka o rastu cijena energenata"
2021-05-31,"Središnja banka objavila izvješće o financijskoj stabilnosti"
2021-05-31,"Poskupljenje električne energije od sljedećeg mjeseca"
2021-05-31,"Guvernerova ocjena inflacijskih očekivanja kućanstava"
2021-05-31,"Hrvatske narodne banke tice se i pitanje likvidnosti"
2021-05-31,"Guverner Vujčić o kretanju cijena u idućoj godini"
2021-05-31,"Ministarstvo financija objavilo prihode proračuna"
2021-05-31,"Cijene goriva ponovno rastu na benzinskim postajama"
2021-05-31,"HNB: depoziti kucanstava i dalje rastu"
2021-05-31,"Vlada produljila mjere ograničavanja cijena"
2021-05-31,"Guverner Vujčić o kretanju cijena u idućoj godini"
2021-06-07,"Odluke središnje banke i cijene stambenih kredita"
2021-06-07,"Turistička sezona nadmašila očekivanja"
2021-06-07,"Hrvatske narodne banke tice se i pitanje likvidnosti"
2021-06-07,"HNB objavio tjedni pregled deviznog trzista"
2021-06-07,"Guvernerova ocjena inflacijskih očekivanja kućanstava"
2021-06-07,"Središnja banka procjenjuje učinke uvođenja eura"
2021-06-07,"Odluke središnje banke i cijene stambenih kredita"
2021-06-07,"Hrvatska narodna banka o rastu cijena energenata"
2021-06-07,"Turistička sezona nadmašila očekivanja"
2021-06-07,"Cijene goriva ponovno rastu na benzinskim postajama"
2021-06-07,"Turistička sezona nadmašila očekivanja"
2021-06-07,"Odluke središnje banke i cijene stambenih kredita"
2021-06-07,"Vlada produljila mjere ograničavanja cijena"
2021-06-07,"Sindikati traže povećanje minimalne plaće"
2021-06-07,"Odluke središnje banke i cijene stambenih kredita"
2021-06-07,"HNB objavio tjedni pregled deviznog trzista"
2021-06-07,"Središnja banka objavila izvješće o financijskoj stabilnosti"
2021-06-07,"Guvernerova ocjena inflacijskih očekivanja kućanstava"
2021-06-07,"Središnja banka upozorava na sekundarne učinke inflacije"
2021-06-07,"Vujčić: inflacija se vraća prema cilju"
2021-06-07,"Guvernerova ocjena inflacijskih očekivanja kućanstava"
2021-06-07,"Hrvatske narodne banke tice se i pitanje likvidnosti"
2021-06-07,"Ministarstvo financija objavilo prihode proračuna"
2021-06-07,"Eurostat objavio nove podatke o zaposlenosti"
2021-06-07,"Odluke središnje banke i cijene stambenih kredita"
2021-06-07,"Turistička sezona nadmašila očekivanja"
2021-06-07,"Ministarstvo financija objavilo prihode proračuna"
2021-06-07,"Trgovci najavljuju poskupljenje osnovnih namirnica"
2021-06-07,"Središnja banka upozorava na sekundarne učinke inflacije"
2021-06-07,"Hrvatske narodne banke tice se i pitanje likvidnosti"
2021-06-07,"Što središnja banka poručuje o inflacijskim očekivanjima"
2021-06-07,"Odluke središnje banke i cijene stambenih kredita"
2021-06-07,"HNB: depoziti kucanstava i dalje rastu"
2021-06-07,"Cijene stanova u Zagrebu nastavile rast"
2021-06-07,"Turistička sezona nadmašila očekivanja"
2021-06-07,"Turistička sezona nadmašila očekivanja"
2021-06-07,"Odluke središnje banke i cijene stambenih kredita"
2021-06-07,"Cijene goriva ponovno rastu na benzinskim postajama"
2021-06-07,"Hrvatske narodne banke tice se i pitanje likvidnosti"
2021-06-07,"Središnjoj banci stigli novi podaci o kreditima kućanstava"
2021-06-07,"HNB objavio tjedni pregled deviznog trzista"
2021-06-07,"Vlada produljila mjere ograničavanja cijena"
2021-06-07,"Središnjoj banci stigli novi podaci o kreditima kućanstava"
2021-06-07,"Guvernerova ocjena inflacijskih očekivanja kućanstava"
2021-06-07,"Guvernerova ocjena inflacijskih očekivanja kućanstava"
2021-06-07,"Što središnja banka poručuje o inflacijskim očekivanjima"
2021-06-07,"Cijene goriva ponovno rastu na benzinskim postajama"
2021-06-07,"Analitičari očekuju usporavanje potrošnje"
2021-06-07,"Analitičari očekuju usporavanje potrošnje"
2021-06-14,"Hrvatska narodna banka o rastu cijena energenata"
2021-06-14,"Trgovci najavljuju poskupljenje osnovnih namirnica"
2021-06-14,"Trgovci najavljuju poskupljenje osnovnih namirnica"
2021-06-14,"Ministarstvo financija objavilo prihode proračuna"
2021-06-14,"Trgovci najavljuju poskupljenje osnovnih namirnica"
2021-06-14,"Središnja banka procjenjuje učinke uvođenja eura"
2021-06-14,"Hrvatska narodna banka o rastu cijena energenata"
2021-06-14,"Eurostat objavio nove podatke o zaposlenosti"
2021-06-14,"Guverner najavio nove mjere za kreditni rast"
2021-06-14,"Turistička sezona nadmašila očekivanja"
2021-06-14,"Trgovci najavljuju poskupljenje osnovnih namirnica"
2021-06-14,"Guverner najavio nove mjere za kreditni rast"
2021-06-14,"Što središnja banka poručuje o inflacijskim očekivanjima"
2021-06-14,"Guverner Vujčić o kretanju cijena u idućoj godini"
2021-06-14,"Poskupljenje električne energije od sljedećeg mjeseca"
2021-06-14,"Analitičari očekuju usporavanje potrošnje"
2021-06-14,"Središnjoj banci stigli novi podaci o kreditima kućanstava"
2021-06-14,"Odluke središnje banke i cijene stambenih kredita"
2021-06-14,"Vlada produljila mjere ograničavanja cijena"
2021-06-14,"Što središnja banka poručuje o inflacijskim očekivanjima"
2021-06-14,"Turistička sezona nadmašila očekivanja"
2021-06-14,"Središnja banka objavila izvješće o financijskoj stabilnosti"
2021-06-14,"Središnjoj banci stigli novi podaci o kreditima kućanstava"
2021-06-14,"Središnja banka objavila izvješće o financijskoj stabilnosti"
2021-06-14,"Cijene stanova u Zagrebu nastavile rast"
2021-06-14,"Središnjoj banci stigli novi podaci o kreditima kućanstava"
2021-06-14,"Hrvatske narodne banke tice se i pitanje likvidnosti"
2021-06-14,"HNB objavio tjedni pregled deviznog trzista"
2021-06-14,"Eurostat objavio nove podatke o zaposlenosti"
2021-06-14,"Sindikati traže povećanje minimalne plaće"
2021-06-14,"Guverner najavio nove mjere za kreditni rast"
2021-06-14,"Hrvatska narodna banka o rastu cijena energenata"
2021-06-14,"HNB: depoziti kucanstava i dalje rastu"
2021-06-14,"Što središnja banka poručuje o inflacijskim očekivanjima"
2021-06-14,"Što središnja banka poručuje o inflacijskim očekivanjima"
2021-06-14,"Ministarstvo financija objavilo prihode proračuna"
2021-06-14,"Guverner najavio nove mjere za kreditni rast"
2021-06-14,"Sindikati traže povećanje minimalne plaće"
2021-06-14,"Hrvatskoj narodnoj banci stigao novi set podataka"
2021-06-14,"Guvernerova ocjena inflacijskih očekivanja kućanstava"
2021-06-14,"Odluke središnje banke i cijene stambenih kredita"
2021-06-14,"Što središnja banka poručuje o inflacijskim očekivanjima"
2021-06-14,"Središnja banka upozorava na sekundarne učinke inflacije"
2021-06-14,"Hrvatskoj narodnoj banci stigao novi set podataka"
2021-06-14,"Odluke središnje banke i cijene stambenih kredita"
2021-06-14,"Analitičari očekuju usporavanje potrošnje"
2021-06-14,"Ministarstvo financija objavilo prihode proračuna"
2021-06-21,"Odluke središnje banke i cijene stambenih kredita"
2021-06-21,"Što središnja banka poručuje o inflacijskim očekivanjima"
2021-06-21,"Trgovci najavljuju poskupljenje osnovnih namirnica"
2021-06-21,"Hrvatskoj narodnoj banci stigao novi set podataka"
2021-06-21,"Eurostat objavio nove podatke o zaposlenosti"
2021-06-21,"Središnja banka procjenjuje učinke uvođenja eura"
2021-06-21,"HNB: depoziti kucanstava i dalje rastu"
2021-06-21,"HNB objavio tjedni pregled deviznog trzista"
2021-06-21,"Eurostat objavio nove podatke o zaposlenosti"
2021-06-21,"Turistička sezona nadmašila očekivanja"
2021-06-21,"Cijene goriva ponovno rastu na benzinskim postajama"
2021-06-21,"Turistička sezona nadmašila očekivanja"
2021-06-21,"HNB: pritisak na cijene hrane popusta"
2021-06-21,"Guverner Vujčić o kretanju cijena u idućoj godini"
2021-06-21,"Vujčić: inflacija se vraća prema cilju"
2021-06-21,"Hrvatskoj narodnoj banci stigao novi set podataka"
2021-06-21,"Središnja banka objavila izvješće o financijskoj stabilnosti"
2021-06-21,"Središnja banka procjenjuje učinke uvođenja eura"
2021-06-21,"Hrvatska narodna banka o rastu cijena energenata"
2021-06-21,"Središnja banka objavila izvješće o financijskoj stabilnosti"
2021-06-21,"Hrvatske narodne banke tice se i pitanje likvidnosti"
2021-06-21,"HNB objavio tjedni pregled deviznog trzista"
2021-06-21,"Hrvatske narodne banke tice se i pitanje likvidnosti"
2021-06-21,"Vlada produljila mjere ograničavanja cijena"
2021-06-21,"Cijene goriva ponovno rastu na benzinskim postajama"
2021-06-21,"Vujčić: inflacija se vraća prema cilju"
2021-06-21,"Poskupljenje električne energije od sljedećeg mjeseca"
2021-06-21,"Središnja banka objavila izvješće o financijskoj stabilnosti"
2021-06-21,"Guverner najavio nove mjere za kreditni rast"
2021-06-21,"Vujčić: inflacija se vraća prema cilju"
2021-06-21,"HNB: depoziti kucanstava i dalje rastu"
2021-06-21,"Vujčić: inflacija se vraća prema cilju"
2021-06-21,"Središnjoj banci stigli novi podaci o kreditima kućanstava"
2021-06-21,"Cijene stanova u Zagrebu nastavile rast"
2021-06-21,"Središnjoj banci stigli novi podaci o kreditima kućanstava"
2021-06-21,"Trgovci najavljuju poskupljenje osnovnih namirnica"
2021-06-21,"Cijene goriva ponovno rastu na benzinskim postajama"
2021-06-21,"Sindikati traže povećanje minimalne plaće"
2021-06-21,"Poskupljenje električne energije od sljedećeg mjeseca"
2021-06-21,"Što središnja banka poručuje o inflacijskim očekivanjima"
2021-06-21,"Poskupljenje električne energije od sljedećeg mjeseca"
2021-06-21,"Hrvatskoj narodnoj banci stigao novi set podataka"
2021-06-21,"HNB: depoziti kucanstava i dalje rastu"
2021-06-21,"Ministarstvo financija objavilo prihode proračuna"
2021-06-21,"Ministarstvo financija objavilo prihode proračuna"
2021-06-21,"Odluke središnje banke i cijene stambenih kredita"
2021-06-21,"Sindikati traže povećanje minimalne plaće"
2021-06-21,"Hrvatskoj narodnoj banci stigao novi set podataka"
2021-06-21,"Sindikati traže povećanje minimalne plaće"
2021-06-28,"Vujčić: inflacija se vraća prema cilju"
2021-06-28,"Analitičari očekuju usporavanje potrošnje"
2021-06-28,"Cijene stanova u Zagrebu nastavile rast"
2021-06-28,"Sindikati traže povećanje minimalne plaće"
2021-06-28,"HNB objavio tjedni pregled deviznog trzista"
2021-06-28,"Cijene goriva ponovno rastu na benzinskim postajama"
2021-06-28,"Središnja banka objavila izvješće o financijskoj stabilnosti"
2021-06-28,"Hrvatskoj narodnoj banci stigao novi set podataka"
2021-06-28,"Guvernerova ocjena inflacijskih očekivanja kućanstava"
2021-06-28,"Hrvatska narodna banka o rastu cijena energenata"
2021-06-28,"Hrvatska narodna banka o rastu cijena energenata"
2021-06-28,"Ministarstvo financija objavilo prihode proračuna"
2021-06-28,"Središnja banka objavila izvješće o financijskoj stabilnosti"
2021-06-28,"Hrvatska narodna banka o rastu cijena energenata"
2021-06-28,"Središnja banka procjenjuje učinke uvođenja eura"
2021-06-28,"Poskupljenje električne energije od sljedećeg mjeseca"
2021-06-28,"Analitičari očekuju usporavanje potrošnje"
2021-06-28,"Cijene goriva ponovno rastu na benzinskim postajama"
2021-06-28,"Središnja banka procjenjuje učinke uvođenja eura"
2021-06-28,"Guverner Vujčić o kretanju cijena u idućoj godini"
2021-06-28,"HNB: depoziti kucanstava i dalje rastu"
2021-06-28,"Središnja banka upozorava na sekundarne učinke inflacije"
2021-06-28,"Analitičari očekuju usporavanje potrošnje"
2021-06-28,"HNB objavio tjedni pregled deviznog trzista"
2021-06-28,"Guverner Vujčić o kretanju cijena u idućoj godini"
2021-06-28,"Središnja banka objavila izvješće o financijskoj stabilnosti"
2021-06-28,"Trgovci najavljuju poskupljenje osnovnih namirnica"
2021-06-28,"Odluke središnje banke i cijene stambenih kredita"
2021-06-28,"Vujčić: inflacija se vraća prema cilju"
2021-06-28,"HNB: depoziti kucanstava i dalje rastu"
2021-06-28,"Ministarstvo financija objavilo prihode proračuna"
2021-06-28,"Poskupljenje električne energije od sljedećeg mjeseca"
2021-06-28,"Središnja banka procjenjuje učinke uvođenja eura"
2021-06-28,"Odluke središnje banke i cijene stambenih kredita"
2021-06-28,"HNB: depoziti kucanstava i dalje rastu"
2021-06-28,"Eurostat objavio nove podatke o zaposlenosti"
2021-06-28,"Eurostat objavio nove podatke o zaposlenosti"
2021-06-28,"Guverner najavio nove mjere za kreditni rast"
2021-06-28,"Hrvatska narodna banka o rastu cijena energenata"
2021-06-28,"Hrvatske narodne banke tice se i pitanje likvidnosti"
2021-06-28,"Što središnja banka poručuje o inflacijskim očekivanjima"
2021-06-28,"Sindikati traže povećanje minimalne plaće"
2021-06-28,"Ministarstvo financija objavilo prihode proračuna"
2021-06-28,"HNB: pritisak na cijene hrane popusta"
2021-06-28,"Sindikati traže povećanje minimalne plaće"
2021-06-28,"HNB: depoziti kucanstava i dalje rastu"
2021-06-28,"Trgovci najavljuju poskupljenje osnovnih namirnica"
2021-07-05,"Hrvatskoj narodnoj banci stigao novi set podataka"
2021-07-05,"Hrvatske narodne banke tice se i pitanje likvidnosti"
2021-07-05,"Hrvatskoj narodnoj banci stigao novi set podataka"
2021-07-05,"Analitičari očekuju usporavanje potrošnje"
2021-07-05,"Središnja banka upozorava na sekundarne učinke inflacije"
2021-07-05,"Trgovci najavljuju poskupljenje osnovnih namirnica"
2021-07-05,"Cijene stanova u Zagrebu nastavile rast"
2021-07-05,"Guverner najavio nove mjere za kreditni rast"
2021-07-05,"Cijene stanova u Zagrebu nastavile rast"
2021-07-05,"Cijene goriva ponovno rastu na benzinskim postajama"
2021-07-05,"Poskupljenje električne energije od sljedećeg mjeseca"
2021-07-05,"Cijene goriva ponovno rastu na benzinskim postajama"
2021-07-05,"Eurostat objavio nove podatke o zaposlenosti"
2021-07-05,"Središnja banka upozorava na sekundarne učinke inflacije"
2021-07-05,"Hrvatskoj narodnoj banci stigao novi set podataka"
2021-07-05,"Središnjoj banci stigli novi podaci o kreditima kućanstava"
2021-07-05,"Hrvatske narodne banke tice se i pitanje likvidnosti"
2021-07-05,"Cijene stanova u Zagrebu nastavile rast"
2021-07-05,"Turistička sezona nadmašila očekivanja"
2021-07-05,"HNB: depoziti kucanstava i dalje rastu"
2021-07-05,"Što središnja banka poručuje o inflacijskim očekivanjima"
2021-07-05,"Hrvatskoj narodnoj banci stigao novi set podataka"
2021-07-05,"Guvernerova ocjena inflacijskih očekivanja kućanstava"
2021-07-05,"HNB: depoziti kucanstava i dalje rastu"
2021-07-05,"Eurostat objavio nove podatke o zaposlenosti"
2021-07-05,"Središnja banka upozorava na sekundarne učinke inflacije"
2021-07-05,"Eurostat objavio nove podatke o zaposlenosti"
2021-07-05,"Što središnja banka poručuje o inflacijskim očekivanjima"
2021-07-05,"Poskupljenje električne energije od sljedećeg mjeseca"
2021-07-05,"HNB: pritisak na cijene hrane popusta"
2021-07-05,"Guverner Vujčić o kretanju cijena u idućoj godini"
2021-07-05,"Hrvatska narodna banka o rastu cijena energenata"
2021-07-05,"Analitičari očekuju usporavanje potrošnje"
2021-07-05,"Turistička sezona nadmašila očekivanja"
2021-07-05,"Guverner najavio nove mjere za kreditni rast"
2021-07-05,"HNB: depoziti kucanstava i dalje rastu"
2021-07-05,"Hrvatske narodne banke tice se i pitanje likvidnosti"
2021-07-05,"Trgovci najavljuju poskupljenje osnovnih namirnica"
2021-07-05,"Hrvatske narodne banke tice se i pitanje likvidnosti"
2021-07-05,"Hrvatskoj narodnoj banci stigao novi set podataka"
2021-07-05,"Guverner Vujčić o kretanju cijena u idućoj godini"
2021-07-12,"Cijene stanova u Zagrebu nastavile rast"
2021-07-12,"Hrvatskoj narodnoj banci stigao novi set podataka"
2021-07-12,"Guverner najavio nove mjere za kreditni rast"
2021-07-12,"Guverner najavio nove mjere za kreditni rast"
2021-07-12,"Poskupljenje električne energije od sljedećeg mjeseca"
2021-07-12,"Hrvatska narodna banka o rastu cijena energenata"
2021-07-12,"Trgovci najavljuju poskupljenje osnovnih namirnica"
2021-07-12,"Cijene goriva ponovno rastu na benzinskim postajama"
2021-07-12,"Središnja banka procjenjuje učinke uvođenja eura"
2021-07-12,"Središnja banka objavila izvješće o financijskoj stabilnosti"
2021-07-12,"Ministarstvo financija objavilo prihode proračuna"
2021-07-12,"Hrvatskoj narodnoj banci stigao novi set podataka"
2021-07-12,"HNB objavio tjedni pregled deviznog trzista"
2021-07-12,"Središnja banka upozorava na sekundarne učinke inflacije"
2021-07-12,"Guverner najavio nove mjere za kreditni rast"
2021-07-12,"Odluke središnje banke i cijene stambenih kredita"
2021-07-12,"HNB: pritisak na cijene hrane popusta"
2021-07-12,"Guverner Vujčić o kretanju cijena u idućoj godini"
2021-07-12,"HNB: depoziti kucanstava i dalje rastu"
2021-07-12,"Sindikati traže povećanje minimalne plaće"
2021-07-12,"Središnja banka objavila izvješće o financijskoj stabilnosti"
2021-07-12,"Vlada produljila mjere ograničavanja cijena"
2021-07-12,"Hrvatskoj narodnoj banci stigao novi set podataka"
2021-07-12,"Eurostat objavio nove podatke o zaposlenosti"
2021-07-12,"Poskupljenje električne energije od sljedećeg mjeseca"
2021-07-12,"Hrvatskoj narodnoj banci stigao novi set podataka"
2021-07-12,"Trgovci najavljuju poskupljenje osnovnih namirnica"
2021-07-12,"Sindikati traže povećanje minimalne plaće"
2021-07-12,"Cijene goriva ponovno rastu na benzinskim postajama"
2021-07-12,"HNB objavio tjedni pregled deviznog trzista"
2021-07-12,"Hrvatske narodne banke tice se i pitanje likvidnosti"
2021-07-12,"Guverner najavio nove mjere za kreditni rast"
2021-07-12,"Analitičari očekuju usporavanje potrošnje"
2021-07-12,"Središnja banka objavila izvješće o financijskoj stabilnosti"
2021-07-12,"Hrvatskoj narodnoj banci stigao novi set podataka"
2021-07-12,"Središnja banka objavila izvješće o financijskoj stabilnosti"
2021-07-12,"Središnja banka objavila izvješće o financijskoj stabilnosti"
2021-07-12,"Središnja banka objavila izvješće o financijskoj stabilnosti"
2021-07-12,"Analitičari očekuju usporavanje potrošnje"
2021-07-12,"Cijene goriva ponovno rastu na benzinskim postajama"
2021-07-12,"Cijene goriva ponovno rastu na benzinskim postajama"
2021-07-19,"Hrvatskoj narodnoj banci stigao novi set podataka"
2021-07-19,"Hrvatskoj narodnoj banci stigao novi set podataka"
2021-07-19,"Cijene goriva ponovno rastu na benzinskim postajama"
2021-07-19,"HNB: depoziti kucanstava i dalje rastu"
2021-07-19,"Turistička sezona nadmašila očekivanja"
2021-07-19,"Središnja banka upozorava na sekundarne učinke inflacije"
2021-07-19,"Turistička sezona nadmašila očekivanja"
2021-07-19,"Središnja banka upozorava na sekundarne učinke inflacije"
2021-07-19,"Odluke središnje banke i cijene stambenih kredita"
2021-07-19,"Trgovci najavljuju poskupljenje osnovnih namirnica"
2021-07-19,"Vujčić: inflacija se vraća prema cilju"
2021-07-19,"Što središnja banka poručuje o inflacijskim očekivanjima"
2021-07-19,"Središnja banka objavila izvješće o financijskoj stabilnosti"
2021-07-19,"Poskupljenje električne energije od sljedećeg mjeseca"
2021-07-19,"Guvernerova ocjena inflacijskih očekivanja kućanstava"
2021-07-19,"Analitičari očekuju usporavanje potrošnje"
2021-07-19,"Vujčić: inflacija se vraća prema cilju"
2021-07-19,"Analitičari očekuju usporavanje potrošnje"
2021-07-19,"Cijene goriva ponovno rastu na benzinskim postajama"
2021-07-19,"Vlada produljila mjere ograničavanja cijena"
2021-07-19,"Vlada produljila mjere ograničavanja cijena"
2021-07-19,"Guverner najavio nove mjere za kreditni rast"
2021-07-19,"HNB objavio tjedni pregled deviznog trzista"
2021-07-19,"Analitičari očekuju usporavanje potrošnje"
2021-07-19,"Guvernerova ocjena inflacijskih očekivanja kućanstava"
2021-07-19,"Središnja banka upozorava na sekundarne učinke inflacije"
2021-07-19,"Poskupljenje električne energije od sljedećeg mjeseca"
2021-07-19,"Analitičari očekuju usporavanje potrošnje"
2021-07-19,"Središnja banka objavila izvješće o financijskoj stabilnosti"
2021-07-19,"Ministarstvo financija objavilo prihode proračuna"
2021-07-19,"Hrvatska narodna banka o rastu cijena energenata"
2021-07-19,"Analitičari očekuju usporavanje potrošnje"
2021-07-19,"Sindikati traže povećanje minimalne plaće"
2021-07-19,"Hrvatska narodna banka o rastu cijena energenata"
2021-07-19,"Sindikati traže povećanje minimalne plaće"
2021-07-19,"HNB objavio tjedni pregled deviznog trzista"
2021-07-19,"Središnja banka upozorava na sekundarne učinke inflacije"
2021-07-19,"HNB: pritisak na cijene hrane popusta"
2021-07-19,"Središnja banka procjenjuje učinke uvođenja eura"
2021-07-19,"Cijene goriva ponovno rastu na benzinskim postajama"
2021-07-19,"Središnja banka procjenjuje učinke uvođenja eura"
2021-07-19,"Središnja banka upozorava na sekundarne učinke inflacije"
2021-07-19,"Hrvatskoj narodnoj banci stigao novi set podataka"
2021-07-19,"Guvernerova ocjena inflacijskih očekivanja kućanstava"
2021-07-19,"HNB objavio tjedni pregled deviznog trzista"
2021-07-19,"HNB objavio tjedni pregled deviznog trzista"
2021-07-26,"Što središnja banka poručuje o inflacijskim očekivanjima"
2021-07-26,"HNB: pritisak na cijene hrane popusta"
2021-07-26,"Guverner Vujčić o kretanju cijena u idućoj godini"
2021-07-26,"Cijene stanova u Zagrebu nastavile rast"
2021-07-26,"Eurostat objavio nove podatke o zaposlenosti"
2021-07-26,"Središnjoj banci stigli novi podaci o kreditima kućanstava"
2021-07-26,"HNB: pritisak na cijene hrane popusta"
2021-07-26,"HNB: depoziti kucanstava i dalje rastu"
2021-07-26,"Odluke središnje banke i cijene stambenih kredita"
2021-07-26,"Guverner Vujčić o kretanju cijena u idućoj godini"
2021-07-26,"Cijene stanova u Zagrebu nastavile rast"
2021-07-26,"Guverner najavio nove mjere za kreditni rast"
2021-07-26,"Što središnja banka poručuje o inflacijskim očekivanjima"
2021-07-26,"HNB: pritisak na cijene hrane popusta"
2021-07-26,"HNB objavio tjedni pregled deviznog trzista"
2021-07-26,"Hrvatskoj narodnoj banci stigao novi set podataka"
2021-07-26,"Što središnja banka poručuje o inflacijskim očekivanjima"
2021-07-26,"Poskupljenje električne energije od sljedećeg mjeseca"
2021-07-26,"Analitičari očekuju usporavanje potrošnje"
2021-07-26,"Cijene stanova u Zagrebu nastavile rast"
2021-07-26,"Središnja banka upozorava na sekundarne učinke inflacije"
2021-07-26,"Hrvatske narodne banke tice se i pitanje likvidnosti"
2021-07-26,"Središnja banka upozorava na sekundarne učinke inflacije"
2021-07-26,"Trgovci najavljuju poskupljenje osnovnih namirnica"
2021-07-26,"Turistička sezona nadmašila očekivanja"
2021-07-26,"Središnjoj banci stigli novi podaci o kreditima kućanstava"
2021-07-26,"Guverner najavio nove mjere za kreditni rast"
2021-07-26,"Guverner Vujčić o kretanju cijena u idućoj godini"
2021-07-26,"Turistička sezona nadmašila očekivanja"
2021-07-26,"Što središnja banka poručuje o inflacijskim očekivanjima"
2021-07-26,"Središnjoj banci stigli novi podaci o kreditima kućanstava"
2021-07-26,"Ministarstvo financija objavilo prihode proračuna"
2021-07-26,"Sindikati traže povećanje minimalne plaće"
2021-07-26,"Središnja banka upozorava na sekundarne učinke inflacije"
2021-07-26,"Turistička sezona nadmašila očekivanja"
2021-07-26,"Hrvatska narodna banka o rastu cijena energenata"
2021-07-26,"Sindikati traže povećanje minimalne plaće"
2021-07-26,"Sindikati traže povećanje minimalne plaće"
2021-07-26,"Eurostat objavio nove podatke o zaposlenosti"
2021-07-26,"Trgovci najavljuju poskupljenje osnovnih namirnica"
2021-07-26,"Odluke središnje banke i cijene stambenih kredita"
2021-07-26,"Guverner Vujčić o kretanju cijena u idućoj godini"
2021-07-26,"Hrvatske narodne banke tice se i pitanje likvidnosti"
2021-07-26,"Trgovci najavljuju poskupljenje osnovnih namirnica"
2021-07-26,"Središnja banka procjenjuje učinke uvođenja eura"
2021-07-26,"Sindikati traže povećanje minimalne plaće"
2021-08-02,"Središnja banka upozorava na sekundarne učinke inflacije"
2021-08-02,"Cijene stanova u Zagrebu nastavile rast"
2021-08-02,"Turistička sezona nadmašila očekivanja"
2021-08-02,"Vujčić: inflacija se vraća prema cilju"
2021-08-02,"Vujčić: inflacija se vraća prema cilju"
2021-08-02,"Središnjoj banci stigli novi podaci o kreditima kućanstava"
2021-08-02,"Cijene stanova u Zagrebu nastavile rast"
2021-08-02,"Hrvatske narodne banke tice se i pitanje likvidnosti"
2021-08-02,"Trgovci najavljuju poskupljenje osnovnih namirnica"
2021-08-02,"Hrvatske narodne banke tice se i pitanje likvidnosti"
2021-08-02,"Odluke središnje banke i cijene stambenih kredita"
2021-08-02,"Hrvatska narodna banka o rastu cijena energenata"
2021-08-02,"Središnjoj banci stigli novi podaci o kreditima kućanstava"
2021-08-02,"Ministarstvo financija objavilo prihode proračuna"
2021-08-02,"Poskupljenje električne energije od sljedećeg mjeseca"
2021-08-02,"Guvernerova ocjena inflacijskih očekivanja kućanstava"
2021-08-02,"Analitičari očekuju usporavanje potrošnje"
2021-08-02,"Odluke središnje banke i cijene stambenih kredita"
2021-08-02,"Eurostat objavio nove podatke o zaposlenosti"
2021-08-02,"Guverner Vujčić o kretanju cijena u idućoj godini"
2021-08-02,"Središnja banka procjenjuje učinke uvođenja eura"
2021-08-02,"Ministarstvo financija objavilo prihode proračuna"
2021-08-02,"Sindikati traže povećanje minimalne plaće"
2021-08-02,"HNB: pritisak na cijene hrane popusta"
2021-08-02,"Trgovci najavljuju poskupljenje osnovnih namirnica"
2021-08-02,"Hrvatske narodne banke tice se i pitanje likvidnosti"
2021-08-02,"Guvernerova ocjena inflacijskih očekivanja kućanstava"
2021-08-02,"Eurostat objavio nove podatke o zaposlenosti"
2021-08-02,"Središnja banka upozorava na sekundarne učinke inflacije"
2021-08-02,"Analitičari očekuju usporavanje potrošnje"
2021-08-02,"Središnja banka objavila izvješće o financijskoj stabilnosti"
2021-08-02,"Odluke središnje banke i cijene stambenih kredita"
2021-08-02,"Turistička sezona nadmašila očekivanja"
2021-08-02,"Guvernerova ocjena inflacijskih očekivanja kućanstava"
2021-08-02,"Središnja banka procjenjuje učinke uvođenja eura"
2021-08-02,"Poskupljenje električne energije od sljedećeg mjeseca"
2021-08-02,"Odluke središnje banke i cijene stambenih kredita"
2021-08-02,"Središnjoj banci stigli novi podaci o kreditima kućanstava"
2021-08-02,"Analitičari očekuju usporavanje potrošnje"
2021-08-02,"HNB: pritisak na cijene hrane popusta"
2021-08-02,"Središnja banka upozorava na sekundarne učinke inflacije"
2021-08-02,"Cijene stanova u Zagrebu nastavile rast"
2021-08-02,"HNB: depoziti kucanstava i dalje rastu"
2021-08-02,"Hrvatska narodna banka o rastu cijena energenata"
2021-08-02,"HNB objavio tjedni pregled deviznog trzista"
2021-08-02,"Vlada produljila mjere ograničavanja cijena"
2021-08-02,"HNB: pritisak na cijene hrane popusta"
2021-08-02,"Središnja banka upozorava na sekundarne učinke inflacije"
2021-08-02,"Vujčić: inflacija se vraća prema cilju"
2021-08-02,"Eurostat objavio nove podatke o zaposlenosti"
2021-08-02,"Hrvatska narodna banka o rastu cijena energenata"
2021-08-02,"Hrvatskoj narodnoj banci stigao novi set podataka"
2021-08-02,"Odluke središnje banke i cijene stambenih kredita"
2021-08-02,"Sindikati traže povećanje minimalne plaće"
2021-08-02,"Ministarstvo financija objavilo prihode proračuna"
2021-08-02,"Cijene stanova u Zagrebu nastavile rast"
2021-08-09,"Turistička sezona nadmašila očekivanja"
2021-08-09,"Trgovci najavljuju poskupljenje osnovnih namirnica"
2021-08-09,"Analitičari očekuju usporavanje potrošnje"
2021-08-09,"HNB: depoziti kucanstava i dalje rastu"
2021-08-09,"HNB: pritisak na cijene hrane popusta"
2021-08-09,"Središnja banka procjenjuje učinke uvođenja eura"
2021-08-09,"Guverner Vujčić o kretanju cijena u idućoj godini"
2021-08-09,"HNB: pritisak na cijene hrane popusta"
2021-08-09,"Analitičari očekuju usporavanje potrošnje"
2021-08-09,"Središnja banka procjenjuje učinke uvođenja eura"
2021-08-09,"Turistička sezona nadmašila očekivanja"
2021-08-09,"Središnjoj banci stigli novi podaci o kreditima kućanstava"
2021-08-09,"Cijene stanova u Zagrebu nastavile rast"
2021-08-09,"Turistička sezona nadmašila očekivanja"
2021-08-09,"Što središnja banka poručuje o inflacijskim očekivanjima"
2021-08-09,"Odluke središnje banke i cijene stambenih kredita"
2021-08-09,"Eurostat objavio nove podatke o zaposlenosti"
2021-08-09,"Vlada produljila mjere ograničavanja cijena"
2021-08-09,"Analitičari očekuju usporavanje potrošnje"
2021-08-09,"Što središnja banka poručuje o inflacijskim očekivanjima"
2021-08-09,"HNB: depoziti kucanstava i dalje rastu"
2021-08-09,"Središnja banka procjenjuje učinke uvođenja eura"
2021-08-09,"Sindikati traže povećanje minimalne plaće"
2021-08-09,"Hrvatske narodne banke tice se i pitanje likvidnosti"
2021-08-09,"Središnjoj banci stigli novi podaci o kreditima kućanstava"
2021-08-09,"Guvernerova ocjena inflacijskih očekivanja kućanstava"
2021-08-09,"Središnja banka procjenjuje učinke uvođenja eura"
2021-08-09,"Guverner najavio nove mjere za kreditni rast"
2021-08-09,"Guvernerova ocjena inflacijskih očekivanja kućanstava"
2021-08-09,"Središnja banka procjenjuje učinke uvođenja eura"
2021-08-09,"Poskupljenje električne energije od sljedećeg mjeseca"
2021-08-09,"HNB objavio tjedni pregled deviznog trzista"
2021-08-09,"Cijene goriva ponovno rastu na benzinskim postajama"
2021-08-09,"HNB: pritisak na cijene hrane popusta"
2021-08-09,"Što središnja banka poručuje o inflacijskim očekivanjima"
2021-08-09,"Vlada produljila mjere ograničavanja cijena"
2021-08-09,"Hrvatske narodne banke tice se i pitanje likvidnosti"
2021-08-09,"Hrvatske narodne banke tice se i pitanje likvidnosti"
2021-08-09,"Središnjoj banci stigli novi podaci o kreditima kućanstava"
2021-08-09,"Ministarstvo financija objavilo prihode proračuna"
2021-08-09,"HNB: pritisak na cijene hrane popusta"
2021-08-09,"Trgovci najavljuju poskupljenje osnovnih namirnica"
2021-08-09,"Sindikati traže povećanje minimalne plaće"
2021-08-09,"Guverner Vujčić o kretanju cijena u idućoj godini"
2021-08-09,"Poskupljenje električne energije od sljedećeg mjeseca"
2021-08-09,"Središnja banka objavila izvješće o financijskoj stabilnosti"
2021-08-09,"Središnja banka upozorava na sekundarne učinke inflacije"
2021-08-09,"Eurostat objavio nove podatke o zaposlenosti"
2021-08-09,"Središnja banka procjenjuje učinke uvođenja eura"
2021-08-09,"Guverner najavio nove mjere za kreditni rast"
2021-08-09,"Hrvatske narodne banke tice se i pitanje likvidnosti"
2021-08-09,"Sindikati traže povećanje minimalne plaće"
2021-08-09,"Guverner najavio nove mjere za kreditni rast"
2021-08-09,"Eurostat objavio nove podatke o zaposlenosti"
2021-08-09,"Središnja banka procjenjuje učinke uvođenja eura"
2021-08-09,"Središnja banka objavila izvješće o financijskoj stabilnosti"
2021-08-09,"Analitičari očekuju usporavanje potrošnje"
2021-08-16,"Cijene stanova u Zagrebu nastavile rast"
2021-08-16,"Središnja banka upozorava na sekundarne učinke inflacije"
2021-08-16,"Eurostat objavio nove podatke o zaposlenosti"
2021-08-16,"Hrvatska narodna banka o rastu cijena energenata"
2021-08-16,"HNB: depoziti kucanstava i dalje rastu"
2021-08-16,"Središnja banka procjenjuje učinke uvođenja eura"
2021-08-16,"Guvernerova ocjena inflacijskih očekivanja kućanstava"
2021-08-16,"Cijene stanova u Zagrebu nastavile rast"
2021-08-16,"Središnja banka procjenjuje učinke uvođenja eura"
2021-08-16,"Trgovci najavljuju poskupljenje osnovnih namirnica"
2021-08-16,"Poskupljenje električne energije od sljedećeg mjeseca"
2021-08-16,"Guverner najavio nove mjere za kreditni rast"
2021-08-16,"Cijene goriva ponovno rastu na benzinskim postajama"
2021-08-16,"Trgovci najavljuju poskupljenje osnovnih namirnica"
2021-08-16,"Hrvatske narodne banke tice se i pitanje likvidnosti"
2021-08-16,"Sindikati traže povećanje minimalne plaće"
2021-08-16,"Središnjoj banci stigli novi podaci o kreditima kućanstava"
2021-08-16,"Što središnja banka poručuje o inflacijskim očekivanjima"
2021-08-16,"Središnja banka objavila izvješće o financijskoj stabilnosti"
2021-08-16,"Vujčić: inflacija se vraća prema cilju"
2021-08-16,"Središnja banka objavila izvješće o financijskoj stabilnosti"
2021-08-16,"Središnja banka procjenjuje učinke uvođenja eura"
2021-08-16,"Hrvatske narodne banke tice se i pitanje likvidnosti"
2021-08-16,"Središnjoj banci stigli novi podaci o kreditima kućanstava"
2021-08-16,"Središnjoj banci stigli novi podaci o kreditima kućanstava"
2021-08-16,"Vujčić: inflacija se vraća prema cilju"
2021-08-16,"Središnjoj banci stigli novi podaci o kreditima kućanstava"
2021-08-16,"Guvernerova ocjena inflacijskih očekivanja kućanstava"
2021-08-16,"Što središnja banka poručuje o inflacijskim očekivanjima"
2021-08-16,"Turistička sezona nadmašila očekivanja"
2021-08-16,"Cijene goriva ponovno rastu na benzinskim postajama"
2021-08-16,"HNB objavio tjedni pregled deviznog trzista"
2021-08-16,"Središnja banka upozorava na sekundarne učinke inflacije"
2021-08-16,"Odluke središnje banke i cijene stambenih kredita"
2021-08-16,"Odluke središnje banke i cijene stambenih kredita"
2021-08-16,"Središnja banka objavila izvješće o financijskoj stabilnosti"
2021-08-16,"Cijene goriva ponovno rastu na benzinskim postajama"
2021-08-16,"Cijene goriva ponovno rastu na benzinskim postajama"
2021-08-16,"Sindikati traže povećanje minimalne plaće"
2021-08-16,"Središnja banka procjenjuje učinke uvođenja eura"
2021-08-16,"Hrvatska narodna banka o rastu cijena energenata"
2021-08-16,"Središnja banka upozorava na sekundarne učinke inflacije"
2021-08-16,"Ministarstvo financija objavilo prihode proračuna"
2021-08-16,"Eurostat objavio nove podatke o zaposlenosti"
2021-08-16,"Poskupljenje električne energije od sljedećeg mjeseca"
2021-08-16,"Odluke središnje banke i cijene stambenih kredita"
2021-08-16,"Središnja banka objavila izvješće o financijskoj stabilnosti"
2021-08-16,"Vlada produljila mjere ograničavanja cijena"
2021-08-16,"Središnja banka upozorava na sekundarne učinke inflacije"
2021-08-16,"Turistička sezona nadmašila očekivanja"
2021-08-16,"Središnja banka objavila izvješće o financijskoj stabilnosti"
2021-08-16,"Guverner najavio nove mjere za kreditni rast"
2021-08-16,"Poskupljenje električne energije od sljedećeg mjeseca"
2021-08-16,"Vlada produljila mjere ograničavanja cijena"
2021-08-16,"Vlada produljila mjere ograničavanja cijena"
2021-08-16,"HNB objavio tjedni pregled deviznog trzista"
2021-08-16,"Analitičari očekuju usporavanje potrošnje"
2021-08-16,"Vujčić: inflacija se vraća prema cilju"
2021-08-16,"Trgovci najavljuju poskupljenje osnovnih namirnica"
2021-08-23,"Što središnja banka poručuje o inflacijskim očekivanjima"
2021-08-23,"Središnjoj banci stigli novi podaci o kreditima kućanstava"
2021-08-23,"Eurostat objavio nove podatke o zaposlenosti"
2021-08-23,"Središnjoj banci stigli novi podaci o kreditima kućanstava"
2021-08-23,"Guvernerova ocjena inflacijskih očekivanja kućanstava"
2021-08-23,"Cijene goriva ponovno rastu na benzinskim postajama"
2021-08-23,"Cijene goriva ponovno rastu na benzinskim postajama"
2021-08-23,"Što središnja banka poručuje o inflacijskim očekivanjima"
2021-08-23,"Ministarstvo financija objavilo prihode proračuna"
2021-08-23,"Hrvatska narodna banka o rastu cijena energenata"
2021-08-23,"Odluke središnje banke i cijene stambenih kredita"
2021-08-23,"Vlada produljila mjere ograničavanja cijena"
2021-08-23,"Poskupljenje električne energije od sljedećeg mjeseca"
2021-08-23,"Guvernerova ocjena inflacijskih očekivanja kućanstava"
2021-08-23,"Odluke središnje banke i cijene stambenih kredita"
2021-08-23,"Guverner najavio nove mjere za kreditni rast"
2021-08-23,"Hrvatskoj narodnoj banci stigao novi set podataka"
2021-08-23,"Što središnja banka poručuje o inflacijskim očekivanjima"
2021-08-23,"Hrvatskoj narodnoj banci stigao novi set podataka"
2021-08-23,"Eurostat objavio nove podatke o zaposlenosti"
2021-08-23,"Eurostat objavio nove podatke o zaposlenosti"
2021-08-23,"Središnja banka procjenjuje učinke uvođenja eura"
2021-08-23,"Guverner Vujčić o kretanju cijena u idućoj godini"
2021-08-23,"Trgovci najavljuju poskupljenje osnovnih namirnica"
2021-08-23,"Turistička sezona nadmašila očekivanja"
2021-08-23,"Poskupljenje električne energije od sljedećeg mjeseca"
2021-08-23,"Turistička sezona nadmašila očekivanja"
2021-08-23,"Središnja banka upozorava na sekundarne učinke inflacije"
2021-08-23,"Guvernerova ocjena inflacijskih očekivanja kućanstava"
2021-08-23,"HNB objavio tjedni pregled deviznog trzista"
2021-08-23,"Ministarstvo financija objavilo prihode proračuna"
2021-08-23,"Vlada produljila mjere ograničavanja cijena"
2021-08-23,"Središnja banka upozorava na sekundarne učinke inflacije"
2021-08-23,"Eurostat objavio nove podatke o zaposlenosti"
2021-08-23,"HNB: depoziti kucanstava i dalje rastu"
2021-08-23,"Cijene goriva ponovno rastu na benzinskim postajama"
2021-08-23,"HNB: depoziti kucanstava i dalje rastu"
2021-08-23,"Guverner najavio nove mjere za kreditni rast"
2021-08-23,"Središnja banka objavila izvješće o financijskoj stabilnosti"
2021-08-23,"Hrvatska narodna banka o rastu cijena energenata"
2021-08-23,"Trgovci najavljuju poskupljenje osnovnih namirnica"
2021-08-23,"Što središnja banka poručuje o inflacijskim očekivanjima"
2021-08-23,"Ministarstvo financija objavilo prihode proračuna"
2021-08-23,"Središnjoj banci stigli novi podaci o kreditima kućanstava"
2021-08-23,"Središnja banka objavila izvješće o financijskoj stabilnosti"
2021-08-23,"Analitičari očekuju usporavanje potrošnje"
2021-08-23,"Središnja banka procjenjuje učinke uvođenja eura"
2021-08-23,"Ministarstvo financija objavilo prihode proračuna"
2021-08-23,"Središnja banka procjenjuje učinke uvođenja eura"
2021-08-23,"HNB objavio tjedni pregled deviznog trzista"
2021-08-23,"Središnjoj banci stigli novi podaci o kreditima kućanstava"
2021-08-30,"Eurostat objavio nove podatke o zaposlenosti"
2021-08-30,"Vlada produljila mjere ograničavanja cijena"
2021-08-30,"Središnja banka procjenjuje učinke uvođenja eura"
2021-08-30,"Hrvatske narodne banke tice se i pitanje likvidnosti"
2021-08-30,"Odluke središnje banke i cijene stambenih kredita"
2021-08-30,"Hrvatska narodna banka o rastu cijena energenata"
2021-08-30,"Hrvatskoj narodnoj banci stigao novi set podataka"
2021-08-30,"HNB: pritisak na cijene hrane popusta"
2021-08-30,"Turistička sezona nadmašila očekivanja"
2021-08-30,"Trgovci najavljuju poskupljenje osnovnih namirnica"
2021-08-30,"Trgovci najavljuju poskupljenje osnovnih namirnica"
2021-08-30,"Poskupljenje električne energije od sljedećeg mjeseca"
2021-08-30,"Vlada produljila mjere ograničavanja cijena"
2021-08-30,"Cijene goriva ponovno rastu na benzinskim postajama"
2021-08-30,"HNB objavio tjedni pregled deviznog trzista"
2021-08-30,"HNB: depoziti kucanstava i dalje rastu"
2021-08-30,"Guverner najavio nove mjere za kreditni rast"
2021-08-30,"Guverner najavio nove mjere za kreditni rast"
2021-08-30,"Što središnja banka poručuje o inflacijskim očekivanjima"
2021-08-30,"Analitičari očekuju usporavanje potrošnje"
2021-08-30,"Cijene stanova u Zagrebu nastavile rast"
2021-08-30,"Cijene stanova u Zagrebu nastavile rast"
2021-08-30,"Cijene stanova u Zagrebu nastavile rast"
2021-08-30,"Hrvatske narodne banke tice se i pitanje likvidnosti"
2021-08-30,"Središnjoj banci stigli novi podaci o kreditima kućanstava"
2021-08-30,"HNB objavio tjedni pregled deviznog trzista"
2021-08-30,"Vujčić: inflacija se vraća prema cilju"
2021-08-30,"Središnja banka objavila izvješće o financijskoj stabilnosti"
2021-08-30,"Hrvatska narodna banka o rastu cijena energenata"
2021-08-30,"Odluke središnje banke i cijene stambenih kredita"
2021-08-30,"Guvernerova ocjena inflacijskih očekivanja kućanstava"
2021-08-30,"Ministarstvo financija objavilo prihode proračuna"
2021-08-30,"HNB objavio tjedni pregled deviznog trzista"
2021-08-30,"Hrvatska narodna banka o rastu cijena energenata"
2021-08-30,"Trgovci najavljuju poskupljenje osnovnih namirnica"
2021-08-30,"Hrvatska narodna banka o rastu cijena energenata"
2021-08-30,"Što središnja banka poručuje o inflacijskim očekivanjima"
2021-08-30,"Guvernerova ocjena inflacijskih očekivanja kućanstava"
2021-08-30,"Turistička sezona nadmašila očekivanja"
2021-08-30,"Hrvatskoj narodnoj banci stigao novi set podataka"
2021-08-30,"Guvernerova ocjena inflacijskih očekivanja kućanstava"
2021-08-30,"HNB: depoziti kucanstava i dalje rastu"
2021-08-30,"Trgovci najavljuju poskupljenje osnovnih namirnica"
2021-08-30,"Poskupljenje električne energije od sljedećeg mjeseca"
2021-08-30,"Središnja banka procjenjuje učinke uvođenja eura"
2021-08-30,"Turistička sezona nadmašila očekivanja"
2021-08-30,"Hrvatske narodne banke tice se i pitanje likvidnosti"
2021-08-30,"Hrvatskoj narodnoj banci stigao novi set podataka"
2021-08-30,"Hrvatskoj narodnoj banci stigao novi set podataka"
2021-08-30,"Cijene stanova u Zagrebu nastavile rast"
2021-08-30,"Vlada produljila mjere ograničavanja cijena"
2021-09-06,"Središnja banka objavila izvješće o financijskoj stabilnosti"
2021-09-06,"Turistička sezona nadmašila očekivanja"
2021-09-06,"Hrvatskoj narodnoj banci stigao novi set podataka"
2021-09-06,"Turistička sezona nadmašila očekivanja"
2021-09-06,"Guvernerova ocjena inflacijskih očekivanja kućanstava"
2021-09-06,"Guverner Vujčić o kretanju cijena u idućoj godini"
2021-09-06,"Analitičari očekuju usporavanje potrošnje"
2021-09-06,"Hrvatske narodne banke tice se i pitanje likvidnosti"
2021-09-06,"Guverner Vujčić o kretanju cijena u idućoj godini"
2021-09-06,"Poskupljenje električne energije od sljedećeg mjeseca"
2021-09-06,"Hrvatska narodna banka o rastu cijena energenata"
2021-09-06,"Središnja banka objavila izvješće o financijskoj stabilnosti"
2021-09-06,"Središnja banka objavila izvješće o financijskoj stabilnosti"
2021-09-06,"Hrvatskoj narodnoj banci stigao novi set podataka"
2021-09-06,"Cijene stanova u Zagrebu nastavile rast"
2021-09-06,"Turistička sezona nadmašila očekivanja"
2021-09-06,"Poskupljenje električne energije od sljedećeg mjeseca"
2021-09-06,"HNB objavio tjedni pregled deviznog trzista"
2021-09-06,"Analitičari očekuju usporavanje potrošnje"
2021-09-06,"Vujčić: inflacija se vraća prema cilju"
2021-09-06,"Središnja banka upozorava na sekundarne učinke inflacije"
2021-09-06,"Središnja banka procjenjuje učinke uvođenja eura"
2021-09-06,"Središnja banka upozorava na sekundarne učinke inflacije"
2021-09-06,"Eurostat objavio nove podatke o zaposlenosti"
2021-09-06,"Cijene goriva ponovno rastu na benzinskim postajama"
2021-09-06,"Središnjoj banci stigli novi podaci o kreditima kućanstava"
2021-09-06,"Središnja banka objavila izvješće o financijskoj stabilnosti"
2021-09-06,"Eurostat objavio nove podatke o zaposlenosti"
2021-09-06,"Hrvatske narodne banke tice se i pitanje likvidnosti"
2021-09-06,"Vlada produljila mjere ograničavanja cijena"
2021-09-06,"HNB objavio tjedni pregled deviznog trzista"
2021-09-06,"Hrvatske narodne banke tice se i pitanje likvidnosti"
2021-09-06,"Guvernerova ocjena inflacijskih očekivanja kućanstava"
2021-09-06,"Guverner Vujčić o kretanju cijena u idućoj godini"
2021-09-06,"Sindikati traže povećanje minimalne plaće"
2021-09-06,"Odluke središnje banke i cijene stambenih kredita"
2021-09-06,"Hrvatske narodne banke tice se i pitanje likvidnosti"
2021-09-06,"Analitičari očekuju usporavanje potrošnje"
2021-09-06,"Hrvatskoj narodnoj banci stigao novi set podataka"
2021-09-06,"Sindikati traže povećanje minimalne plaće"
2021-09-06,"Poskupljenje električne energije od sljedećeg mjeseca"
2021-09-06,"HNB: pritisak na cijene hrane popusta"
2021-09-06,"Odluke središnje banke i cijene stambenih kredita"
2021-09-06,"Guvernerova ocjena inflacijskih očekivanja kućanstava"
2021-09-06,"Sindikati traže povećanje minimalne plaće"
2021-09-06,"Cijene goriva ponovno rastu na benzinskim postajama"
2021-09-06,"Poskupljenje električne energije od sljedećeg mjeseca"
2021-09-06,"Središnja banka objavila izvješće o financijskoj stabilnosti"
2021-09-06,"Središnja banka procjenjuje učinke uvođenja eura"
2021-09-06,"Što središnja banka poručuje o inflacijskim očekivanjima"
2021-09-06,"HNB objavio tjedni pregled deviznog trzista"
2021-09-06,"Turistička sezona nadmašila očekivanja"
2021-09-06,"Hrvatska narodna banka o rastu cijena energenata"
2021-09-06,"Ministarstvo financija objavilo prihode proračuna"
2021-09-06,"Cijene stanova u Zagrebu nastavile rast"
2021-09-06,"HNB objavio tjedni pregled deviznog trzista"
2021-09-13,"Guverner najavio nove mjere za kreditni rast"
2021-09-13,"Sindikati traže povećanje minimalne plaće"
2021-09-13,"Guverner najavio nove mjere za kreditni rast"
2021-09-13,"Odluke središnje banke i cijene stambenih kredita"
2021-09-13,"Analitičari očekuju usporavanje potrošnje"
2021-09-13,"HNB objavio tjedni pregled deviznog trzista"
2021-09-13,"Turistička sezona nadmašila očekivanja"
2021-09-13,"HNB: pritisak na cijene hrane popusta"
2021-09-13,"Cijene goriva ponovno rastu na benzinskim postajama"
2021-09-13,"HNB objavio tjedni pregled deviznog trzista"
2021-09-13,"Hrvatska narodna banka o rastu cijena energenata"
2021-09-13,"Središnja banka procjenjuje učinke uvođenja eura"
2021-09-13,"Središnjoj banci stigli novi podaci o kreditima kućanstava"
2021-09-13,"Poskupljenje električne energije od sljedećeg mjeseca"
2021-09-13,"Eurostat objavio nove podatke o zaposlenosti"
2021-09-13,"Cijene stanova u Zagrebu nastavile rast"
2021-09-13,"Trgovci najavljuju poskupljenje osnovnih namirnica"
2021-09-13,"HNB: pritisak na cijene hrane popusta"
2021-09-13,"Hrvatska narodna banka o rastu cijena energenata"
2021-09-13,"Hrvatske narodne banke tice se i pitanje likvidnosti"
2021-09-13,"Cijene stanova u Zagrebu nastavile rast"
2021-09-13,"Odluke središnje banke i cijene stambenih kredita"
2021-09-13,"Vujčić: inflacija se vraća prema cilju"
2021-09-13,"Hrvatska narodna banka o rastu cijena energenata"
2021-09-13,"Hrvatska narodna banka o rastu cijena energenata"
2021-09-13,"HNB: depoziti kucanstava i dalje rastu"
2021-09-13,"HNB objavio tjedni pregled deviznog trzista"
2021-09-13,"Analitičari očekuju usporavanje potrošnje"
2021-09-13,"Hrvatska narodna banka o rastu cijena energenata"
2021-09-13,"Središnja banka objavila izvješće o financijskoj stabilnosti"
2021-09-13,"Središnjoj banci stigli novi podaci o kreditima kućanstava"
2021-09-13,"Eurostat objavio nove podatke o zaposlenosti"
2021-09-13,"Turistička sezona nadmašila očekivanja"
2021-09-13,"Središnja banka upozorava na sekundarne učinke inflacije"
2021-09-13,"HNB: depoziti kucanstava i dalje rastu"
2021-09-13,"Odluke središnje banke i cijene stambenih kredita"
2021-09-13,"Guverner najavio nove mjere za kreditni rast"
2021-09-13,"Vujčić: inflacija se vraća prema cilju"
2021-09-13,"Ministarstvo financija objavilo prihode proračuna"
2021-09-13,"Hrvatska narodna banka o rastu cijena energenata"
2021-09-13,"Vujčić: inflacija se vraća prema cilju"
2021-09-13,"Cijene stanova u Zagrebu nastavile rast"
2021-09-13,"Cijene stanova u Zagrebu nastavile rast"
2021-09-13,"Poskupljenje električne energije od sljedećeg mjeseca"
2021-09-13,"Analitičari očekuju usporavanje potrošnje"
2021-09-13,"HNB: pritisak na cijene hrane popusta"
2021-09-13,"Središnja banka procjenjuje učinke uvođenja eura"
2021-09-13,"Turistička sezona nadmašila očekivanja"
2021-09-13,"Poskupljenje električne energije od sljedećeg mjeseca"
2021-09-13,"Analitičari očekuju usporavanje potrošnje"
2021-09-13,"Središnja banka objavila izvješće o financijskoj stabilnosti"
2021-09-13,"Hrvatskoj narodnoj banci stigao novi set podataka"
2021-09-13,"Trgovci najavljuju poskupljenje osnovnih namirnica"
2021-09-20,"Cijene stanova u Zagrebu nastavile rast"
2021-09-20,"Poskupljenje električne energije od sljedećeg mjeseca"
2021-09-20,"Središnja banka procjenjuje učinke uvođenja eura"
2021-09-20,"HNB objavio tjedni pregled deviznog trzista"
2021-09-20,"Analitičari očekuju usporavanje potrošnje"
2021-09-20,"Što središnja banka poručuje o inflacijskim očekivanjima"
2021-09-20,"HNB: pritisak na cijene hrane popusta"
2021-09-20,"Eurostat objavio nove podatke o zaposlenosti"
2021-09-20,"Guverner Vujčić o kretanju cijena u idućoj godini"
2021-09-20,"Središnja banka upozorava na sekundarne učinke inflacije"
2021-09-20,"Turistička sezona nadmašila očekivanja"
2021-09-20,"Odluke središnje banke i cijene stambenih kredita"
2021-09-20,"Trgovci najavljuju poskupljenje osnovnih namirnica"
2021-09-20,"Poskupljenje električne energije od sljedećeg mjeseca"
2021-09-20,"Središnjoj banci stigli novi podaci o kreditima kućanstava"
2021-09-20,"Guverner Vujčić o kretanju cijena u idućoj godini"
2021-09-20,"Ministarstvo financija objavilo prihode proračuna"
2021-09-20,"Hrvatska narodna banka o rastu cijena energenata"
2021-09-20,"Hrvatska narodna banka o rastu cijena energenata"
2021-09-20,"Ministarstvo financija objavilo prihode proračuna"
2021-09-20,"Ministarstvo financija objavilo prihode proračuna"
2021-09-20,"Vujčić: inflacija se vraća prema cilju"
2021-09-20,"Što središnja banka poručuje o inflacijskim očekivanjima"
2021-09-20,"Vlada produljila mjere ograničavanja cijena"
2021-09-20,"Guverner Vujčić o kretanju cijena u idućoj godini"
2021-09-20,"Vujčić: inflacija se vraća prema cilju"
2021-09-20,"Eurostat objavio nove podatke o zaposlenosti"
2021-09-20,"Središnja banka objavila izvješće o financijskoj stabilnosti"
2021-09-20,"Središnja banka procjenjuje učinke uvođenja eura"
2021-09-20,"Eurostat objavio nove podatke o zaposlenosti"
2021-09-20,"Hrvatska narodna banka o rastu cijena energenata"
2021-09-20,"Središnjoj banci stigli novi podaci o kreditima kućanstava"
2021-09-20,"Hrvatskoj narodnoj banci stigao novi set podataka"
2021-09-20,"Središnja banka objavila izvješće o financijskoj stabilnosti"
2021-09-20,"Poskupljenje električne energije od sljedećeg mjeseca"
2021-09-20,"Cijene stanova u Zagrebu nastavile rast"
2021-09-20,"Poskupljenje električne energije od sljedećeg mjeseca"
2021-09-20,"Cijene goriva ponovno rastu na benzinskim postajama"
2021-09-20,"HNB: pritisak na cijene hrane popusta"
2021-09-20,"Odluke središnje banke i cijene stambenih kredita"
2021-09-20,"Guvernerova ocjena inflacijskih očekivanja kućanstava"
2021-09-20,"Središnja banka upozorava na sekundarne učinke inflacije"
2021-09-20,"Hrvatske narodne banke tice se i pitanje likvidnosti"
2021-09-20,"Hrvatske narodne banke tice se i pitanje likvidnosti"
2021-09-20,"HNB objavio tjedni pregled deviznog trzista"
2021-09-20,"Analitičari očekuju usporavanje potrošnje"
2021-09-20,"Odluke središnje banke i cijene stambenih kredita"
2021-09-20,"HNB: depoziti kucanstava i dalje rastu"
2021-09-20,"Ministarstvo financija objavilo prihode proračuna"
2021-09-20,"HNB objavio tjedni pregled deviznog trzista"
2021-09-20,"Cijene goriva ponovno rastu na benzinskim postajama"
2021-09-20,"Guverner Vujčić o kretanju cijena u idućoj godini"
2021-09-20,"Eurostat objavio nove podatke o zaposlenosti"
2021-09-20,"Vlada produljila mjere ograničavanja cijena"
2021-09-20,"Središnja banka objavila izvješće o financijskoj stabilnosti"
2021-09-20,"Hrvatskoj narodnoj banci stigao novi set podataka"
2021-09-20,"HNB objavio tjedni pregled deviznog trzista"
2021-09-27,"HNB: depoziti kucanstava i dalje rastu"
2021-09-27,"Što središnja banka poručuje o inflacijskim očekivanjima"
2021-09-27,"Hrvatske narodne banke tice se i pitanje likvidnosti"
2021-09-27,"HNB: depoziti kucanstava i dalje rastu"
2021-09-27,"Ministarstvo financija objavilo prihode proračuna"
2021-09-27,"Hrvatske narodne banke tice se i pitanje likvidnosti"
2021-09-27,"Sindikati traže povećanje minimalne plaće"
2021-09-27,"Analitičari očekuju usporavanje potrošnje"
2021-09-27,"HNB: depoziti kucanstava i dalje rastu"
2021-09-27,"Guverner najavio nove mjere za kreditni rast"
2021-09-27,"Guverner najavio nove mjere za kreditni rast"
2021-09-27,"Ministarstvo financija objavilo prihode proračuna"
2021-09-27,"Hrvatskoj narodnoj banci stigao novi set podataka"
2021-09-27,"Hrvatske narodne banke tice se i pitanje likvidnosti"
2021-09-27,"Sindikati traže povećanje minimalne plaće"
2021-09-27,"Središnja banka upozorava na sekundarne učinke inflacije"
2021-09-27,"Analitičari očekuju usporavanje potrošnje"
2021-09-27,"Središnja banka upozorava na sekundarne učinke inflacije"
2021-09-27,"Hrvatske narodne banke tice se i pitanje likvidnosti"
2021-09-27,"Guvernerova ocjena inflacijskih očekivanja kućanstava"
2021-09-27,"Guverner najavio nove mjere za kreditni rast"
2021-09-27,"Odluke središnje banke i cijene stambenih kredita"
2021-09-27,"Turistička sezona nadmašila očekivanja"
2021-09-27,"Turistička sezona nadmašila očekivanja"
2021-09-27,"Cijene stanova u Zagrebu nastavile rast"
2021-09-27,"Odluke središnje banke i cijene stambenih kredita"
2021-09-27,"Cijene stanova u Zagrebu nastavile rast"
2021-09-27,"Guverner najavio nove mjere za kreditni rast"
2021-09-27,"Turistička sezona nadmašila očekivanja"
2021-09-27,"HNB: depoziti kucanstava i dalje rastu"
2021-09-27,"HNB: depoziti kucanstava i dalje rastu"
2021-09-27,"Središnja banka procjenjuje učinke uvođenja eura"
2021-09-27,"Središnja banka procjenjuje učinke uvođenja eura"
2021-09-27,"HNB objavio tjedni pregled deviznog trzista"
2021-09-27,"Što središnja banka poručuje o inflacijskim očekivanjima"
2021-09-27,"Cijene stanova u Zagrebu nastavile rast"
2021-09-27,"Ministarstvo financija objavilo prihode proračuna"
2021-09-27,"Cijene goriva ponovno rastu na benzinskim postajama"
2021-09-27,"HNB objavio tjedni pregled deviznog trzista"
2021-09-27,"Središnjoj banci stigli novi podaci o kreditima kućanstava"
2021-09-27,"Središnja banka upozorava na sekundarne učinke inflacije"
2021-09-27,"Guverner najavio nove mjere za kreditni rast"
2021-09-27,"Sindikati traže povećanje minimalne plaće"
2021-09-27,"Trgovci najavljuju poskupljenje osnovnih namirnica"
2021-09-27,"Vlada produljila mjere ograničavanja cijena"
2021-09-27,"HNB: depoziti kucanstava i dalje rastu"
2021-09-27,"Središnja banka procjenjuje učinke uvođenja eura"
2021-09-27,"Vujčić: inflacija se vraća prema cilju"
2021-09-27,"Eurostat objavio nove podatke o zaposlenosti"
2021-09-27,"Turistička sezona nadmašila očekivanja"
2021-09-27,"Ministarstvo financija objavilo prihode proračuna"
2021-09-27,"Cijene stanova u Zagrebu nastavile rast"
2021-09-27,"HNB: pritisak na cijene hrane popusta"
2021-09-27,"Hrvatske narodne banke tice se i pitanje likvidnosti"
2021-09-27,"Što središnja banka poručuje o inflacijskim očekivanjima"
2021-09-27,"Sindikati traže povećanje minimalne plaće"
2021-10-04,"Hrvatskoj narodnoj banci stigao novi set podataka"
2021-10-04,"Što središnja banka poručuje o inflacijskim očekivanjima"
2021-10-04,"Guvernerova ocjena inflacijskih očekivanja kućanstava"
2021-10-04,"Hrvatska narodna banka o rastu cijena energenata"
2021-10-04,"Središnjoj banci stigli novi podaci o kreditima kućanstava"
2021-10-04,"Središnja banka procjenjuje učinke uvođenja eura"
2021-10-04,"Hrvatske narodne banke tice se i pitanje likvidnosti"
2021-10-04,"Ministarstvo financija objavilo prihode proračuna"
2021-10-04,"Hrvatskoj narodnoj banci stigao novi set podataka"
2021-10-04,"Sindikati traže povećanje minimalne plaće"
2021-10-04,"Guvernerova ocjena inflacijskih očekivanja kućanstava"
2021-10-04,"Guverner Vujčić o kretanju cijena u idućoj godini"
2021-10-04,"Središnja banka procjenjuje učinke uvođenja eura"
2021-10-04,"Ministarstvo financija objavilo prihode proračuna"
2021-10-04,"HNB: depoziti kucanstava i dalje rastu"
2021-10-04,"Trgovci najavljuju poskupljenje osnovnih namirnica"
2021-10-04,"Sindikati traže povećanje minimalne plaće"
2021-10-04,"Središnja banka procjenjuje učinke uvođenja eura"
2021-10-04,"Središnja banka procjenjuje učinke uvođenja eura"
2021-10-04,"Hrvatske narodne banke tice se i pitanje likvidnosti"
2021-10-04,"Hrvatska narodna banka o rastu cijena energenata"
2021-10-04,"HNB: pritisak na cijene hrane popusta"
2021-10-04,"Cijene stanova u Zagrebu nastavile rast"
2021-10-04,"Analitičari očekuju usporavanje potrošnje"
2021-10-04,"Vlada produljila mjere ograničavanja cijena"
2021-10-04,"HNB: pritisak na cijene hrane popusta"
2021-10-04,"Odluke središnje banke i cijene stambenih kredita"
2021-10-04,"Eurostat objavio nove podatke o zaposlenosti"
2021-10-04,"Središnja banka upozorava na sekundarne učinke inflacije"
2021-10-04,"Odluke središnje banke i cijene stambenih kredita"
2021-10-04,"Vlada produljila mjere ograničavanja cijena"
2021-10-04,"Središnja banka procjenjuje učinke uvođenja eura"
2021-10-04,"HNB objavio tjedni pregled deviznog trzista"
2021-10-04,"Analitičari očekuju usporavanje potrošnje"
2021-10-04,"Analitičari očekuju usporavanje potrošnje"
2021-10-04,"Središnja banka objavila izvješće o financijskoj stabilnosti"
2021-10-04,"Poskupljenje električne energije od sljedećeg mjeseca"
2021-10-04,"Odluke središnje banke i cijene stambenih kredita"
2021-10-04,"Vlada produljila mjere ograničavanja cijena"
2021-10-04,"Poskupljenje električne energije od sljedećeg mjeseca"
2021-10-04,"Guverner najavio nove mjere za kreditni rast"
2021-10-04,"Vlada produljila mjere ograničavanja cijena"
2021-10-04,"Poskupljenje električne energije od sljedećeg mjeseca"
2021-10-04,"Središnja banka upozorava na sekundarne učinke inflacije"
2021-10-04,"Guverner Vujčić o kretanju cijena u idućoj godini"
2021-10-04,"Hrvatskoj narodnoj banci stigao novi set podataka"
2021-10-04,"Ministarstvo financija objavilo prihode proračuna"
2021-10-04,"Trgovci najavljuju poskupljenje osnovnih namirnica"
2021-10-04,"Ministarstvo financija objavilo prihode proračuna"
2021-10-04,"Guverner najavio nove mjere za kreditni rast"
2021-10-04,"HNB: depoziti kucanstava i dalje rastu"
2021-10-11,"HNB: depoziti kucanstava i dalje rastu"
2021-10-11,"Poskupljenje električne energije od sljedećeg mjeseca"
2021-10-11,"Eurostat objavio nove podatke o zaposlenosti"
2021-10-11,"Guverner Vujčić o kretanju cijena u idućoj godini"
2021-10-11,"Središnjoj banci stigli novi podaci o kreditima kućanstava"
2021-10-11,"Hrvatska narodna banka o rastu cijena energenata"
2021-10-11,"Sindikati traže povećanje minimalne plaće"
2021-10-11,"Što središnja banka poručuje o inflacijskim očekivanjima"
2021-10-11,"HNB: depoziti kucanstava i dalje rastu"
2021-10-11,"Što središnja banka poručuje o inflacijskim očekivanjima"
2021-10-11,"Hrvatske narodne banke tice se i pitanje likvidnosti"
2021-10-11,"Hrvatske narodne banke tice se i pitanje likvidnosti"
2021-10-11,"Središnja banka procjenjuje učinke uvođenja eura"
2021-10-11,"HNB: depoziti kucanstava i dalje rastu"
2021-10-11,"Turistička sezona nadmašila očekivanja"
2021-10-11,"Cijene goriva ponovno rastu na benzinskim postajama"
2021-10-11,"Središnja banka procjenjuje učinke uvođenja eura"
2021-10-11,"Ministarstvo financija objavilo prihode proračuna"
2021-10-11,"Vujčić: inflacija se vraća prema cilju"
2021-10-11,"Središnja banka objavila izvješće o financijskoj stabilnosti"
2021-10-11,"Poskupljenje električne energije od sljedećeg mjeseca"
2021-10-11,"Trgovci najavljuju poskupljenje osnovnih namirnica"
2021-10-11,"Cijene goriva ponovno rastu na benzinskim postajama"
2021-10-11,"Guverner Vujčić o kretanju cijena u idućoj godini"
2021-10-11,"Cijene goriva ponovno rastu na benzinskim postajama"
2021-10-11,"Središnja banka procjenjuje učinke uvođenja eura"
2021-10-11,"Odluke središnje banke i cijene stambenih kredita"
2021-10-11,"Poskupljenje električne energije od sljedećeg mjeseca"
2021-10-11,"Analitičari očekuju usporavanje potrošnje"
2021-10-11,"Hrvatska narodna banka o rastu cijena energenata"
2021-10-11,"Središnja banka procjenjuje učinke uvođenja eura"
2021-10-11,"HNB objavio tjedni pregled deviznog trzista"
2021-10-11,"Vujčić: inflacija se vraća prema cilju"
2021-10-11,"Cijene goriva ponovno rastu na benzinskim postajama"
2021-10-11,"Guverner Vujčić o kretanju cijena u idućoj godini"
2021-10-11,"Središnjoj banci stigli novi podaci o kreditima kućanstava"
2021-10-11,"Odluke središnje banke i cijene stambenih kredita"
2021-10-11,"Analitičari očekuju usporavanje potrošnje"
2021-10-11,"Poskupljenje električne energije od sljedećeg mjeseca"
2021-10-11,"Hrvatskoj narodnoj banci stigao novi set podataka"
2021-10-11,"Središnja banka upozorava na sekundarne učinke inflacije"
2021-10-11,"Odluke središnje banke i cijene stambenih kredita"
2021-10-11,"Turistička sezona nadmašila očekivanja"
2021-10-11,"Cijene goriva ponovno rastu na benzinskim postajama"
2021-10-11,"Trgovci najavljuju poskupljenje osnovnih namirnica"
2021-10-11,"Središnjoj banci stigli novi podaci o kreditima kućanstava"
2021-10-11,"Cijene stanova u Zagrebu nastavile rast"
2021-10-11,"Cijene goriva ponovno rastu na benzinskim postajama"
2021-10-11,"HNB: pritisak na cijene hrane popusta"
2021-10-11,"Vujčić: inflacija se vraća prema cilju"
2021-10-11,"Središnja banka objavila izvješće o financijskoj stabilnosti"
2021-10-18,"Eurostat objavio nove podatke o zaposlenosti"
2021-10-18,"Središnja banka upozorava na sekundarne učinke inflacije"
2021-10-18,"Cijene stanova u Zagrebu nastavile rast"
2021-10-18,"Hrvatska narodna banka o rastu cijena energenata"
2021-10-18,"Središnja banka procjenjuje učinke uvođenja eura"
2021-10-18,"Vlada produljila mjere ograničavanja cijena"
2021-10-18,"Vlada produljila mjere ograničavanja cijena"
2021-10-18,"Vlada produljila mjere ograničavanja cijena"
2021-10-18,"HNB objavio tjedni pregled deviznog trzista"
2021-10-18,"Središnja banka procjenjuje učinke uvođenja eura"
2021-10-18,"Odluke središnje banke i cijene stambenih kredita"
2021-10-18,"Vujčić: inflacija se vraća prema cilju"
2021-10-18,"Eurostat objavio nove podatke o zaposlenosti"
2021-10-18,"Cijene goriva ponovno rastu na benzinskim postajama"
2021-10-18,"Hrvatske narodne banke tice se i pitanje likvidnosti"
2021-10-18,"Cijene goriva ponovno rastu na benzinskim postajama"
2021-10-18,"Turistička sezona nadmašila očekivanja"
2021-10-18,"Guverner najavio nove mjere za kreditni rast"
2021-10-18,"Odluke središnje banke i cijene stambenih kredita"
2021-10-18,"Hrvatskoj narodnoj banci stigao novi set podataka"
2021-10-18,"Središnjoj banci stigli novi podaci o kreditima kućanstava"
2021-10-18,"Hrvatske narodne banke tice se i pitanje likvidnosti"
2021-10-18,"Središnja banka procjenjuje učinke uvođenja eura"
2021-10-18,"HNB: depoziti kucanstava i dalje rastu"
2021-10-18,"Vlada produljila mjere ograničavanja cijena"
2021-10-18,"Vujčić: inflacija se vraća prema cilju"
2021-10-18,"Hrvatska narodna banka o rastu cijena energenata"
2021-10-18,"Cijene stanova u Zagrebu nastavile rast"
2021-10-18,"Analitičari očekuju usporavanje potrošnje"
2021-10-18,"HNB: pritisak na cijene hrane popusta"
2021-10-18,"Hrvatske narodne banke tice se i pitanje likvidnosti"
2021-10-18,"HNB: depoziti kucanstava i dalje rastu"
2021-10-18,"HNB: depoziti kucanstava i dalje rastu"
2021-10-18,"Poskupljenje električne energije od sljedećeg mjeseca"
2021-10-18,"Središnjoj banci stigli novi podaci o kreditima kućanstava"
2021-10-18,"Središnjoj banci stigli novi podaci o kreditima kućanstava"
2021-10-18,"Poskupljenje električne energije od sljedećeg mjeseca"
2021-10-18,"Eurostat objavio nove podatke o zaposlenosti"
2021-10-18,"Poskupljenje električne energije od sljedećeg mjeseca"
2021-10-18,"Središnjoj banci stigli novi podaci o kreditima kućanstava"
2021-10-18,"Hrvatskoj narodnoj banci stigao novi set podataka"
2021-10-18,"Cijene goriva ponovno rastu na benzinskim postajama"
2021-10-18,"HNB objavio tjedni pregled deviznog trzista"
2021-10-18,"Središnja banka objavila izvješće o financijskoj stabilnosti"
2021-10-18,"Guvernerova ocjena inflacijskih očekivanja kućanstava"
2021-10-18,"Guverner najavio nove mjere za kreditni rast"
2021-10-18,"Turistička sezona nadmašila očekivanja"
2021-10-18,"Vujčić: inflacija se vraća prema cilju"
2021-10-18,"Analitičari očekuju usporavanje potrošnje"
2021-10-18,"HNB: depoziti kucanstava i dalje rastu"
2021-10-18,"Poskupljenje električne energije od sljedećeg mjeseca"
2021-10-25,"HNB objavio tjedni pregled deviznog trzista"
2021-10-25,"Središnja banka upozorava na sekundarne učinke inflacije"
2021-10-25,"Hrvatskoj narodnoj banci stigao novi set podataka"
2021-10-25,"HNB objavio tjedni pregled deviznog trzista"
2021-10-25,"Sindikati traže povećanje minimalne plaće"
2021-10-25,"Odluke središnje banke i cijene stambenih kredita"
2021-10-25,"Guverner najavio nove mjere za kreditni rast"
2021-10-25,"HNB objavio tjedni pregled deviznog trzista"
2021-10-25,"Središnja banka upozorava na sekundarne učinke inflacije"
2021-10-25,"Što središnja banka poručuje o inflacijskim očekivanjima"
2021-10-25,"Vlada produljila mjere ograničavanja cijena"
2021-10-25,"Trgovci najavljuju poskupljenje osnovnih namirnica"
2021-10-25,"HNB objavio tjedni pregled deviznog trzista"
2021-10-25,"Guvernerova ocjena inflacijskih očekivanja kućanstava"
2021-10-25,"Vlada produljila mjere ograničavanja cijena"
2021-10-25,"Sindikati traže povećanje minimalne plaće"
2021-10-25,"Turistička sezona nadmašila očekivanja"
2021-10-25,"Cijene stanova u Zagrebu nastavile rast"
2021-10-25,"Odluke središnje banke i cijene stambenih kredita"
2021-10-25,"Središnjoj banci stigli novi podaci o kreditima kućanstava"
2021-10-25,"Hrvatskoj narodnoj banci stigao novi set podataka"
2021-10-25,"Trgovci najavljuju poskupljenje osnovnih namirnica"
2021-10-25,"Središnja banka upozorava na sekundarne učinke inflacije"
2021-10-25,"Eurostat objavio nove podatke o zaposlenosti"
2021-10-25,"Guvernerova ocjena inflacijskih očekivanja kućanstava"
2021-10-25,"HNB: depoziti kucanstava i dalje rastu"
2021-10-25,"Središnja banka objavila izvješće o financijskoj stabilnosti"
2021-10-25,"Središnja banka procjenjuje učinke uvođenja eura"
2021-10-25,"Ministarstvo financija objavilo prihode proračuna"
2021-10-25,"Guverner Vujčić o kretanju cijena u idućoj godini"
2021-10-25,"HNB: pritisak na cijene hrane popusta"
2021-10-25,"Cijene stanova u Zagrebu nastavile rast"
2021-10-25,"Vlada produljila mjere ograničavanja cijena"
2021-10-25,"Središnja banka upozorava na sekundarne učinke inflacije"
2021-10-25,"Eurostat objavio nove podatke o zaposlenosti"
2021-10-25,"HNB objavio tjedni pregled deviznog trzista"
2021-10-25,"Cijene goriva ponovno rastu na benzinskim postajama"
2021-10-25,"Hrvatskoj narodnoj banci stigao novi set podataka"
2021-10-25,"Središnjoj banci stigli novi podaci o kreditima kućanstava"
2021-10-25,"Ministarstvo financija objavilo prihode proračuna"
2021-10-25,"Guverner najavio nove mjere za kreditni rast"
2021-10-25,"Poskupljenje električne energije od sljedećeg mjeseca"
2021-10-25,"HNB: depoziti kucanstava i dalje rastu"
2021-10-25,"Turistička sezona nadmašila očekivanja"
2021-10-25,"Eurostat objavio nove podatke o zaposlenosti"
2021-10-25,"Vujčić: inflacija se vraća prema cilju"
2021-10-25,"Eurostat objavio nove podatke o zaposlenosti"
2021-10-25,"Hrvatske narodne banke tice se i pitanje likvidnosti"
2021-10-25,"HNB: pritisak na cijene hrane popusta"
2021-10-25,"HNB objavio tjedni pregled deviznog trzista"
2021-10-25,"Središnja banka procjenjuje učinke uvođenja eura"
2021-10-25,"HNB: pritisak na cijene hrane popusta"
2021-10-25,"Vlada produljila mjere ograničavanja cijena"
2021-10-25,"Guverner Vujčić o kretanju cijena u idućoj godini"
2021-10-25,"Vlada produljila mjere ograničavanja cijena"
2021-10-25,"Analitičari očekuju usporavanje potrošnje"
2021-11-01,"Središnja banka procjenjuje učinke uvođenja eura"
2021-11-01,"Poskupljenje električne energije od sljedećeg mjeseca"
2021-11-01,"Poskupljenje električne energije od sljedećeg mjeseca"
2021-11-01,"Hrvatska narodna banka o rastu cijena energenata"
2021-11-01,"Središnjoj banci stigli novi podaci o kreditima kućanstava"
2021-11-01,"Guverner najavio nove mjere za kreditni rast"
2021-11-01,"Središnja banka procjenjuje učinke uvođenja eura"
2021-11-01,"Vlada produljila mjere ograničavanja cijena"
2021-11-01,"Cijene goriva ponovno rastu na benzinskim postajama"
2021-11-01,"Vujčić: inflacija se vraća prema cilju"
2021-11-01,"Analitičari očekuju usporavanje potrošnje"
2021-11-01,"Eurostat objavio nove podatke o zaposlenosti"
2021-11-01,"Hrvatska narodna banka o rastu cijena energenata"
2021-11-01,"Poskupljenje električne energije od sljedećeg mjeseca"
2021-11-01,"Središnja banka procjenjuje učinke uvođenja eura"
2021-11-01,"Turistička sezona nadmašila očekivanja"
2021-11-01,"Hrvatska narodna banka o rastu cijena energenata"
2021-11-01,"Što središnja banka poručuje o inflacijskim očekivanjima"
2021-11-01,"Hrvatskoj narodnoj banci stigao novi set podataka"
2021-11-01,"Hrvatske narodne banke tice se i pitanje likvidnosti"
2021-11-01,"HNB: pritisak na cijene hrane popusta"
2021-11-01,"Vujčić: inflacija se vraća prema cilju"
2021-11-01,"HNB: depoziti kucanstava i dalje rastu"
2021-11-01,"Središnja banka procjenjuje učinke uvođenja eura"
2021-11-01,"Središnja banka procjenjuje učinke uvođenja eura"
2021-11-01,"HNB: pritisak na cijene hrane popusta"
2021-11-01,"Sindikati traže povećanje minimalne plaće"
2021-11-01,"Cijene goriva ponovno rastu na benzinskim postajama"
2021-11-01,"Hrvatskoj narodnoj banci stigao novi set podataka"
2021-11-01,"Guvernerova ocjena inflacijskih očekivanja kućanstava"
2021-11-01,"Ministarstvo financija objavilo prihode proračuna"
2021-11-01,"Središnja banka upozorava na sekundarne učinke inflacije"
2021-11-01,"Središnjoj banci stigli novi podaci o kreditima kućanstava"
2021-11-01,"Guverner Vujčić o kretanju cijena u idućoj godini"
2021-11-01,"Sindikati traže povećanje minimalne plaće"
2021-11-01,"Središnja banka procjenjuje učinke uvođenja eura"
2021-11-01,"Vlada produljila mjere ograničavanja cijena"
2021-11-01,"Cijene stanova u Zagrebu nastavile rast"
2021-11-01,"Poskupljenje električne energije od sljedećeg mjeseca"
2021-11-01,"Ministarstvo financija objavilo prihode proračuna"
2021-11-01,"Sindikati traže povećanje minimalne plaće"
2021-11-01,"Središnja banka upozorava na sekundarne učinke inflacije"
2021-11-01,"Ministarstvo financija objavilo prihode proračuna"
2021-11-01,"HNB: depoziti kucanstava i dalje rastu"
2021-11-01,"Hrvatskoj narodnoj banci stigao novi set podataka"
2021-11-01,"Vujčić: inflacija se vraća prema cilju"
2021-11-01,"HNB: depoziti kucanstava i dalje rastu"
2021-11-08,"Ministarstvo financija objavilo prihode proračuna"
2021-11-08,"Vlada produljila mjere ograničavanja cijena"
2021-11-08,"Središnjoj banci stigli novi podaci o kreditima kućanstava"
2021-11-08,"Guverner najavio nove mjere za kreditni rast"
2021-11-08,"Hrvatska narodna banka o rastu cijena energenata"
2021-11-08,"Središnja banka procjenjuje učinke uvođenja eura"
2021-11-08,"HNB: pritisak na cijene hrane popusta"
2021-11-08,"Vlada produljila mjere ograničavanja cijena"
2021-11-08,"Središnja banka upozorava na sekundarne učinke inflacije"
2021-11-08,"Analitičari očekuju usporavanje potrošnje"
2021-11-08,"Središnja banka objavila izvješće o financijskoj stabilnosti"
2021-11-08,"Središnja banka objavila izvješće o financijskoj stabilnosti"
2021-11-08,"Guvernerova ocjena inflacijskih očekivanja kućanstava"
2021-11-08,"Sindikati traže povećanje minimalne plaće"
2021-11-08,"Središnja banka procjenjuje učinke uvođenja eura"
2021-11-08,"Vujčić: inflacija se vraća prema cilju"
2021-11-08,"HNB: depoziti kucanstava i dalje rastu"
2021-11-08,"Cijene goriva ponovno rastu na benzinskim postajama"
2021-11-08,"Poskupljenje električne energije od sljedećeg mjeseca"
2021-11-08,"Središnja banka procjenjuje učinke uvođenja eura"
2021-11-08,"Guverner najavio nove mjere za kreditni rast"
2021-11-08,"Središnja banka procjenjuje učinke uvođenja eura"
2021-11-08,"HNB: pritisak na cijene hrane popusta"
2021-11-08,"Cijene stanova u Zagrebu nastavile rast"
2021-11-08,"Turistička sezona nadmašila očekivanja"
2021-11-08,"Analitičari očekuju usporavanje potrošnje"
2021-11-08,"Ministarstvo financija objavilo prihode proračuna"
2021-11-08,"HNB objavio tjedni pregled deviznog trzista"
2021-11-08,"Hrvatska narodna banka o rastu cijena energenata"
2021-11-08,"Središnjoj banci stigli novi podaci o kreditima kućanstava"
2021-11-08,"Guverner Vujčić o kretanju cijena u idućoj godini"
2021-11-08,"Središnja banka procjenjuje učinke uvođenja eura"
2021-11-08,"Ministarstvo financija objavilo prihode proračuna"
2021-11-08,"Što središnja banka poručuje o inflacijskim očekivanjima"
2021-11-08,"Analitičari očekuju usporavanje potrošnje"
2021-11-08,"Trgovci najavljuju poskupljenje osnovnih namirnica"
2021-11-08,"Središnja banka objavila izvješće o financijskoj stabilnosti"
2021-11-08,"Ministarstvo financija objavilo prihode proračuna"
2021-11-08,"Analitičari očekuju usporavanje potrošnje"
2021-11-08,"Guverner najavio nove mjere za kreditni rast"
2021-11-08,"Trgovci najavljuju poskupljenje osnovnih namirnica"
2021-11-08,"Središnja banka procjenjuje učinke uvođenja eura"
2021-11-08,"Što središnja banka poručuje o inflacijskim očekivanjima"
2021-11-08,"Odluke središnje banke i cijene stambenih kredita"
2021-11-08,"HNB: depoziti kucanstava i dalje rastu"
2021-11-08,"Ministarstvo financija objavilo prihode proračuna"
2021-11-08,"Odluke središnje banke i cijene stambenih kredita"
2021-11-08,"Trgovci najavljuju poskupljenje osnovnih namirnica"
2021-11-08,"HNB objavio tjedni pregled deviznog trzista"
2021-11-08,"Sindikati traže povećanje minimalne plaće"
2021-11-08,"Što središnja banka poručuje o inflacijskim očekivanjima"
2021-11-15,"Poskupljenje električne energije od sljedećeg mjeseca"
2021-11-15,"Trgovci najavljuju poskupljenje osnovnih namirnica"
2021-11-15,"Guverner Vujčić o kretanju cijena u idućoj godini"
2021-11-15,"Odluke središnje banke i cijene stambenih kredita"
2021-11-15,"Odluke središnje banke i cijene stambenih kredita"
2021-11-15,"Središnja banka objavila izvješće o financijskoj stabilnosti"
2021-11-15,"Hrvatska narodna banka o rastu cijena energenata"
2021-11-15,"Eurostat objavio nove podatke o zaposlenosti"
2021-11-15,"HNB: depoziti kucanstava i dalje rastu"
2021-11-15,"HNB objavio tjedni pregled deviznog trzista"
2021-11-15,"HNB: depoziti kucanstava i dalje rastu"
2021-11-15,"Središnja banka procjenjuje učinke uvođenja eura"
2021-11-15,"Središnjoj banci stigli novi podaci o kreditima kućanstava"
2021-11-15,"Poskupljenje električne energije od sljedećeg mjeseca"
2021-11-15,"Hrvatska narodna banka o rastu cijena energenata"
2021-11-15,"Cijene stanova u Zagrebu nastavile rast"
2021-11-15,"Hrvatska narodna banka o rastu cijena energenata"
2021-11-15,"Središnjoj banci stigli novi podaci o kreditima kućanstava"
2021-11-15,"Sindikati traže povećanje minimalne plaće"
2021-11-15,"Središnjoj banci stigli novi podaci o kreditima kućanstava"
2021-11-15,"Ministarstvo financija objavilo prihode proračuna"
2021-11-15,"HNB: depoziti kucanstava i dalje rastu"
2021-11-15,"HNB objavio tjedni pregled deviznog trzista"
2021-11-15,"Guverner najavio nove mjere za kreditni rast"
2021-11-15,"Središnja banka procjenjuje učinke uvođenja eura"
2021-11-15,"HNB: depoziti kucanstava i dalje rastu"
2021-11-15,"Cijene stanova u Zagrebu nastavile rast"
2021-11-15,"Cijene stanova u Zagrebu nastavile rast"
2021-11-15,"Trgovci najavljuju poskupljenje osnovnih namirnica"
2021-11-15,"Guverner najavio nove mjere za kreditni rast"
2021-11-15,"Ministarstvo financija objavilo prihode proračuna"
2021-11-15,"Što središnja banka poručuje o inflacijskim očekivanjima"
2021-11-15,"Sindikati traže povećanje minimalne plaće"
2021-11-15,"HNB objavio tjedni pregled deviznog trzista"
2021-11-15,"Središnja banka upozorava na sekundarne učinke inflacije"
2021-11-15,"Vujčić: inflacija se vraća prema cilju"
2021-11-15,"Hrvatska narodna banka o rastu cijena energenata"
2021-11-15,"Turistička sezona nadmašila očekivanja"
2021-11-15,"Cijene stanova u Zagrebu nastavile rast"
2021-11-15,"Cijene goriva ponovno rastu na benzinskim postajama"
2021-11-15,"Guverner najavio nove mjere za kreditni rast"
2021-11-15,"Guverner Vujčić o kretanju cijena u idućoj godini"
2021-11-15,"Poskupljenje električne energije od sljedećeg mjeseca"
2021-11-15,"Ministarstvo financija objavilo prihode proračuna"
2021-11-15,"Cijene stanova u Zagrebu nastavile rast"
2021-11-15,"HNB: depoziti kucanstava i dalje rastu"
2021-11-15,"HNB: pritisak na cijene hrane popusta"
2021-11-22,"Središnja banka upozorava na sekundarne učinke inflacije"
2021-11-22,"Sindikati traže povećanje minimalne plaće"
2021-11-22,"Vlada produljila mjere ograničavanja cijena"
2021-11-22,"Središnja banka objavila izvješće o financijskoj stabilnosti"
2021-11-22,"Što središnja banka poručuje o inflacijskim očekivanjima"
2021-11-22,"Analitičari očekuju usporavanje potrošnje"
2021-11-22,"HNB: depoziti kucanstava i dalje rastu"
2021-11-22,"Cijene goriva ponovno rastu na benzinskim postajama"
2021-11-22,"Analitičari očekuju usporavanje potrošnje"
2021-11-22,"Središnja banka upozorava na sekundarne učinke inflacije"
2021-11-22,"Eurostat objavio nove podatke o zaposlenosti"
2021-11-22,"HNB objavio tjedni pregled deviznog trzista"
2021-11-22,"Vujčić: inflacija se vraća prema cilju"
2021-11-22,"Sindikati traže povećanje minimalne plaće"
2021-11-22,"Cijene goriva ponovno rastu na benzinskim postajama"
2021-11-22,"Vlada produljila mjere ograničavanja cijena"
2021-11-22,"Središnja banka objavila izvješće o financijskoj stabilnosti"
2021-11-22,"Hrvatske narodne banke tice se i pitanje likvidnosti"
2021-11-22,"Guvernerova ocjena inflacijskih očekivanja kućanstava"
2021-11-22,"HNB: depoziti kucanstava i dalje rastu"
2021-11-22,"Guvernerova ocjena inflacijskih očekivanja kućanstava"
2021-11-22,"Trgovci najavljuju poskupljenje osnovnih namirnica"
2021-11-22,"Središnjoj banci stigli novi podaci o kreditima kućanstava"
2021-11-22,"Analitičari očekuju usporavanje potrošnje"
2021-11-22,"Odluke središnje banke i cijene stambenih kredita"
2021-11-22,"Analitičari očekuju usporavanje potrošnje"
2021-11-22,"Središnja banka procjenjuje učinke uvođenja eura"
2021-11-22,"Vlada produljila mjere ograničavanja cijena"
2021-11-22,"Središnja banka upozorava na sekundarne učinke inflacije"
2021-11-22,"HNB: depoziti kucanstava i dalje rastu"
2021-11-22,"Hrvatskoj narodnoj banci stigao novi set podataka"
2021-11-22,"Hrvatska narodna banka o rastu cijena energenata"
2021-11-22,"HNB objavio tjedni pregled deviznog trzista"
2021-11-22,"Cijene stanova u Zagrebu nastavile rast"
2021-11-22,"HNB: pritisak na cijene hrane popusta"
2021-11-22,"HNB: pritisak na cijene hrane popusta"
2021-11-22,"Ministarstvo financija objavilo prihode proračuna"
2021-11-22,"Guverner najavio nove mjere za kreditni rast"
2021-11-22,"Središnja banka upozorava na sekundarne učinke inflacije"
2021-11-22,"Središnja banka upozorava na sekundarne učinke inflacije"
2021-11-22,"Eurostat objavio nove podatke o zaposlenosti"
2021-11-22,"Što središnja banka poručuje o inflacijskim očekivanjima"
2021-11-22,"Cijene goriva ponovno rastu na benzinskim postajama"
2021-11-22,"Guvernerova ocjena inflacijskih očekivanja kućanstava"
2021-11-22,"Eurostat objavio nove podatke o zaposlenosti"
2021-11-22,"Središnja banka upozorava na sekundarne učinke inflacije"
2021-11-22,"Analitičari očekuju usporavanje potrošnje"
2021-11-22,"Hrvatske narodne banke tice se i pitanje likvidnosti"
2021-11-22,"Guverner Vujčić o kretanju cijena u idućoj godini"
2021-11-29,"Hrvatske narodne banke tice se i pitanje likvidnosti"
2021-11-29,"HNB: pritisak na cijene hrane popusta"
2021-11-29,"Guverner najavio nove mjere za kreditni rast"
2021-11-29,"Poskupljenje električne energije od sljedećeg mjeseca"
2021-11-29,"Hrvatske narodne banke tice se i pitanje likvidnosti"
2021-11-29,"Središnja banka procjenjuje učinke uvođenja eura"
2021-11-29,"Cijene stanova u Zagrebu nastavile rast"
2021-11-29,"Hrvatske narodne banke tice se i pitanje likvidnosti"
2021-11-29,"Središnjoj banci stigli novi podaci o kreditima kućanstava"
2021-11-29,"HNB objavio tjedni pregled deviznog trzista"
2021-11-29,"Poskupljenje električne energije od sljedećeg mjeseca"
2021-11-29,"Hrvatske narodne banke tice se i pitanje likvidnosti"
2021-11-29,"HNB objavio tjedni pregled deviznog trzista"
2021-11-29,"Eurostat objavio nove podatke o zaposlenosti"
2021-11-29,"HNB: depoziti kucanstava i dalje rastu"
2021-11-29,"Cijene stanova u Zagrebu nastavile rast"
2021-11-29,"HNB objavio tjedni pregled deviznog trzista"
2021-11-29,"Cijene goriva ponovno rastu na benzinskim postajama"
2021-11-29,"Ministarstvo financija objavilo prihode proračuna"
2021-11-29,"Ministarstvo financija objavilo prihode proračuna"
2021-11-29,"Hrvatskoj narodnoj banci stigao novi set podataka"
2021-11-29,"Središnja banka upozorava na sekundarne učinke inflacije"
2021-11-29,"Središnjoj banci stigli novi podaci o kreditima kućanstava"
2021-11-29,"Cijene goriva ponovno rastu na benzinskim postajama"
2021-11-29,"Cijene goriva ponovno rastu na benzinskim postajama"
2021-11-29,"Vujčić: inflacija se vraća prema cilju"
2021-11-29,"HNB: pritisak na cijene hrane popusta"
2021-11-29,"Što središnja banka poručuje o inflacijskim očekivanjima"
2021-11-29,"Vujčić: inflacija se vraća prema cilju"
2021-11-29,"Cijene goriva ponovno rastu na benzinskim postajama"
2021-11-29,"Eurostat objavio nove podatke o zaposlenosti"
2021-11-29,"HNB: depoziti kucanstava i dalje rastu"
2021-11-29,"Hrvatskoj narodnoj banci stigao novi set podataka"
2021-11-29,"Vlada produljila mjere ograničavanja cijena"
2021-11-29,"Guverner Vujčić o kretanju cijena u idućoj godini"
2021-11-29,"Hrvatskoj narodnoj banci stigao novi set podataka"
2021-11-29,"Cijene goriva ponovno rastu na benzinskim postajama"
2021-11-29,"HNB objavio tjedni pregled deviznog trzista"
2021-11-29,"Trgovci najavljuju poskupljenje osnovnih namirnica"
2021-11-29,"Vlada produljila mjere ograničavanja cijena"
2021-11-29,"Cijene stanova u Zagrebu nastavile rast"
2021-11-29,"HNB: depoziti kucanstava i dalje rastu"
2021-11-29,"Vujčić: inflacija se vraća prema cilju"
2021-12-06,"Sindikati traže povećanje minimalne plaće"
2021-12-06,"Središnja banka procjenjuje učinke uvođenja eura"
2021-12-06,"Vujčić: inflacija se vraća prema cilju"
2021-12-06,"Guverner Vujčić o kretanju cijena u idućoj godini"
2021-12-06,"Poskupljenje električne energije od sljedećeg mjeseca"
2021-12-06,"Hrvatske narodne banke tice se i pitanje likvidnosti"
2021-12-06,"Što središnja banka poručuje o inflacijskim očekivanjima"
2021-12-06,"Središnja banka upozorava na sekundarne učinke inflacije"
2021-12-06,"Turistička sezona nadmašila očekivanja"
2021-12-06,"HNB: pritisak na cijene hrane popusta"
2021-12-06,"Vlada produljila mjere ograničavanja cijena"
2021-12-06,"Trgovci najavljuju poskupljenje osnovnih namirnica"
2021-12-06,"Vlada produljila mjere ograničavanja cijena"
2021-12-06,"Cijene goriva ponovno rastu na benzinskim postajama"
2021-12-06,"Što središnja banka poručuje o inflacijskim očekivanjima"
2021-12-06,"Trgovci najavljuju poskupljenje osnovnih namirnica"
2021-12-06,"Trgovci najavljuju poskupljenje osnovnih namirnica"
2021-12-06,"Guverner Vujčić o kretanju cijena u idućoj godini"
2021-12-06,"Guvernerova ocjena inflacijskih očekivanja kućanstava"
2021-12-06,"Poskupljenje električne energije od sljedećeg mjeseca"
2021-12-06,"Hrvatskoj narodnoj banci stigao novi set podataka"
2021-12-06,"Hrvatskoj narodnoj banci stigao novi set podataka"
2021-12-06,"Hrvatske narodne banke tice se i pitanje likvidnosti"
2021-12-06,"Vlada produljila mjere ograničavanja cijena"
2021-12-06,"Hrvatske narodne banke tice se i pitanje likvidnosti"
2021-12-06,"Guvernerova ocjena inflacijskih očekivanja kućanstava"
2021-12-06,"Središnja banka upozorava na sekundarne učinke inflacije"
2021-12-06,"Središnjoj banci stigli novi podaci o kreditima kućanstava"
2021-12-06,"Eurostat objavio nove podatke o zaposlenosti"
2021-12-06,"Cijene goriva ponovno rastu na benzinskim postajama"
2021-12-06,"Središnjoj banci stigli novi podaci o kreditima kućanstava"
2021-12-06,"Odluke središnje banke i cijene stambenih kredita"
2021-12-06,"HNB: pritisak na cijene hrane popusta"
2021-12-06,"HNB objavio tjedni pregled deviznog trzista"
2021-12-06,"HNB: depoziti kucanstava i dalje rastu"
2021-12-06,"Hrvatske narodne banke tice se i pitanje likvidnosti"
2021-12-06,"Hrvatskoj narodnoj banci stigao novi set podataka"
2021-12-06,"Trgovci najavljuju poskupljenje osnovnih namirnica"
2021-12-06,"HNB objavio tjedni pregled deviznog trzista"
2021-12-06,"Eurostat objavio nove podatke o zaposlenosti"
2021-12-06,"Vujčić: inflacija se vraća prema cilju"
2021-12-06,"Hrvatskoj narodnoj banci stigao novi set podataka"
2021-12-06,"Hrvatska narodna banka o rastu cijena energenata"
2021-12-06,"Trgovci najavljuju poskupljenje osnovnih namirnica"
2021-12-06,"Hrvatske narodne banke tice se i pitanje likvidnosti"
2021-12-06,"Cijene stanova u Zagrebu nastavile rast"
2021-12-06,"Eurostat objavio nove podatke o zaposlenosti"
2021-12-13,"HNB: pritisak na cijene hrane popusta"
2021-12-13,"HNB: pritisak na cijene hrane popusta"
2021-12-13,"Cijene stanova u Zagrebu nastavile rast"
2021-12-13,"Što središnja banka poručuje o inflacijskim očekivanjima"
2021-12-13,"Središnjoj banci stigli novi podaci o kreditima kućanstava"
2021-12-13,"Guvernerova ocjena inflacijskih očekivanja kućanstava"
2021-12-13,"Guverner najavio nove mjere za kreditni rast"
2021-12-13,"Sindikati traže povećanje minimalne plaće"
2021-12-13,"HNB: pritisak na cijene hrane popusta"
2021-12-13,"HNB: depoziti kucanstava i dalje rastu"
2021-12-13,"Vlada produljila mjere ograničavanja cijena"
2021-12-13,"Analitičari očekuju usporavanje potrošnje"
2021-12-13,"Guvernerova ocjena inflacijskih očekivanja kućanstava"
2021-12-13,"Trgovci najavljuju poskupljenje osnovnih namirnica"
2021-12-13,"Analitičari očekuju usporavanje potrošnje"
2021-12-13,"Središnja banka procjenjuje učinke uvođenja eura"
2021-12-13,"Sindikati traže povećanje minimalne plaće"
2021-12-13,"Poskupljenje električne energije od sljedećeg mjeseca"
2021-12-13,"Središnja banka upozorava na sekundarne učinke inflacije"
2021-12-13,"HNB: pritisak na cijene hrane popusta"
2021-12-13,"HNB: depoziti kucanstava i dalje rastu"
2021-12-13,"Analitičari očekuju usporavanje potrošnje"
2021-12-13,"Hrvatske narodne banke tice se i pitanje likvidnosti"
2021-12-13,"Što središnja banka poručuje o inflacijskim očekivanjima"
2021-12-13,"Vujčić: inflacija se vraća prema cilju"
2021-12-13,"Trgovci najavljuju poskupljenje osnovnih namirnica"
2021-12-13,"HNB objavio tjedni pregled deviznog trzista"
2021-12-13,"Trgovci najavljuju poskupljenje osnovnih namirnica"
2021-12-13,"Što središnja banka poručuje o inflacijskim očekivanjima"
2021-12-13,"Eurostat objavio nove podatke o zaposlenosti"
2021-12-13,"Odluke središnje banke i cijene stambenih kredita"
2021-12-13,"Središnja banka upozorava na sekundarne učinke inflacije"
2021-12-13,"Središnjoj banci stigli novi podaci o kreditima kućanstava"
2021-12-13,"Hrvatska narodna banka o rastu cijena energenata"
2021-12-13,"HNB: pritisak na cijene hrane popusta"
2021-12-13,"Vujčić: inflacija se vraća prema cilju"
2021-12-13,"Turistička sezona nadmašila očekivanja"
2021-12-13,"Cijene goriva ponovno rastu na benzinskim postajama"
2021-12-13,"Ministarstvo financija objavilo prihode proračuna"
2021-12-13,"Vlada produljila mjere ograničavanja cijena"
2021-12-13,"Sindikati traže povećanje minimalne plaće"
2021-12-13,"HNB: depoziti kucanstava i dalje rastu"
2021-12-13,"Cijene goriva ponovno rastu na benzinskim postajama"
2021-12-13,"Guverner Vujčić o kretanju cijena u idućoj godini"
2021-12-13,"Središnjoj banci stigli novi podaci o kreditima kućanstava"
2021-12-13,"Hrvatska narodna banka o rastu cijena energenata"
2021-12-20,"Središnja banka objavila izvješće o financijskoj stabilnosti"
2021-12-20,"Središnja banka upozorava na sekundarne učinke inflacije"
2021-12-20,"Vujčić: inflacija se vraća prema cilju"
2021-12-20,"Cijene goriva ponovno rastu na benzinskim postajama"
2021-12-20,"Ministarstvo financija objavilo prihode proračuna"
2021-12-20,"Vlada produljila mjere ograničavanja cijena"
2021-12-20,"Hrvatskoj narodnoj banci stigao novi set podataka"
2021-12-20,"Hrvatske narodne banke tice se i pitanje likvidnosti"
2021-12-20,"Središnja banka procjenjuje učinke uvođenja eura"
2021-12-20,"Poskupljenje električne energije od sljedećeg mjeseca"
2021-12-20,"Hrvatske narodne banke tice se i pitanje likvidnosti"
2021-12-20,"Što središnja banka poručuje o inflacijskim očekivanjima"
2021-12-20,"Eurostat objavio nove podatke o zaposlenosti"
2021-12-20,"Središnja banka upozorava na sekundarne učinke inflacije"
2021-12-20,"Vlada produljila mjere ograničavanja cijena"
2021-12-20,"Odluke središnje banke i cijene stambenih kredita"
2021-12-20,"Turistička sezona nadmašila očekivanja"
2021-12-20,"Guvernerova ocjena inflacijskih očekivanja kućanstava"
2021-12-20,"Turistička sezona nadmašila očekivanja"
2021-12-20,"Sindikati traže povećanje minimalne plaće"
2021-12-20,"Guverner najavio nove mjere za kreditni rast"
2021-12-20,"Hrvatska narodna banka o rastu cijena energenata"
2021-12-20,"Vlada produljila mjere ograničavanja cijena"
2021-12-20,"Hrvatske narodne banke tice se i pitanje likvidnosti"
2021-12-20,"Središnjoj banci stigli novi podaci o kreditima kućanstava"
2021-12-20,"Odluke središnje banke i cijene stambenih kredita"
2021-12-20,"Cijene stanova u Zagrebu nastavile rast"
2021-12-20,"Odluke središnje banke i cijene stambenih kredita"
2021-12-20,"Središnjoj banci stigli novi podaci o kreditima kućanstava"
2021-12-20,"Što središnja banka poručuje o inflacijskim očekivanjima"
2021-12-20,"Guverner najavio nove mjere za kreditni rast"
2021-12-20,"Što središnja banka poručuje o inflacijskim očekivanjima"
2021-12-20,"Središnja banka upozorava na sekundarne učinke inflacije"
2021-12-20,"Guverner najavio nove mjere za kreditni rast"
2021-12-20,"Ministarstvo financija objavilo prihode proračuna"
2021-12-20,"Poskupljenje električne energije od sljedećeg mjeseca"
2021-12-20,"Trgovci najavljuju poskupljenje osnovnih namirnica"
2021-12-20,"Što središnja banka poručuje o inflacijskim očekivanjima"
2021-12-20,"Središnja banka upozorava na sekundarne učinke inflacije"
2021-12-20,"Hrvatska narodna banka o rastu cijena energenata"
2021-12-20,"Poskupljenje električne energije od sljedećeg mjeseca"
2021-12-20,"Analitičari očekuju usporavanje potrošnje"
2021-12-20,"Što središnja banka poručuje o inflacijskim očekivanjima"
2021-12-20,"Vujčić: inflacija se vraća prema cilju"
2021-12-20,"Sindikati traže povećanje minimalne plaće"
2021-12-20,"Sindikati traže povećanje minimalne plaće"
2021-12-20,"HNB: pritisak na cijene hrane popusta"
2021-12-27,"Središnja banka objavila izvješće o financijskoj stabilnosti"
2021-12-27,"Eurostat objavio nove podatke o zaposlenosti"
2021-12-27,"Što središnja banka poručuje o inflacijskim očekivanjima"
2021-12-27,"Guverner Vujčić o kretanju cijena u idućoj godini"
2021-12-27,"Vujčić: inflacija se vraća prema cilju"
2021-12-27,"Turistička sezona nadmašila očekivanja"
2021-12-27,"Hrvatska narodna banka o rastu cijena energenata"
2021-12-27,"Vujčić: inflacija se vraća prema cilju"
2021-12-27,"Središnjoj banci stigli novi podaci o kreditima kućanstava"
2021-12-27,"Turistička sezona nadmašila očekivanja"
2021-12-27,"Što središnja banka poručuje o inflacijskim očekivanjima"
2021-12-27,"Poskupljenje električne energije od sljedećeg mjeseca"
2021-12-27,"Vujčić: inflacija se vraća prema cilju"
2021-12-27,"Središnjoj banci stigli novi podaci o kreditima kućanstava"
2021-12-27,"Hrvatskoj narodnoj banci stigao novi set podataka"
2021-12-27,"Cijene stanova u Zagrebu nastavile rast"
2021-12-27,"Središnja banka objavila izvješće o financijskoj stabilnosti"
2021-12-27,"Guverner Vujčić o kretanju cijena u idućoj godini"
2021-12-27,"Ministarstvo financija objavilo prihode proračuna"
2021-12-27,"Cijene stanova u Zagrebu nastavile rast"
2021-12-27,"Ministarstvo financija objavilo prihode proračuna"
2021-12-27,"Središnjoj banci stigli novi podaci o kreditima kućanstava"
2021-12-27,"HNB objavio tjedni pregled deviznog trzista"
2021-12-27,"Ministarstvo financija objavilo prihode proračuna"
2021-12-27,"Središnjoj banci stigli novi podaci o kreditima kućanstava"
2021-12-27,"Hrvatska narodna banka o rastu cijena energenata"
2021-12-27,"Vlada produljila mjere ograničavanja cijena"
2021-12-27,"Odluke središnje banke i cijene stambenih kredita"
2021-12-27,"Središnjoj banci stigli novi podaci o kreditima kućanstava"
2021-12-27,"Analitičari očekuju usporavanje potrošnje"
2021-12-27,"Središnja banka upozorava na sekundarne učinke inflacije"
2021-12-27,"Guverner najavio nove mjere za kreditni rast"
2021-12-27,"HNB: pritisak na cijene hrane popusta"
2021-12-27,"Eurostat objavio nove podatke o zaposlenosti"
2021-12-27,"Hrvatske narodne banke tice se i pitanje likvidnosti"
2021-12-27,"Turistička sezona nadmašila očekivanja"
2021-12-27,"HNB: pritisak na cijene hrane popusta"
2021-12-27,"HNB objavio tjedni pregled deviznog trzista"
2021-12-27,"Sindikati traže povećanje minimalne plaće"
2021-12-27,"Hrvatske narodne banke tice se i pitanje likvidnosti"
2021-12-27,"HNB: pritisak na cijene hrane popusta"
2021-12-27,"HNB objavio tjedni pregled deviznog trzista"
2021-12-27,"Sindikati traže povećanje minimalne plaće"
2021-12-27,"Cijene stanova u Zagrebu nastavile rast"
2021-12-27,"Trgovci najavljuju poskupljenje osnovnih namirnica"
2021-12-27,"Trgovci najavljuju poskupljenje osnovnih namirnica"
2022-01-03,"Analitičari očekuju usporavanje potrošnje"
2022-01-03,"Hrvatske narodne banke tice se i pitanje likvidnosti"
2022-01-03,"Hrvatske narodne banke tice se i pitanje likvidnosti"
2022-01-03,"Hrvatska narodna banka o rastu cijena energenata"
2022-01-03,"HNB: depoziti kucanstava i dalje rastu"
2022-01-03,"Cijene goriva ponovno rastu na benzinskim postajama"
2022-01-03,"Vlada produljila mjere ograničavanja cijena"
2022-01-03,"Guvernerova ocjena inflacijskih očekivanja kućanstava"
2022-01-03,"Trgovci najavljuju poskupljenje osnovnih namirnica"
2022-01-03,"Trgovci najavljuju poskupljenje osnovnih namirnica"
2022-01-03,"HNB objavio tjedni pregled deviznog trzista"
2022-01-03,"Analitičari očekuju usporavanje potrošnje"
2022-01-03,"Središnja banka procjenjuje učinke uvođenja eura"
2022-01-03,"HNB: pritisak na cijene hrane popusta"
2022-01-03,"Cijene stanova u Zagrebu nastavile rast"
2022-01-03,"Guverner Vujčić o kretanju cijena u idućoj godini"
2022-01-03,"Odluke središnje banke i cijene stambenih kredita"
2022-01-03,"Guverner Vujčić o kretanju cijena u idućoj godini"
2022-01-03,"Hrvatske narodne banke tice se i pitanje likvidnosti"
2022-01-03,"Sindikati traže povećanje minimalne plaće"
2022-01-03,"Guverner Vujčić o kretanju cijena u idućoj godini"
2022-01-03,"Hrvatska narodna banka o rastu cijena energenata"
2022-01-03,"Odluke središnje banke i cijene stambenih kredita"
2022-01-03,"Hrvatske narodne banke tice se i pitanje likvidnosti"
2022-01-03,"Sindikati traže povećanje minimalne plaće"
2022-01-03,"Središnja banka objavila izvješće o financijskoj stabilnosti"
2022-01-03,"Guverner Vujčić o kretanju cijena u idućoj godini"
2022-01-03,"Cijene stanova u Zagrebu nastavile rast"
2022-01-03,"Odluke središnje banke i cijene stambenih kredita"
2022-01-03,"Ministarstvo financija objavilo prihode proračuna"
2022-01-03,"HNB: pritisak na cijene hrane popusta"
2022-01-03,"Vlada produljila mjere ograničavanja cijena"
2022-01-03,"Poskupljenje električne energije od sljedećeg mjeseca"
2022-01-03,"Što središnja banka poručuje o inflacijskim očekivanjima"
2022-01-03,"Središnjoj banci stigli novi podaci o kreditima kućanstava"
2022-01-03,"Analitičari očekuju usporavanje potrošnje"
2022-01-03,"Hrvatske narodne banke tice se i pitanje likvidnosti"
2022-01-03,"Središnja banka objavila izvješće o financijskoj stabilnosti"
2022-01-03,"Središnja banka upozorava na sekundarne učinke inflacije"
2022-01-03,"HNB objavio tjedni pregled deviznog trzista"
2022-01-03,"Turistička sezona nadmašila očekivanja"
2022-01-03,"Poskupljenje električne energije od sljedećeg mjeseca"
2022-01-03,"Sindikati traže povećanje minimalne plaće"
2022-01-10,"Sindikati traže povećanje minimalne plaće"
2022-01-10,"Što središnja banka poručuje o inflacijskim očekivanjima"
2022-01-10,"Odluke središnje banke i cijene stambenih kredita"
2022-01-10,"Središnja banka upozorava na sekundarne učinke inflacije"
2022-01-10,"Središnja banka procjenjuje učinke uvođenja eura"
2022-01-10,"Cijene stanova u Zagrebu nastavile rast"
2022-01-10,"Guvernerova ocjena inflacijskih očekivanja kućanstava"
2022-01-10,"Središnjoj banci stigli novi podaci o kreditima kućanstava"
2022-01-10,"Vujčić: inflacija se vraća prema cilju"
2022-01-10,"Središnja banka procjenjuje učinke uvođenja eura"
2022-01-10,"Odluke središnje banke i cijene stambenih kredita"
2022-01-10,"Poskupljenje električne energije od sljedećeg mjeseca"
2022-01-10,"Guverner najavio nove mjere za kreditni rast"
2022-01-10,"Hrvatskoj narodnoj banci stigao novi set podataka"
2022-01-10,"Guverner Vujčić o kretanju cijena u idućoj godini"
2022-01-10,"Turistička sezona nadmašila očekivanja"
2022-01-10,"Odluke središnje banke i cijene stambenih kredita"
2022-01-10,"HNB objavio tjedni pregled deviznog trzista"
2022-01-10,"Cijene stanova u Zagrebu nastavile rast"
2022-01-10,"Hrvatska narodna banka o rastu cijena energenata"
2022-01-10,"Turistička sezona nadmašila očekivanja"
2022-01-10,"Središnja banka objavila izvješće o financijskoj stabilnosti"
2022-01-10,"HNB: pritisak na cijene hrane popusta"
2022-01-10,"Odluke središnje banke i cijene stambenih kredita"
2022-01-10,"Središnja banka objavila izvješće o financijskoj stabilnosti"
2022-01-10,"Vlada produljila mjere ograničavanja cijena"
2022-01-10,"Ministarstvo financija objavilo prihode proračuna"
2022-01-10,"Središnjoj banci stigli novi podaci o kreditima kućanstava"
2022-01-10,"HNB: depoziti kucanstava i dalje rastu"
2022-01-10,"Turistička sezona nadmašila očekivanja"
2022-01-10,"Sindikati traže povećanje minimalne plaće"
2022-01-10,"Sindikati traže povećanje minimalne plaće"
2022-01-10,"Odluke središnje banke i cijene stambenih kredita"
2022-01-10,"Eurostat objavio nove podatke o zaposlenosti"
2022-01-10,"Trgovci najavljuju poskupljenje osnovnih namirnica"
2022-01-10,"Hrvatskoj narodnoj banci stigao novi set podataka"
2022-01-10,"Analitičari očekuju usporavanje potrošnje"
2022-01-10,"Guvernerova ocjena inflacijskih očekivanja kućanstava"
2022-01-10,"Eurostat objavio nove podatke o zaposlenosti"
2022-01-17,"HNB: pritisak na cijene hrane popusta"
2022-01-17,"Hrvatska narodna banka o rastu cijena energenata"
2022-01-17,"Guverner Vujčić o kretanju cijena u idućoj godini"
2022-01-17,"Guverner najavio nove mjere za kreditni rast"
2022-01-17,"Središnja banka objavila izvješće o financijskoj stabilnosti"
2022-01-17,"Analitičari očekuju usporavanje potrošnje"
2022-01-17,"Hrvatske narodne banke tice se i pitanje likvidnosti"
2022-01-17,"Vlada produljila mjere ograničavanja cijena"
2022-01-17,"Središnja banka upozorava na sekundarne učinke inflacije"
2022-01-17,"HNB objavio tjedni pregled deviznog trzista"
2022-01-17,"Što središnja banka poručuje o inflacijskim očekivanjima"
2022-01-17,"Guvernerova ocjena inflacijskih očekivanja kućanstava"
2022-01-17,"Ministarstvo financija objavilo prihode proračuna"
2022-01-17,"Ministarstvo financija objavilo prihode proračuna"
2022-01-17,"Cijene stanova u Zagrebu nastavile rast"
2022-01-17,"Što središnja banka poručuje o inflacijskim očekivanjima"
2022-01-17,"HNB objavio tjedni pregled deviznog trzista"
2022-01-17,"Turistička sezona nadmašila očekivanja"
2022-01-17,"Eurostat objavio nove podatke o zaposlenosti"
2022-01-17,"Središnja banka objavila izvješće o financijskoj stabilnosti"
2022-01-17,"Eurostat objavio nove podatke o zaposlenosti"
2022-01-17,"Sindikati traže povećanje minimalne plaće"
2022-01-17,"Guverner Vujčić o kretanju cijena u idućoj godini"
2022-01-17,"Ministarstvo financija objavilo prihode proračuna"
2022-01-17,"Guverner najavio nove mjere za kreditni rast"
2022-01-17,"Cijene goriva ponovno rastu na benzinskim postajama"
2022-01-17,"Hrvatske narodne banke tice se i pitanje likvidnosti"
2022-01-17,"Hrvatske narodne banke tice se i pitanje likvidnosti"
2022-01-17,"Trgovci najavljuju poskupljenje osnovnih namirnica"
2022-01-17,"HNB: depoziti kucanstava i dalje rastu"
2022-01-17,"Cijene goriva ponovno rastu na benzinskim postajama"
2022-01-17,"Odluke središnje banke i cijene stambenih kredita"
2022-01-17,"Odluke središnje banke i cijene stambenih kredita"
2022-01-17,"Središnja banka objavila izvješće o financijskoj stabilnosti"
2022-01-17,"Središnja banka procjenjuje učinke uvođenja eura"
2022-01-17,"HNB: depoziti kucanstava i dalje rastu"
2022-01-17,"Trgovci najavljuju poskupljenje osnovnih namirnica"
2022-01-17,"Vlada produljila mjere ograničavanja cijena"
2022-01-17,"HNB objavio tjedni pregled deviznog trzista"
2022-01-17,"Analitičari očekuju usporavanje potrošnje"
2022-01-17,"Središnja banka upozorava na sekundarne učinke inflacije"
2022-01-17,"HNB objavio tjedni pregled deviznog trzista"
2022-01-17,"Središnja banka procjenjuje učinke uvođenja eura"
2022-01-17,"Hrvatske narodne banke tice se i pitanje likvidnosti"
2022-01-17,"Guverner Vujčić o kretanju cijena u idućoj godini"
2022-01-17,"Sindikati traže povećanje minimalne plaće"
2022-01-17,"Trgovci najavljuju poskupljenje osnovnih namirnica"
2022-01-24,"Eurostat objavio nove podatke o zaposlenosti"
2022-01-24,"Središnja banka upozorava na sekundarne učinke inflacije"
2022-01-24,"Ministarstvo financija objavilo prihode proračuna"
2022-01-24,"Sindikati traže povećanje minimalne plaće"
2022-01-24,"Hrvatska narodna banka o rastu cijena energenata"
2022-01-24,"HNB: depoziti kucanstava i dalje rastu"
2022-01-24,"Eurostat objavio nove podatke o zaposlenosti"
2022-01-24,"HNB objavio tjedni pregled deviznog trzista"
2022-01-24,"Odluke središnje banke i cijene stambenih kredita"
2022-01-24,"Trgovci najavljuju poskupljenje osnovnih namirnica"
2022-01-24,"Hrvatske narodne banke tice se i pitanje likvidnosti"
2022-01-24,"Hrvatska narodna banka o rastu cijena energenata"
2022-01-24,"Analitičari očekuju usporavanje potrošnje"
2022-01-24,"Središnja banka procjenjuje učinke uvođenja eura"
2022-01-24,"Analitičari očekuju usporavanje potrošnje"
2022-01-24,"Eurostat objavio nove podatke o zaposlenosti"
2022-01-24,"Središnja banka upozorava na sekundarne učinke inflacije"
2022-01-24,"Trgovci najavljuju poskupljenje osnovnih namirnica"
2022-01-24,"Odluke središnje banke i cijene stambenih kredita"
2022-01-24,"Središnja banka objavila izvješće o financijskoj stabilnosti"
2022-01-24,"Vujčić: inflacija se vraća prema cilju"
2022-01-24,"HNB objavio tjedni pregled deviznog trzista"
2022-01-24,"HNB objavio tjedni pregled deviznog trzista"
2022-01-24,"HNB: pritisak na cijene hrane popusta"
2022-01-24,"Ministarstvo financija objavilo prihode proračuna"
2022-01-24,"Središnjoj banci stigli novi podaci o kreditima kućanstava"
2022-01-24,"Središnja banka procjenjuje učinke uvođenja eura"
2022-01-24,"Cijene stanova u Zagrebu nastavile rast"
2022-01-24,"Ministarstvo financija objavilo prihode proračuna"
2022-01-24,"Odluke središnje banke i cijene stambenih kredita"
2022-01-24,"Sindikati traže povećanje minimalne plaće"
2022-01-24,"Guverner najavio nove mjere za kreditni rast"
2022-01-24,"Guverner najavio nove mjere za kreditni rast"
2022-01-24,"Cijene goriva ponovno rastu na benzinskim postajama"
2022-01-24,"HNB objavio tjedni pregled deviznog trzista"
2022-01-24,"Središnjoj banci stigli novi podaci o kreditima kućanstava"
2022-01-24,"Vujčić: inflacija se vraća prema cilju"
2022-01-24,"Guverner najavio nove mjere za kreditni rast"
2022-01-24,"Eurostat objavio nove podatke o zaposlenosti"
2022-01-24,"Trgovci najavljuju poskupljenje osnovnih namirnica"
2022-01-24,"Eurostat objavio nove podatke o zaposlenosti"
2022-01-24,"Hrvatske narodne banke tice se i pitanje likvidnosti"
2022-01-24,"Središnjoj banci stigli novi podaci o kreditima kućanstava"
2022-01-24,"Cijene goriva ponovno rastu na benzinskim postajama"
2022-01-24,"Vlada produljila mjere ograničavanja cijena"
2022-01-24,"Cijene goriva ponovno rastu na benzinskim postajama"
2022-01-24,"Središnja banka upozorava na sekundarne učinke inflacije"
2022-01-24,"Vujčić: inflacija se vraća prema cilju"
2022-01-24,"Odluke središnje banke i cijene stambenih kredita"
2022-01-24,"Hrvatska narodna banka o rastu cijena energenata"
2022-01-24,"Hrvatskoj narodnoj banci stigao novi set podataka"
2022-01-31,"HNB objavio tjedni pregled deviznog trzista"
2022-01-31,"Ministarstvo financija objavilo prihode proračuna"
2022-01-31,"HNB objavio tjedni pregled deviznog trzista"
2022-01-31,"HNB: depoziti kucanstava i dalje rastu"
2022-01-31,"Eurostat objavio nove podatke o zaposlenosti"
2022-01-31,"Cijene stanova u Zagrebu nastavile rast"
2022-01-31,"Središnja banka upozorava na sekundarne učinke inflacije"
2022-01-31,"Eurostat objavio nove podatke o zaposlenosti"
2022-01-31,"Guvernerova ocjena inflacijskih očekivanja kućanstava"
2022-01-31,"HNB: pritisak na cijene hrane popusta"
2022-01-31,"Središnja banka procjenjuje učinke uvođenja eura"
2022-01-31,"Turistička sezona nadmašila očekivanja"
2022-01-31,"HNB: pritisak na cijene hrane popusta"
2022-01-31,"Cijene goriva ponovno rastu na benzinskim postajama"
2022-01-31,"Hrvatskoj narodnoj banci stigao novi set podataka"
2022-01-31,"Eurostat objavio nove podatke o zaposlenosti"
2022-01-31,"HNB objavio tjedni pregled deviznog trzista"
2022-01-31,"Guverner Vujčić o kretanju cijena u idućoj godini"
2022-01-31,"Poskupljenje električne energije od sljedećeg mjeseca"
2022-01-31,"Središnjoj banci stigli novi podaci o kreditima kućanstava"
2022-01-31,"Središnja banka procjenjuje učinke uvođenja eura"
2022-01-31,"Ministarstvo financija objavilo prihode proračuna"
2022-01-31,"Vlada produljila mjere ograničavanja cijena"
2022-01-31,"HNB: pritisak na cijene hrane popusta"
2022-01-31,"Sindikati traže povećanje minimalne plaće"
2022-01-31,"Što središnja banka poručuje o inflacijskim očekivanjima"
2022-01-31,"Što središnja banka poručuje o inflacijskim očekivanjima"
2022-01-31,"HNB objavio tjedni pregled deviznog trzista"
2022-01-31,"Cijene goriva ponovno rastu na benzinskim postajama"
2022-01-31,"Ministarstvo financija objavilo prihode proračuna"
2022-01-31,"HNB: pritisak na cijene hrane popusta"
2022-01-31,"Guverner Vujčić o kretanju cijena u idućoj godini"
2022-01-31,"Hrvatskoj narodnoj banci stigao novi set podataka"
2022-01-31,"Hrvatska narodna banka o rastu cijena energenata"
2022-01-31,"Trgovci najavljuju poskupljenje osnovnih namirnica"
2022-01-31,"Središnja banka upozorava na sekundarne učinke inflacije"
2022-01-31,"Vlada produljila mjere ograničavanja cijena"
2022-01-31,"Cijene stanova u Zagrebu nastavile rast"
2022-01-31,"Guvernerova ocjena inflacijskih očekivanja kućanstava"
2022-01-31,"Hrvatska narodna banka o rastu cijena energenata"
2022-01-31,"Guverner najavio nove mjere za kreditni rast"
2022-02-07,"Hrvatskoj narodnoj banci stigao novi set podataka"
2022-02-07,"Hrvatska narodna banka o rastu cijena energenata"
2022-02-07,"Trgovci najavljuju poskupljenje osnovnih namirnica"
2022-02-07,"HNB objavio tjedni pregled deviznog trzista"
2022-02-07,"Trgovci najavljuju poskupljenje osnovnih namirnica"
2022-02-07,"Guvernerova ocjena inflacijskih očekivanja kućanstava"
2022-02-07,"Analitičari očekuju usporavanje potrošnje"
2022-02-07,"Analitičari očekuju usporavanje potrošnje"
2022-02-07,"Eurostat objavio nove podatke o zaposlenosti"
2022-02-07,"Poskupljenje električne energije od sljedećeg mjeseca"
2022-02-07,"Trgovci najavljuju poskupljenje osnovnih namirnica"
2022-02-07,"Hrvatskoj narodnoj banci stigao novi set podataka"
2022-02-07,"Hrvatske narodne banke tice se i pitanje likvidnosti"
2022-02-07,"Vlada produljila mjere ograničavanja cijena"
2022-02-07,"HNB: pritisak na cijene hrane popusta"
2022-02-07,"HNB: depoziti kucanstava i dalje rastu"
2022-02-07,"Središnja banka upozorava na sekundarne učinke inflacije"
2022-02-07,"Trgovci najavljuju poskupljenje osnovnih namirnica"
2022-02-07,"Hrvatska narodna banka o rastu cijena energenata"
2022-02-07,"HNB: depoziti kucanstava i dalje rastu"
2022-02-07,"Poskupljenje električne energije od sljedećeg mjeseca"
2022-02-07,"Guvernerova ocjena inflacijskih očekivanja kućanstava"
2022-02-07,"Trgovci najavljuju poskupljenje osnovnih namirnica"
2022-02-07,"Središnja banka upozorava na sekundarne učinke inflacije"
2022-02-07,"Hrvatska narodna banka o rastu cijena energenata"
2022-02-07,"Središnja banka procjenjuje učinke uvođenja eura"
2022-02-07,"Hrvatskoj narodnoj banci stigao novi set podataka"
2022-02-07,"Cijene stanova u Zagrebu nastavile rast"
2022-02-07,"Cijene goriva ponovno rastu na benzinskim postajama"
2022-02-07,"HNB objavio tjedni pregled deviznog trzista"
2022-02-07,"Vlada produljila mjere ograničavanja cijena"
2022-02-07,"Hrvatske narodne banke tice se i pitanje likvidnosti"
2022-02-07,"Ministarstvo financija objavilo prihode proračuna"
2022-02-07,"Središnjoj banci stigli novi podaci o kreditima kućanstava"
2022-02-07,"Guverner najavio nove mjere za kreditni rast"
2022-02-07,"Vujčić: inflacija se vraća prema cilju"
2022-02-07,"Vujčić: inflacija se vraća prema cilju"
2022-02-07,"HNB objavio tjedni pregled deviznog trzista"
2022-02-07,"Eurostat objavio nove podatke o zaposlenosti"
2022-02-07,"Što središnja banka poručuje o inflacijskim očekivanjima"
2022-02-07,"Središnja banka upozorava na sekundarne učinke inflacije"
2022-02-14,"Središnjoj banci stigli novi podaci o kreditima kućanstava"
2022-02-14,"Trgovci najavljuju poskupljenje osnovnih namirnica"
2022-02-14,"Cijene goriva ponovno rastu na benzinskim postajama"
2022-02-14,"Odluke središnje banke i cijene stambenih kredita"
2022-02-14,"Središnjoj banci stigli novi podaci o kreditima kućanstava"
2022-02-14,"HNB: depoziti kucanstava i dalje rastu"
2022-02-14,"Analitičari očekuju usporavanje potrošnje"
2022-02-14,"HNB objavio tjedni pregled deviznog trzista"
2022-02-14,"Što središnja banka poručuje o inflacijskim očekivanjima"
2022-02-14,"Sindikati traže povećanje minimalne plaće"
2022-02-14,"HNB objavio tjedni pregled deviznog trzista"
2022-02-14,"Eurostat objavio nove podatke o zaposlenosti"
2022-02-14,"Središnja banka objavila izvješće o financijskoj stabilnosti"
2022-02-14,"Poskupljenje električne energije od sljedećeg mjeseca"
2022-02-14,"Sindikati traže povećanje minimalne plaće"
2022-02-14,"Ministarstvo financija objavilo prihode proračuna"
2022-02-14,"HNB: pritisak na cijene hrane popusta"
2022-02-14,"Vujčić: inflacija se vraća prema cilju"
2022-02-14,"Hrvatska narodna banka o rastu cijena energenata"
2022-02-14,"Središnja banka upozorava na sekundarne učinke inflacije"
2022-02-14,"Trgovci najavljuju poskupljenje osnovnih namirnica"
2022-02-14,"Hrvatske narodne banke tice se i pitanje likvidnosti"
2022-02-14,"Što središnja banka poručuje o inflacijskim očekivanjima"
2022-02-14,"Guverner najavio nove mjere za kreditni rast"
2022-02-14,"Cijene goriva ponovno rastu na benzinskim postajama"
2022-02-14,"Turistička sezona nadmašila očekivanja"
2022-02-14,"Središnja banka objavila izvješće o financijskoj stabilnosti"
2022-02-14,"Trgovci najavljuju poskupljenje osnovnih namirnica"
2022-02-14,"HNB: depoziti kucanstava i dalje rastu"
2022-02-14,"HNB: pritisak na cijene hrane popusta"
2022-02-14,"HNB: pritisak na cijene hrane popusta"
2022-02-14,"Turistička sezona nadmašila očekivanja"
2022-02-14,"HNB: pritisak na cijene hrane popusta"
2022-02-14,"Središnjoj banci stigli novi podaci o kreditima kućanstava"
2022-02-14,"HNB: depoziti kucanstava i dalje rastu"
2022-02-14,"Guverner Vujčić o kretanju cijena u idućoj godini"
2022-02-14,"Vujčić: inflacija se vraća prema cilju"
2022-02-14,"Vlada produljila mjere ograničavanja cijena"
2022-02-14,"Što središnja banka poručuje o inflacijskim očekivanjima"
2022-02-14,"Cijene goriva ponovno rastu na benzinskim postajama"
2022-02-14,"Vlada produljila mjere ograničavanja cijena"
2022-02-14,"Eurostat objavio nove podatke o zaposlenosti"
2022-02-14,"Guverner najavio nove mjere za kreditni rast"
2022-02-21,"Guverner Vujčić o kretanju cijena u idućoj godini"
2022-02-21,"Trgovci najavljuju poskupljenje osnovnih namirnica"
2022-02-21,"Središnja banka upozorava na sekundarne učinke inflacije"
2022-02-21,"HNB objavio tjedni pregled deviznog trzista"
2022-02-21,"HNB: depoziti kucanstava i dalje rastu"
2022-02-21,"Središnjoj banci stigli novi podaci o kreditima kućanstava"
2022-02-21,"Odluke središnje banke i cijene stambenih kredita"
2022-02-21,"Sindikati traže povećanje minimalne plaće"
2022-02-21,"Poskupljenje električne energije od sljedećeg mjeseca"
2022-02-21,"Središnja banka procjenjuje učinke uvođenja eura"
2022-02-21,"Analitičari očekuju usporavanje potrošnje"
2022-02-21,"Središnjoj banci stigli novi podaci o kreditima kućanstava"
2022-02-21,"Ministarstvo financija objavilo prihode proračuna"
2022-02-21,"Turistička sezona nadmašila očekivanja"
2022-02-21,"HNB: pritisak na cijene hrane popusta"
2022-02-21,"Turistička sezona nadmašila očekivanja"
2022-02-21,"Hrvatska narodna banka o rastu cijena energenata"
2022-02-21,"Što središnja banka poručuje o inflacijskim očekivanjima"
2022-02-21,"Ministarstvo financija objavilo prihode proračuna"
2022-02-21,"Guvernerova ocjena inflacijskih očekivanja kućanstava"
2022-02-21,"HNB objavio tjedni pregled deviznog trzista"
2022-02-21,"HNB objavio tjedni pregled deviznog trzista"
2022-02-21,"Trgovci najavljuju poskupljenje osnovnih namirnica"
2022-02-21,"HNB objavio tjedni pregled deviznog trzista"
2022-02-21,"Trgovci najavljuju poskupljenje osnovnih namirnica"
2022-02-21,"Ministarstvo financija objavilo prihode proračuna"
2022-02-21,"Poskupljenje električne energije od sljedećeg mjeseca"
2022-02-21,"Analitičari očekuju usporavanje potrošnje"
2022-02-21,"Turistička sezona nadmašila očekivanja"
2022-02-21,"Guverner Vujčić o kretanju cijena u idućoj godini"
2022-02-21,"Središnja banka procjenjuje učinke uvođenja eura"
2022-02-21,"HNB: depoziti kucanstava i dalje rastu"
2022-02-21,"Odluke središnje banke i cijene stambenih kredita"
2022-02-21,"Trgovci najavljuju poskupljenje osnovnih namirnica"
2022-02-21,"Hrvatska narodna banka o rastu cijena energenata"
2022-02-21,"Odluke središnje banke i cijene stambenih kredita"
2022-02-21,"Što središnja banka poručuje o inflacijskim očekivanjima"
2022-02-21,"Trgovci najavljuju poskupljenje osnovnih namirnica"
2022-02-21,"Guverner najavio nove mjere za kreditni rast"
2022-02-21,"Guverner najavio nove mjere za kreditni rast"
2022-02-21,"Hrvatska narodna banka o rastu cijena energenata"
2022-02-21,"Hrvatska narodna banka o rastu cijena energenata"
2022-02-21,"Vlada produljila mjere ograničavanja cijena"
2022-02-28,"Trgovci najavljuju poskupljenje osnovnih namirnica"
2022-02-28,"Poskupljenje električne energije od sljedećeg mjeseca"
2022-02-28,"Središnjoj banci stigli novi podaci o kreditima kućanstava"
2022-02-28,"Guvernerova ocjena inflacijskih očekivanja kućanstava"
2022-02-28,"Što središnja banka poručuje o inflacijskim očekivanjima"
2022-02-28,"Središnjoj banci stigli novi podaci o kreditima kućanstava"
2022-02-28,"Eurostat objavio nove podatke o zaposlenosti"
2022-02-28,"HNB: depoziti kucanstava i dalje rastu"
2022-02-28,"Poskupljenje električne energije od sljedećeg mjeseca"
2022-02-28,"Središnja banka procjenjuje učinke uvođenja eura"
2022-02-28,"Središnjoj banci stigli novi podaci o kreditima kućanstava"
2022-02-28,"Hrvatske narodne banke tice se i pitanje likvidnosti"
2022-02-28,"Guvernerova ocjena inflacijskih očekivanja kućanstava"
2022-02-28,"Guverner najavio nove mjere za kreditni rast"
2022-02-28,"Središnja banka objavila izvješće o financijskoj stabilnosti"
2022-02-28,"Guverner najavio nove mjere za kreditni rast"
2022-02-28,"Eurostat objavio nove podatke o zaposlenosti"
2022-02-28,"Odluke središnje banke i cijene stambenih kredita"
2022-02-28,"Središnjoj banci stigli novi podaci o kreditima kućanstava"
2022-02-28,"Hrvatska narodna banka o rastu cijena energenata"
2022-02-28,"Sindikati traže povećanje minimalne plaće"
2022-02-28,"Eurostat objavio nove podatke o zaposlenosti"
2022-02-28,"Cijene goriva ponovno rastu na benzinskim postajama"
2022-02-28,"HNB: depoziti kucanstava i dalje rastu"
2022-02-28,"Cijene goriva ponovno rastu na benzinskim postajama"
2022-02-28,"Središnja banka procjenjuje učinke uvođenja eura"
2022-02-28,"Vujčić: inflacija se vraća prema cilju"
2022-02-28,"Guverner najavio nove mjere za kreditni rast"
2022-02-28,"Središnja banka objavila izvješće o financijskoj stabilnosti"
2022-02-28,"Trgovci najavljuju poskupljenje osnovnih namirnica"
2022-02-28,"Poskupljenje električne energije od sljedećeg mjeseca"
2022-02-28,"Hrvatskoj narodnoj banci stigao novi set podataka"
2022-02-28,"Eurostat objavio nove podatke o zaposlenosti"
2022-02-28,"Eurostat objavio nove podatke o zaposlenosti"
2022-02-28,"Hrvatska narodna banka o rastu cijena energenata"
2022-02-28,"Što središnja banka poručuje o inflacijskim očekivanjima"
2022-02-28,"Što središnja banka poručuje o inflacijskim očekivanjima"
2022-02-28,"Hrvatskoj narodnoj banci stigao novi set podataka"
2022-02-28,"Analitičari očekuju usporavanje potrošnje"
2022-02-28,"Središnja banka upozorava na sekundarne učinke inflacije"
2022-02-28,"Cijene goriva ponovno rastu na benzinskim postajama"
2022-02-28,"Cijene stanova u Zagrebu nastavile rast"
2022-02-28,"Hrvatske narodne banke tice se i pitanje likvidnosti"
2022-02-28,"Turistička sezona nadmašila očekivanja"
2022-02-28,"Cijene goriva ponovno rastu na benzinskim postajama"
2022-02-28,"Što središnja banka poručuje o inflacijskim očekivanjima"
2022-03-07,"Guverner Vujčić o kretanju cijena u idućoj godini"
2022-03-07,"Vlada produljila mjere ograničavanja cijena"
2022-03-07,"Vlada produljila mjere ograničavanja cijena"
2022-03-07,"Guverner najavio nove mjere za kreditni rast"
2022-03-07,"HNB: pritisak na cijene hrane popusta"
2022-03-07,"Analitičari očekuju usporavanje potrošnje"
2022-03-07,"Vlada produljila mjere ograničavanja cijena"
2022-03-07,"Hrvatskoj narodnoj banci stigao novi set podataka"
2022-03-07,"Hrvatske narodne banke tice se i pitanje likvidnosti"
2022-03-07,"Odluke središnje banke i cijene stambenih kredita"
2022-03-07,"Središnja banka procjenjuje učinke uvođenja eura"
2022-03-07,"Sindikati traže povećanje minimalne plaće"
2022-03-07,"Hrvatskoj narodnoj banci stigao novi set podataka"
2022-03-07,"Ministarstvo financija objavilo prihode proračuna"
2022-03-07,"Trgovci najavljuju poskupljenje osnovnih namirnica"
2022-03-07,"Ministarstvo financija objavilo prihode proračuna"
2022-03-07,"Trgovci najavljuju poskupljenje osnovnih namirnica"
2022-03-07,"Središnja banka procjenjuje učinke uvođenja eura"
2022-03-07,"Središnja banka upozorava na sekundarne učinke inflacije"
2022-03-07,"Guverner najavio nove mjere za kreditni rast"
2022-03-07,"Sindikati traže povećanje minimalne plaće"
2022-03-07,"Guvernerova ocjena inflacijskih očekivanja kućanstava"
2022-03-07,"Vujčić: inflacija se vraća prema cilju"
2022-03-07,"Odluke središnje banke i cijene stambenih kredita"
2022-03-07,"Cijene stanova u Zagrebu nastavile rast"
2022-03-07,"Sindikati traže povećanje minimalne plaće"
2022-03-07,"Poskupljenje električne energije od sljedećeg mjeseca"
2022-03-07,"Vlada produljila mjere ograničavanja cijena"
2022-03-07,"Sindikati traže povećanje minimalne plaće"
2022-03-07,"HNB objavio tjedni pregled deviznog trzista"
2022-03-07,"Sindikati traže povećanje minimalne plaće"
2022-03-07,"Središnja banka procjenjuje učinke uvođenja eura"
2022-03-07,"Cijene stanova u Zagrebu nastavile rast"
2022-03-07,"HNB objavio tjedni pregled deviznog trzista"
2022-03-07,"Hrvatskoj narodnoj banci stigao novi set podataka"
2022-03-07,"Cijene stanova u Zagrebu nastavile rast"
2022-03-07,"Eurostat objavio nove podatke o zaposlenosti"
2022-03-07,"Guverner najavio nove mjere za kreditni rast"
2022-03-07,"Hrvatska narodna banka o rastu cijena energenata"
2022-03-07,"Hrvatskoj narodnoj banci stigao novi set podataka"
2022-03-07,"HNB: pritisak na cijene hrane popusta"
2022-03-07,"Hrvatska narodna banka o rastu cijena energenata"
2022-03-07,"Odluke središnje banke i cijene stambenih kredita"
2022-03-07,"Odluke središnje banke i cijene stambenih kredita"
2022-03-07,"Središnja banka objavila izvješće o financijskoj stabilnosti"
2022-03-07,"HNB: pritisak na cijene hrane popusta"
2022-03-07,"Središnja banka procjenjuje učinke uvođenja eura"
2022-03-07,"Središnjoj banci stigli novi podaci o kreditima kućanstava"
2022-03-07,"Eurostat objavio nove podatke o zaposlenosti"
2022-03-07,"Središnja banka procjenjuje učinke uvođenja eura"
2022-03-07,"Hrvatske narodne banke tice se i pitanje likvidnosti"
2022-03-07,"Ministarstvo financija objavilo prihode proračuna"
2022-03-07,"Hrvatskoj narodnoj banci stigao novi set podataka"
2022-03-14,"Središnja banka procjenjuje učinke uvođenja eura"
2022-03-14,"HNB: depoziti kucanstava i dalje rastu"
2022-03-14,"Središnjoj banci stigli novi podaci o kreditima kućanstava"
2022-03-14,"Guverner Vujčić o kretanju cijena u idućoj godini"
2022-03-14,"HNB objavio tjedni pregled deviznog trzista"
2022-03-14,"Vlada produljila mjere ograničavanja cijena"
2022-03-14,"Odluke središnje banke i cijene stambenih kredita"
2022-03-14,"Središnjoj banci stigli novi podaci o kreditima kućanstava"
2022-03-14,"Središnja banka objavila izvješće o financijskoj stabilnosti"
2022-03-14,"Hrvatska narodna banka o rastu cijena energenata"
2022-03-14,"Središnja banka objavila izvješće o financijskoj stabilnosti"
2022-03-14,"Vlada produljila mjere ograničavanja cijena"
2022-03-14,"Vujčić: inflacija se vraća prema cilju"
2022-03-14,"HNB: pritisak na cijene hrane popusta"
2022-03-14,"Što središnja banka poručuje o inflacijskim očekivanjima"
2022-03-14,"Odluke središnje banke i cijene stambenih kredita"
2022-03-14,"Hrvatskoj narodnoj banci stigao novi set podataka"
2022-03-14,"Hrvatskoj narodnoj banci stigao novi set podataka"
2022-03-14,"HNB: pritisak na cijene hrane popusta"
2022-03-14,"Središnjoj banci stigli novi podaci o kreditima kućanstava"
2022-03-14,"Središnja banka procjenjuje učinke uvođenja eura"
2022-03-14,"Turistička sezona nadmašila očekivanja"
2022-03-14,"Hrvatskoj narodnoj banci stigao novi set podataka"
2022-03-14,"Turistička sezona nadmašila očekivanja"
2022-03-14,"Vujčić: inflacija se vraća prema cilju"
2022-03-14,"Cijene stanova u Zagrebu nastavile rast"
2022-03-14,"Vlada produljila mjere ograničavanja cijena"
2022-03-14,"Cijene stanova u Zagrebu nastavile rast"
2022-03-14,"Cijene goriva ponovno rastu na benzinskim postajama"
2022-03-14,"Vujčić: inflacija se vraća prema cilju"
2022-03-14,"HNB: depoziti kucanstava i dalje rastu"
2022-03-14,"Cijene goriva ponovno rastu na benzinskim postajama"
2022-03-14,"Odluke središnje banke i cijene stambenih kredita"
2022-03-14,"Vujčić: inflacija se vraća prema cilju"
2022-03-14,"HNB objavio tjedni pregled deviznog trzista"
2022-03-14,"Cijene goriva ponovno rastu na benzinskim postajama"
2022-03-14,"Odluke središnje banke i cijene stambenih kredita"
2022-03-14,"Odluke središnje banke i cijene stambenih kredita"
2022-03-14,"Sindikati traže povećanje minimalne plaće"
2022-03-14,"Trgovci najavljuju poskupljenje osnovnih namirnica"
2022-03-14,"HNB: depoziti kucanstava i dalje rastu"
2022-03-14,"Cijene goriva ponovno rastu na benzinskim postajama"
2022-03-14,"Turistička sezona nadmašila očekivanja"
2022-03-14,"Ministarstvo financija objavilo prihode proračuna"
2022-03-14,"Guverner Vujčić o kretanju cijena u idućoj godini"
2022-03-14,"Što središnja banka poručuje o inflacijskim očekivanjima"
2022-03-14,"Vlada produljila mjere ograničavanja cijena"
2022-03-14,"Hrvatske narodne banke tice se i pitanje likvidnosti"
2022-03-14,"Vujčić: inflacija se vraća prema cilju"
2022-03-14,"Ministarstvo financija objavilo prihode proračuna"
2022-03-14,"Analitičari očekuju usporavanje potrošnje"
2022-03-14,"Poskupljenje električne energije od sljedećeg mjeseca"
2022-03-14,"Cijene goriva ponovno rastu na benzinskim postajama"
2022-03-14,"Cijene goriva ponovno rastu na benzinskim postajama"
2022-03-14,"Turistička sezona nadmašila očekivanja"
2022-03-14,"Središnjoj banci stigli novi podaci o kreditima kućanstava"
2022-03-21,"Guverner najavio nove mjere za kreditni rast"
2022-03-21,"Cijene goriva ponovno rastu na benzinskim postajama"
2022-03-21,"Središnja banka upozorava na sekundarne učinke inflacije"
2022-03-21,"Središnjoj banci stigli novi podaci o kreditima kućanstava"
2022-03-21,"Guverner Vujčić o kretanju cijena u idućoj godini"
2022-03-21,"Guverner Vujčić o kretanju cijena u idućoj godini"
2022-03-21,"Poskupljenje električne energije od sljedećeg mjeseca"
2022-03-21,"Hrvatske narodne banke tice se i pitanje likvidnosti"
2022-03-21,"Vlada produljila mjere ograničavanja cijena"
2022-03-21,"Hrvatska narodna banka o rastu cijena energenata"
2022-03-21,"Poskupljenje električne energije od sljedećeg mjeseca"
2022-03-21,"Cijene goriva ponovno rastu na benzinskim postajama"
2022-03-21,"Sindikati traže povećanje minimalne plaće"
2022-03-21,"Guverner Vujčić o kretanju cijena u idućoj godini"
2022-03-21,"Sindikati traže povećanje minimalne plaće"
2022-03-21,"Središnjoj banci stigli novi podaci o kreditima kućanstava"
2022-03-21,"Analitičari očekuju usporavanje potrošnje"
2022-03-21,"Analitičari očekuju usporavanje potrošnje"
2022-03-21,"Sindikati traže povećanje minimalne plaće"
2022-03-21,"Hrvatska narodna banka o rastu cijena energenata"
2022-03-21,"Ministarstvo financija objavilo prihode proračuna"
2022-03-21,"Trgovci najavljuju poskupljenje osnovnih namirnica"
2022-03-21,"Guverner Vujčić o kretanju cijena u idućoj godini"
2022-03-21,"Guverner Vujčić o kretanju cijena u idućoj godini"
2022-03-21,"HNB: depoziti kucanstava i dalje rastu"
2022-03-21,"Hrvatske narodne banke tice se i pitanje likvidnosti"
2022-03-21,"Hrvatskoj narodnoj banci stigao novi set podataka"
2022-03-21,"Središnja banka procjenjuje učinke uvođenja eura"
2022-03-21,"Središnja banka upozorava na sekundarne učinke inflacije"
2022-03-21,"Poskupljenje električne energije od sljedećeg mjeseca"
2022-03-21,"HNB objavio tjedni pregled deviznog trzista"
2022-03-21,"Središnja banka upozorava na sekundarne učinke inflacije"
2022-03-21,"Hrvatske narodne banke tice se i pitanje likvidnosti"
2022-03-21,"Hrvatske narodne banke tice se i pitanje likvidnosti"
2022-03-21,"Hrvatska narodna banka o rastu cijena energenata"
2022-03-21,"Odluke središnje banke i cijene stambenih kredita"
2022-03-21,"Hrvatskoj narodnoj banci stigao novi set podataka"
2022-03-21,"Hrvatske narodne banke tice se i pitanje likvidnosti"
2022-03-21,"Središnjoj banci stigli novi podaci o kreditima kućanstava"
2022-03-21,"Odluke središnje banke i cijene stambenih kredita"
2022-03-21,"Cijene stanova u Zagrebu nastavile rast"
2022-03-21,"Turistička sezona nadmašila očekivanja"
2022-03-21,"HNB: depoziti kucanstava i dalje rastu"
2022-03-21,"HNB: pritisak na cijene hrane popusta"
2022-03-21,"HNB objavio tjedni pregled deviznog trzista"
2022-03-21,"Poskupljenje električne energije od sljedećeg mjeseca"
2022-03-21,"Turistička sezona nadmašila očekivanja"
2022-03-21,"HNB: pritisak na cijene hrane popusta"
2022-03-21,"Sindikati traže povećanje minimalne plaće"
2022-03-21,"Trgovci najavljuju poskupljenje osnovnih namirnica"
2022-03-21,"Trgovci najavljuju poskupljenje osnovnih namirnica"
2022-03-21,"Hrvatske narodne banke tice se i pitanje likvidnosti"
2022-03-21,"Cijene goriva ponovno rastu na benzinskim postajama"
2022-03-28,"Sindikati traže povećanje minimalne plaće"
2022-03-28,"Hrvatske narodne banke tice se i pitanje likvidnosti"
2022-03-28,"Poskupljenje električne energije od sljedećeg mjeseca"
2022-03-28,"Odluke središnje banke i cijene stambenih kredita"
2022-03-28,"Turistička sezona nadmašila očekivanja"
2022-03-28,"Hrvatska narodna banka o rastu cijena energenata"
2022-03-28,"Hrvatska narodna banka o rastu cijena energenata"
2022-03-28,"Središnja banka upozorava na sekundarne učinke inflacije"
2022-03-28,"Analitičari očekuju usporavanje potrošnje"
2022-03-28,"Guverner Vujčić o kretanju cijena u idućoj godini"
2022-03-28,"Središnja banka procjenjuje učinke uvođenja eura"
2022-03-28,"Turistička sezona nadmašila očekivanja"
2022-03-28,"HNB: depoziti kucanstava i dalje rastu"
2022-03-28,"Vujčić: inflacija se vraća prema cilju"
2022-03-28,"Središnja banka upozorava na sekundarne učinke inflacije"
2022-03-28,"Sindikati traže povećanje minimalne plaće"
2022-03-28,"Poskupljenje električne energije od sljedećeg mjeseca"
2022-03-28,"Vujčić: inflacija se vraća prema cilju"
2022-03-28,"Središnja banka upozorava na sekundarne učinke inflacije"
2022-03-28,"Vlada produljila mjere ograničavanja cijena"
2022-03-28,"Analitičari očekuju usporavanje potrošnje"
2022-03-28,"Guvernerova ocjena inflacijskih očekivanja kućanstava"
2022-03-28,"Središnja banka procjenjuje učinke uvođenja eura"
2022-03-28,"Hrvatska narodna banka o rastu cijena energenata"
2022-03-28,"Sindikati traže povećanje minimalne plaće"
2022-03-28,"Ministarstvo financija objavilo prihode proračuna"
2022-03-28,"Što središnja banka poručuje o inflacijskim očekivanjima"
2022-03-28,"Cijene goriva ponovno rastu na benzinskim postajama"
2022-03-28,"Središnja banka procjenjuje učinke uvođenja eura"
2022-03-28,"HNB: depoziti kucanstava i dalje rastu"
2022-03-28,"Hrvatske narodne banke tice se i pitanje likvidnosti"
2022-03-28,"HNB: depoziti kucanstava i dalje rastu"
2022-03-28,"Guverner najavio nove mjere za kreditni rast"
2022-03-28,"Vlada produljila mjere ograničavanja cijena"
2022-03-28,"Središnja banka procjenjuje učinke uvođenja eura"
2022-03-28,"Guverner Vujčić o kretanju cijena u idućoj godini"
2022-03-28,"Turistička sezona nadmašila očekivanja"
2022-03-28,"Što središnja banka poručuje o inflacijskim očekivanjima"
2022-03-28,"Hrvatskoj narodnoj banci stigao novi set podataka"
2022-03-28,"Hrvatske narodne banke tice se i pitanje likvidnosti"
2022-03-28,"Trgovci najavljuju poskupljenje osnovnih namirnica"
2022-03-28,"Hrvatska narodna banka o rastu cijena energenata"
2022-03-28,"Hrvatska narodna banka o rastu cijena energenata"
2022-03-28,"Vlada produljila mjere ograničavanja cijena"
2022-03-28,"Vlada produljila mjere ograničavanja cijena"
2022-03-28,"Cijene goriva ponovno rastu na benzinskim postajama"
2022-03-28,"Hrvatskoj narodnoj banci stigao novi set podataka"
2022-03-28,"Turistička sezona nadmašila očekivanja"
2022-03-28,"Sindikati traže povećanje minimalne plaće"
2022-03-28,"Hrvatske narodne banke tice se i pitanje likvidnosti"
2022-03-28,"HNB: depoziti kucanstava i dalje rastu"
2022-04-04,"Sindikati traže povećanje minimalne plaće"
2022-04-04,"Cijene goriva ponovno rastu na benzinskim postajama"
2022-04-04,"Cijene goriva ponovno rastu na benzinskim postajama"
2022-04-04,"Odluke središnje banke i cijene stambenih kredita"
2022-04-04,"Sindikati traže povećanje minimalne plaće"
2022-04-04,"Središnja banka procjenjuje učinke uvođenja eura"
2022-04-04,"HNB objavio tjedni pregled deviznog trzista"
2022-04-04,"Trgovci najavljuju poskupljenje osnovnih namirnica"
2022-04-04,"Vlada produljila mjere ograničavanja cijena"
2022-04-04,"Analitičari očekuju usporavanje potrošnje"
2022-04-04,"Ministarstvo financija objavilo prihode proračuna"
2022-04-04,"HNB objavio tjedni pregled deviznog trzista"
2022-04-04,"Odluke središnje banke i cijene stambenih kredita"
2022-04-04,"Odluke središnje banke i cijene stambenih kredita"
2022-04-04,"Guverner Vujčić o kretanju cijena u idućoj godini"
2022-04-04,"Što središnja banka poručuje o inflacijskim očekivanjima"
2022-04-04,"Trgovci najavljuju poskupljenje osnovnih namirnica"
2022-04-04,"HNB: depoziti kucanstava i dalje rastu"
2022-04-04,"Sindikati traže povećanje minimalne plaće"
2022-04-04,"Vujčić: inflacija se vraća prema cilju"
2022-04-04,"Središnja banka procjenjuje učinke uvođenja eura"
2022-04-04,"Cijene stanova u Zagrebu nastavile rast"
2022-04-04,"Središnja banka procjenjuje učinke uvođenja eura"
2022-04-04,"Sindikati traže povećanje minimalne plaće"
2022-04-04,"Ministarstvo financija objavilo prihode proračuna"
2022-04-04,"Središnja banka upozorava na sekundarne učinke inflacije"
2022-04-04,"HNB objavio tjedni pregled deviznog trzista"
2022-04-04,"HNB: depoziti kucanstava i dalje rastu"
2022-04-04,"Cijene stanova u Zagrebu nastavile rast"
2022-04-04,"Središnja banka upozorava na sekundarne učinke inflacije"
2022-04-04,"Vlada produljila mjere ograničavanja cijena"
2022-04-04,"Poskupljenje električne energije od sljedećeg mjeseca"
2022-04-04,"Vujčić: inflacija se vraća prema cilju"
2022-04-04,"Središnjoj banci stigli novi podaci o kreditima kućanstava"
2022-04-04,"Vujčić: inflacija se vraća prema cilju"
2022-04-04,"Guverner Vujčić o kretanju cijena u idućoj godini"
2022-04-04,"Središnja banka upozorava na sekundarne učinke inflacije"
2022-04-04,"Vujčić: inflacija se vraća prema cilju"
2022-04-04,"Hrvatskoj narodnoj banci stigao novi set podataka"
2022-04-04,"HNB: depoziti kucanstava i dalje rastu"
2022-04-04,"Guverner Vujčić o kretanju cijena u idućoj godini"
2022-04-04,"Turistička sezona nadmašila očekivanja"
2022-04-04,"Analitičari očekuju usporavanje potrošnje"
2022-04-04,"Sindikati traže povećanje minimalne plaće"
2022-04-04,"Središnja banka upozorava na sekundarne učinke inflacije"
2022-04-04,"Hrvatskoj narodnoj banci stigao novi set podataka"
2022-04-04,"Što središnja banka poručuje o inflacijskim očekivanjima"
2022-04-04,"Središnjoj banci stigli novi podaci o kreditima kućanstava"
2022-04-04,"Središnja banka objavila izvješće o financijskoj stabilnosti"
2022-04-04,"Hrvatska narodna banka o rastu cijena energenata"
2022-04-04,"Turistička sezona nadmašila očekivanja"
2022-04-04,"Središnjoj banci stigli novi podaci o kreditima kućanstava"
2022-04-04,"Sindikati traže povećanje minimalne plaće"
2022-04-04,"Turistička sezona nadmašila očekivanja"
2022-04-04,"Hrvatskoj narodnoj banci stigao novi set podataka"
2022-04-04,"Hrvatske narodne banke tice se i pitanje likvidnosti"
2022-04-11,"Cijene goriva ponovno rastu na benzinskim postajama"
2022-04-11,"Odluke središnje banke i cijene stambenih kredita"
2022-04-11,"Cijene goriva ponovno rastu na benzinskim postajama"
2022-04-11,"Središnja banka objavila izvješće o financijskoj stabilnosti"
2022-04-11,"Središnja banka objavila izvješće o financijskoj stabilnosti"
2022-04-11,"Hrvatska narodna banka o rastu cijena energenata"
2022-04-11,"Ministarstvo financija objavilo prihode proračuna"
2022-04-11,"Vujčić: inflacija se vraća prema cilju"
2022-04-11,"Središnjoj banci stigli novi podaci o kreditima kućanstava"
2022-04-11,"Cijene stanova u Zagrebu nastavile rast"
2022-04-11,"Guvernerova ocjena inflacijskih očekivanja kućanstava"
2022-04-11,"Središnja banka upozorava na sekundarne učinke inflacije"
2022-04-11,"Cijene stanova u Zagrebu nastavile rast"
2022-04-11,"Analitičari očekuju usporavanje potrošnje"
2022-04-11,"Guverner Vujčić o kretanju cijena u idućoj godini"
2022-04-11,"Odluke središnje banke i cijene stambenih kredita"
2022-04-11,"Ministarstvo financija objavilo prihode proračuna"
2022-04-11,"Odluke središnje banke i cijene stambenih kredita"
2022-04-11,"HNB objavio tjedni pregled deviznog trzista"
2022-04-11,"Središnja banka upozorava na sekundarne učinke inflacije"
2022-04-11,"HNB objavio tjedni pregled deviznog trzista"
2022-04-11,"Hrvatska narodna banka o rastu cijena energenata"
2022-04-11,"Ministarstvo financija objavilo prihode proračuna"
2022-04-11,"Ministarstvo financija objavilo prihode proračuna"
2022-04-11,"Guverner Vujčić o kretanju cijena u idućoj godini"
2022-04-11,"Guverner Vujčić o kretanju cijena u idućoj godini"
2022-04-11,"Sindikati traže povećanje minimalne plaće"
2022-04-11,"HNB: pritisak na cijene hrane popusta"
2022-04-11,"Što središnja banka poručuje o inflacijskim očekivanjima"
2022-04-11,"Analitičari očekuju usporavanje potrošnje"
2022-04-11,"Vlada produljila mjere ograničavanja cijena"
2022-04-11,"Ministarstvo financija objavilo prihode proračuna"
2022-04-11,"Cijene stanova u Zagrebu nastavile rast"
2022-04-11,"Guverner najavio nove mjere za kreditni rast"
2022-04-11,"Hrvatskoj narodnoj banci stigao novi set podataka"
2022-04-11,"HNB: pritisak na cijene hrane popusta"
2022-04-11,"Sindikati traže povećanje minimalne plaće"
2022-04-11,"Guvernerova ocjena inflacijskih očekivanja kućanstava"
2022-04-11,"Sindikati traže povećanje minimalne plaće"
2022-04-11,"Središnjoj banci stigli novi podaci o kreditima kućanstava"
2022-04-11,"Ministarstvo financija objavilo prihode proračuna"
2022-04-11,"Vujčić: inflacija se vraća prema cilju"
2022-04-11,"Što središnja banka poručuje o inflacijskim očekivanjima"
2022-04-11,"Poskupljenje električne energije od sljedećeg mjeseca"
2022-04-11,"Hrvatska narodna banka o rastu cijena energenata"
2022-04-11,"HNB: pritisak na cijene hrane popusta"
2022-04-11,"Ministarstvo financija objavilo prihode proračuna"
2022-04-11,"Cijene goriva ponovno rastu na benzinskim postajama"
2022-04-11,"Hrvatske narodne banke tice se i pitanje likvidnosti"
2022-04-11,"HNB objavio tjedni pregled deviznog trzista"
2022-04-11,"Vlada produljila mjere ograničavanja cijena"
2022-04-11,"Sindikati traže povećanje minimalne plaće"
2022-04-11,"Središnja banka objavila izvješće o financijskoj stabilnosti"
2022-04-11,"Središnja banka procjenjuje učinke uvođenja eura"
2022-04-11,"Središnja banka upozorava na sekundarne učinke inflacije"
2022-04-11,"Sindikati traže povećanje minimalne plaće"
2022-04-11,"Hrvatske narodne banke tice se i pitanje likvidnosti"
2022-04-11,"Hrvatskoj narodnoj banci stigao novi set podataka"
2022-04-11,"Cijene stanova u Zagrebu nastavile rast"
2022-04-11,"Odluke središnje banke i cijene stambenih kredita"
2022-04-11,"Hrvatske narodne banke tice se i pitanje likvidnosti"
2022-04-11,"HNB: pritisak na cijene hrane popusta"
2022-04-18,"Središnja banka procjenjuje učinke uvođenja eura"
2022-04-18,"Cijene goriva ponovno rastu na benzinskim postajama"
2022-04-18,"Turistička sezona nadmašila očekivanja"
2022-04-18,"Guverner Vujčić o kretanju cijena u idućoj godini"
2022-04-18,"Središnja banka objavila izvješće o financijskoj stabilnosti"
2022-04-18,"Hrvatska narodna banka o rastu cijena energenata"
2022-04-18,"Središnja banka objavila izvješće o financijskoj stabilnosti"
2022-04-18,"Guvernerova ocjena inflacijskih očekivanja kućanstava"
2022-04-18,"Središnja banka upozorava na sekundarne učinke inflacije"
2022-04-18,"Trgovci najavljuju poskupljenje osnovnih namirnica"
2022-04-18,"Turistička sezona nadmašila očekivanja"
2022-04-18,"Sindikati traže povećanje minimalne plaće"
2022-04-18,"Središnjoj banci stigli novi podaci o kreditima kućanstava"
2022-04-18,"Središnja banka upozorava na sekundarne učinke inflacije"
2022-04-18,"Sindikati traže povećanje minimalne plaće"
2022-04-18,"Turistička sezona nadmašila očekivanja"
2022-04-18,"Cijene stanova u Zagrebu nastavile rast"
2022-04-18,"Guverner Vujčić o kretanju cijena u idućoj godini"
2022-04-18,"HNB: pritisak na cijene hrane popusta"
2022-04-18,"Turistička sezona nadmašila očekivanja"
2022-04-18,"Turistička sezona nadmašila očekivanja"
2022-04-18,"Guverner Vujčić o kretanju cijena u idućoj godini"
2022-04-18,"Središnja banka procjenjuje učinke uvođenja eura"
2022-04-18,"Središnja banka procjenjuje učinke uvođenja eura"
2022-04-18,"Hrvatske narodne banke tice se i pitanje likvidnosti"
2022-04-18,"Turistička sezona nadmašila očekivanja"
2022-04-18,"Guvernerova ocjena inflacijskih očekivanja kućanstava"
2022-04-18,"Što središnja banka poručuje o inflacijskim očekivanjima"
2022-04-18,"Hrvatska narodna banka o rastu cijena energenata"
2022-04-18,"Analitičari očekuju usporavanje potrošnje"
2022-04-18,"HNB: depoziti kucanstava i dalje rastu"
2022-04-18,"Središnja banka objavila izvješće o financijskoj stabilnosti"
2022-04-18,"Odluke središnje banke i cijene stambenih kredita"
2022-04-18,"Analitičari očekuju usporavanje potrošnje"
2022-04-18,"Središnja banka procjenjuje učinke uvođenja eura"
2022-04-18,"Središnja banka upozorava na sekundarne učinke inflacije"
2022-04-18,"Trgovci najavljuju poskupljenje osnovnih namirnica"
2022-04-18,"Središnja banka upozorava na sekundarne učinke inflacije"
2022-04-18,"Hrvatske narodne banke tice se i pitanje likvidnosti"
2022-04-18,"Sindikati traže povećanje minimalne plaće"
2022-04-18,"Analitičari očekuju usporavanje potrošnje"
2022-04-18,"Guvernerova ocjena inflacijskih očekivanja kućanstava"
2022-04-18,"Hrvatske narodne banke tice se i pitanje likvidnosti"
2022-04-18,"Središnjoj banci stigli novi podaci o kreditima kućanstava"
2022-04-18,"Središnja banka objavila izvješće o financijskoj stabilnosti"
2022-04-18,"Ministarstvo financija objavilo prihode proračuna"
2022-04-18,"Vlada produljila mjere ograničavanja cijena"
2022-04-18,"Hrvatske narodne banke tice se i pitanje likvidnosti"
2022-04-18,"Trgovci najavljuju poskupljenje osnovnih namirnica"
2022-04-25,"Cijene goriva ponovno rastu na benzinskim postajama"
2022-04-25,"Eurostat objavio nove podatke o zaposlenosti"
2022-04-25,"Središnjoj banci stigli novi podaci o kreditima kućanstava"
2022-04-25,"HNB: depoziti kucanstava i dalje rastu"
2022-04-25,"Cijene stanova u Zagrebu nastavile rast"
2022-04-25,"Što središnja banka poručuje o inflacijskim očekivanjima"
2022-04-25,"Središnjoj banci stigli novi podaci o kreditima kućanstava"
2022-04-25,"HNB objavio tjedni pregled deviznog trzista"
2022-04-25,"Guverner najavio nove mjere za kreditni rast"
2022-04-25,"Što središnja banka poručuje o inflacijskim očekivanjima"
2022-04-25,"Analitičari očekuju usporavanje potrošnje"
2022-04-25,"Trgovci najavljuju poskupljenje osnovnih namirnica"
2022-04-25,"Hrvatska narodna banka o rastu cijena energenata"
2022-04-25,"Hrvatskoj narodnoj banci stigao novi set podataka"
2022-04-25,"Hrvatske narodne banke tice se i pitanje likvidnosti"
2022-04-25,"Eurostat objavio nove podatke o zaposlenosti"
2022-04-25,"Središnja banka procjenjuje učinke uvođenja eura"
2022-04-25,"Središnja banka objavila izvješće o financijskoj stabilnosti"
2022-04-25,"Guverner Vujčić o kretanju cijena u idućoj godini"
2022-04-25,"Cijene stanova u Zagrebu nastavile rast"
2022-04-25,"Poskupljenje električne energije od sljedećeg mjeseca"
2022-04-25,"Središnja banka procjenjuje učinke uvođenja eura"
2022-04-25,"Eurostat objavio nove podatke o zaposlenosti"
2022-04-25,"Hrvatskoj narodnoj banci stigao novi set podataka"
2022-04-25,"Vujčić: inflacija se vraća prema cilju"
2022-04-25,"Turistička sezona nadmašila očekivanja"
2022-04-25,"Guverner Vujčić o kretanju cijena u idućoj godini"
2022-04-25,"Turistička sezona nadmašila očekivanja"
2022-04-25,"HNB objavio tjedni pregled deviznog trzista"
2022-04-25,"HNB objavio tjedni pregled deviznog trzista"
2022-04-25,"HNB: depoziti kucanstava i dalje rastu"
2022-04-25,"Hrvatska narodna banka o rastu cijena energenata"
2022-04-25,"Središnja banka objavila izvješće o financijskoj stabilnosti"
2022-04-25,"Turistička sezona nadmašila očekivanja"
2022-04-25,"Analitičari očekuju usporavanje potrošnje"
2022-04-25,"Guvernerova ocjena inflacijskih očekivanja kućanstava"
2022-04-25,"Cijene goriva ponovno rastu na benzinskim postajama"
2022-04-25,"Poskupljenje električne energije od sljedećeg mjeseca"
2022-04-25,"Trgovci najavljuju poskupljenje osnovnih namirnica"
2022-04-25,"HNB objavio tjedni pregled deviznog trzista"
2022-04-25,"Eurostat objavio nove podatke o zaposlenosti"
2022-04-25,"Vujčić: inflacija se vraća prema cilju"
2022-04-25,"Hrvatska narodna banka o rastu cijena energenata"
2022-04-25,"Što središnja banka poručuje o inflacijskim očekivanjima"
2022-04-25,"Turistička sezona nadmašila očekivanja"
2022-04-25,"Središnja banka objavila izvješće o financijskoj stabilnosti"
2022-05-02,"Odluke središnje banke i cijene stambenih kredita"
2022-05-02,"Hrvatska narodna banka o rastu cijena energenata"
2022-05-02,"HNB objavio tjedni pregled deviznog trzista"
2022-05-02,"Eurostat objavio nove podatke o zaposlenosti"
2022-05-02,"HNB: pritisak na cijene hrane popusta"
2022-05-02,"Trgovci najavljuju poskupljenje osnovnih namirnica"
2022-05-02,"Guverner najavio nove mjere za kreditni rast"
2022-05-02,"Guverner najavio nove mjere za kreditni rast"
2022-05-02,"HNB: depoziti kucanstava i dalje rastu"
2022-05-02,"Hrvatske narodne banke tice se i pitanje likvidnosti"
2022-05-02,"Hrvatskoj narodnoj banci stigao novi set podataka"
2022-05-02,"HNB: depoziti kucanstava i dalje rastu"
2022-05-02,"Sindikati traže povećanje minimalne plaće"
2022-05-02,"Cijene goriva ponovno rastu na benzinskim postajama"
2022-05-02,"Sindikati traže povećanje minimalne plaće"
2022-05-02,"Vlada produljila mjere ograničavanja cijena"
2022-05-02,"Poskupljenje električne energije od sljedećeg mjeseca"
2022-05-02,"Što središnja banka poručuje o inflacijskim očekivanjima"
2022-05-02,"Što središnja banka poručuje o inflacijskim očekivanjima"
2022-05-02,"HNB: depoziti kucanstava i dalje rastu"
2022-05-02,"Guverner Vujčić o kretanju cijena u idućoj godini"
2022-05-02,"Trgovci najavljuju poskupljenje osnovnih namirnica"
2022-05-02,"Eurostat objavio nove podatke o zaposlenosti"
2022-05-02,"Poskupljenje električne energije od sljedećeg mjeseca"
2022-05-02,"Hrvatskoj narodnoj banci stigao novi set podataka"
2022-05-02,"Cijene goriva ponovno rastu na benzinskim postajama"
2022-05-02,"Središnja banka objavila izvješće o financijskoj stabilnosti"
2022-05-02,"Eurostat objavio nove podatke o zaposlenosti"
2022-05-02,"Guvernerova ocjena inflacijskih očekivanja kućanstava"
2022-05-02,"Cijene goriva ponovno rastu na benzinskim postajama"
2022-05-02,"Cijene stanova u Zagrebu nastavile rast"
2022-05-02,"Vujčić: inflacija se vraća prema cilju"
2022-05-02,"Središnja banka objavila izvješće o financijskoj stabilnosti"
2022-05-02,"Turistička sezona nadmašila očekivanja"
2022-05-02,"Trgovci najavljuju poskupljenje osnovnih namirnica"
2022-05-02,"Što središnja banka poručuje o inflacijskim očekivanjima"
2022-05-02,"HNB: depoziti kucanstava i dalje rastu"
2022-05-02,"Hrvatska narodna banka o rastu cijena energenata"
2022-05-02,"Hrvatska narodna banka o rastu cijena energenata"
2022-05-02,"Eurostat objavio nove podatke o zaposlenosti"
2022-05-02,"HNB objavio tjedni pregled deviznog trzista"
2022-05-02,"Središnja banka upozorava na sekundarne učinke inflacije"
2022-05-02,"Hrvatska narodna banka o rastu cijena energenata"
2022-05-02,"Guverner Vujčić o kretanju cijena u idućoj godini"
2022-05-02,"Odluke središnje banke i cijene stambenih kredita"
2022-05-02,"Turistička sezona nadmašila očekivanja"
2022-05-02,"Središnja banka upozorava na sekundarne učinke inflacije"
2022-05-09,"Ministarstvo financija objavilo prihode proračuna"
2022-05-09,"Središnja banka procjenjuje učinke uvođenja eura"
2022-05-09,"Središnja banka procjenjuje učinke uvođenja eura"
2022-05-09,"Turistička sezona nadmašila očekivanja"
2022-05-09,"Guverner najavio nove mjere za kreditni rast"
2022-05-09,"HNB: pritisak na cijene hrane popusta"
2022-05-09,"Vujčić: inflacija se vraća prema cilju"
2022-05-09,"Vujčić: inflacija se vraća prema cilju"
2022-05-09,"Guverner Vujčić o kretanju cijena u idućoj godini"
2022-05-09,"Ministarstvo financija objavilo prihode proračuna"
2022-05-09,"Cijene goriva ponovno rastu na benzinskim postajama"
2022-05-09,"Središnja banka procjenjuje učinke uvođenja eura"
2022-05-09,"Središnja banka objavila izvješće o financijskoj stabilnosti"
2022-05-09,"Eurostat objavio nove podatke o zaposlenosti"
2022-05-09,"Hrvatska narodna banka o rastu cijena energenata"
2022-05-09,"HNB objavio tjedni pregled deviznog trzista"
2022-05-09,"Sindikati traže povećanje minimalne plaće"
2022-05-09,"Središnja banka upozorava na sekundarne učinke inflacije"
2022-05-09,"Središnja banka objavila izvješće o financijskoj stabilnosti"
2022-05-09,"Što središnja banka poručuje o inflacijskim očekivanjima"
2022-05-09,"Eurostat objavio nove podatke o zaposlenosti"
2022-05-09,"Guvernerova ocjena inflacijskih očekivanja kućanstava"
2022-05-09,"HNB: pritisak na cijene hrane popusta"
2022-05-09,"Cijene goriva ponovno rastu na benzinskim postajama"
2022-05-09,"Trgovci najavljuju poskupljenje osnovnih namirnica"
2022-05-09,"Odluke središnje banke i cijene stambenih kredita"
2022-05-09,"Trgovci najavljuju poskupljenje osnovnih namirnica"
2022-05-09,"Turistička sezona nadmašila očekivanja"
2022-05-09,"Turistička sezona nadmašila očekivanja"
2022-05-09,"Hrvatskoj narodnoj banci stigao novi set podataka"
2022-05-09,"Što središnja banka poručuje o inflacijskim očekivanjima"
2022-05-09,"Guvernerova ocjena inflacijskih očekivanja kućanstava"
2022-05-09,"Trgovci najavljuju poskupljenje osnovnih namirnica"
2022-05-09,"Sindikati traže povećanje minimalne plaće"
2022-05-09,"Središnjoj banci stigli novi podaci o kreditima kućanstava"
2022-05-09,"Analitičari očekuju usporavanje potrošnje"
2022-05-09,"Središnja banka upozorava na sekundarne učinke inflacije"
2022-05-09,"Hrvatske narodne banke tice se i pitanje likvidnosti"
2022-05-09,"Trgovci najavljuju poskupljenje osnovnih namirnica"
2022-05-09,"Sindikati traže povećanje minimalne plaće"
2022-05-09,"Hrvatskoj narodnoj banci stigao novi set podataka"
2022-05-09,"Hrvatske narodne banke tice se i pitanje likvidnosti"
2022-05-09,"Središnjoj banci stigli novi podaci o kreditima kućanstava"
2022-05-09,"Vlada produljila mjere ograničavanja cijena"
2022-05-09,"Poskupljenje električne energije od sljedećeg mjeseca"
2022-05-09,"Središnja banka procjenjuje učinke uvođenja eura"
2022-05-09,"Središnja banka objavila izvješće o financijskoj stabilnosti"
2022-05-09,"Središnja banka upozorava na sekundarne učinke inflacije"
2022-05-09,"Središnjoj banci stigli novi podaci o kreditima kućanstava"
2022-05-09,"HNB objavio tjedni pregled deviznog trzista"
2022-05-09,"Trgovci najavljuju poskupljenje osnovnih namirnica"
2022-05-09,"Središnja banka upozorava na sekundarne učinke inflacije"
2022-05-09,"Analitičari očekuju usporavanje potrošnje"
2022-05-16,"Cijene goriva ponovno rastu na benzinskim postajama"
2022-05-16,"Što središnja banka poručuje o inflacijskim očekivanjima"
2022-05-16,"Turistička sezona nadmašila očekivanja"
2022-05-16,"Trgovci najavljuju poskupljenje osnovnih namirnica"
2022-05-16,"Turistička sezona nadmašila očekivanja"
2022-05-16,"Cijene stanova u Zagrebu nastavile rast"
2022-05-16,"Vlada produljila mjere ograničavanja cijena"
2022-05-16,"Analitičari očekuju usporavanje potrošnje"
2022-05-16,"Cijene goriva ponovno rastu na benzinskim postajama"
2022-05-16,"Središnjoj banci stigli novi podaci o kreditima kućanstava"
2022-05-16,"Središnja banka upozorava na sekundarne učinke inflacije"
2022-05-16,"Ministarstvo financija objavilo prihode proračuna"
2022-05-16,"Vujčić: inflacija se vraća prema cilju"
2022-05-16,"HNB: pritisak na cijene hrane popusta"
2022-05-16,"Što središnja banka poručuje o inflacijskim očekivanjima"
2022-05-16,"HNB objavio tjedni pregled deviznog trzista"
2022-05-16,"Guverner Vujčić o kretanju cijena u idućoj godini"
2022-05-16,"Što središnja banka poručuje o inflacijskim očekivanjima"
2022-05-16,"HNB: depoziti kucanstava i dalje rastu"
2022-05-16,"Guverner Vujčić o kretanju cijena u idućoj godini"
2022-05-16,"Središnja banka procjenjuje učinke uvođenja eura"
2022-05-16,"HNB: pritisak na cijene hrane popusta"
2022-05-16,"Guverner najavio nove mjere za kreditni rast"
2022-05-16,"Odluke središnje banke i cijene stambenih kredita"
2022-05-16,"HNB: pritisak na cijene hrane popusta"
2022-05-16,"Cijene stanova u Zagrebu nastavile rast"
2022-05-16,"Vujčić: inflacija se vraća prema cilju"
2022-05-16,"Što središnja banka poručuje o inflacijskim očekivanjima"
2022-05-16,"HNB: pritisak na cijene hrane popusta"
2022-05-16,"Cijene stanova u Zagrebu nastavile rast"
2022-05-16,"Središnjoj banci stigli novi podaci o kreditima kućanstava"
2022-05-16,"Analitičari očekuju usporavanje potrošnje"
2022-05-16,"Poskupljenje električne energije od sljedećeg mjeseca"
2022-05-16,"Središnja banka upozorava na sekundarne učinke inflacije"
2022-05-16,"Odluke središnje banke i cijene stambenih kredita"
2022-05-16,"Guverner najavio nove mjere za kreditni rast"
2022-05-16,"Središnja banka procjenjuje učinke uvođenja eura"
2022-05-16,"Cijene goriva ponovno rastu na benzinskim postajama"
2022-05-16,"Ministarstvo financija objavilo prihode proračuna"
2022-05-16,"Cijene stanova u Zagrebu nastavile rast"
2022-05-16,"Hrvatskoj narodnoj banci stigao novi set podataka"
2022-05-16,"Sindikati traže povećanje minimalne plaće"
2022-05-16,"Središnjoj banci stigli novi podaci o kreditima kućanstava"
2022-05-16,"Hrvatske narodne banke tice se i pitanje likvidnosti"
2022-05-16,"Sindikati traže povećanje minimalne plaće"
2022-05-16,"Odluke središnje banke i cijene stambenih kredita"
2022-05-23,"Središnjoj banci stigli novi podaci o kreditima kućanstava"
2022-05-23,"Turistička sezona nadmašila očekivanja"
2022-05-23,"Guverner Vujčić o kretanju cijena u idućoj godini"
2022-05-23,"Središnja banka objavila izvješće o financijskoj stabilnosti"
2022-05-23,"Guverner Vujčić o kretanju cijena u idućoj godini"
2022-05-23,"Središnjoj banci stigli novi podaci o kreditima kućanstava"
2022-05-23,"Odluke središnje banke i cijene stambenih kredita"
2022-05-23,"HNB objavio tjedni pregled deviznog trzista"
2022-05-23,"Turistička sezona nadmašila očekivanja"
2022-05-23,"Središnja banka procjenjuje učinke uvođenja eura"
2022-05-23,"Guverner Vujčić o kretanju cijena u idućoj godini"
2022-05-23,"HNB: depoziti kucanstava i dalje rastu"
2022-05-23,"Guvernerova ocjena inflacijskih očekivanja kućanstava"
2022-05-23,"Što središnja banka poručuje o inflacijskim očekivanjima"
2022-05-23,"Eurostat objavio nove podatke o zaposlenosti"
2022-05-23,"HNB objavio tjedni pregled deviznog trzista"
2022-05-23,"Hrvatskoj narodnoj banci stigao novi set podataka"
2022-05-23,"Ministarstvo financija objavilo prihode proračuna"
2022-05-23,"Što središnja banka poručuje o inflacijskim očekivanjima"
2022-05-23,"Guvernerova ocjena inflacijskih očekivanja kućanstava"
2022-05-23,"Sindikati traže povećanje minimalne plaće"
2022-05-23,"Vlada produljila mjere ograničavanja cijena"
2022-05-23,"Cijene stanova u Zagrebu nastavile rast"
2022-05-23,"Turistička sezona nadmašila očekivanja"
2022-05-23,"Ministarstvo financija objavilo prihode proračuna"
2022-05-23,"Hrvatska narodna banka o rastu cijena energenata"
2022-05-23,"Trgovci najavljuju poskupljenje osnovnih namirnica"
2022-05-23,"Vlada produljila mjere ograničavanja cijena"
2022-05-23,"Središnja banka objavila izvješće o financijskoj stabilnosti"
2022-05-23,"Poskupljenje električne energije od sljedećeg mjeseca"
2022-05-23,"Hrvatske narodne banke tice se i pitanje likvidnosti"
2022-05-23,"Središnja banka procjenjuje učinke uvođenja eura"
2022-05-23,"Odluke središnje banke i cijene stambenih kredita"
2022-05-23,"Cijene stanova u Zagrebu nastavile rast"
2022-05-23,"Što središnja banka poručuje o inflacijskim očekivanjima"
2022-05-23,"Eurostat objavio nove podatke o zaposlenosti"
2022-05-23,"Hrvatska narodna banka o rastu cijena energenata"
2022-05-23,"Trgovci najavljuju poskupljenje osnovnih namirnica"
2022-05-23,"Vlada produljila mjere ograničavanja cijena"
2022-05-23,"Središnja banka upozorava na sekundarne učinke inflacije"
2022-05-23,"Hrvatska narodna banka o rastu cijena energenata"
2022-05-23,"Hrvatskoj narodnoj banci stigao novi set podataka"
2022-05-23,"Ministarstvo financija objavilo prihode proračuna"
2022-05-30,"Cijene stanova u Zagrebu nastavile rast"
2022-05-30,"Cijene goriva ponovno rastu na benzinskim postajama"
2022-05-30,"Hrvatskoj narodnoj banci stigao novi set podataka"
2022-05-30,"Guvernerova ocjena inflacijskih očekivanja kućanstava"
2022-05-30,"HNB objavio tjedni pregled deviznog trzista"
2022-05-30,"Analitičari očekuju usporavanje potrošnje"
2022-05-30,"Guvernerova ocjena inflacijskih očekivanja kućanstava"
2022-05-30,"Cijene stanova u Zagrebu nastavile rast"
2022-05-30,"Vujčić: inflacija se vraća prema cilju"
2022-05-30,"Guverner Vujčić o kretanju cijena u idućoj godini"
2022-05-30,"Središnja banka upozorava na sekundarne učinke inflacije"
2022-05-30,"Cijene goriva ponovno rastu na benzinskim postajama"
2022-05-30,"Sindikati traže povećanje minimalne plaće"
2022-05-30,"Analitičari očekuju usporavanje potrošnje"
2022-05-30,"Hrvatska narodna banka o rastu cijena energenata"
2022-05-30,"Središnja banka procjenjuje učinke uvođenja eura"
2022-05-30,"Što središnja banka poručuje o inflacijskim očekivanjima"
2022-05-30,"Guvernerova ocjena inflacijskih očekivanja kućanstava"
2022-05-30,"Turistička sezona nadmašila očekivanja"
2022-05-30,"Vlada produljila mjere ograničavanja cijena"
2022-05-30,"Eurostat objavio nove podatke o zaposlenosti"
2022-05-30,"Vlada produljila mjere ograničavanja cijena"
2022-05-30,"HNB: depoziti kucanstava i dalje rastu"
2022-05-30,"Poskupljenje električne energije od sljedećeg mjeseca"
2022-05-30,"Vlada produljila mjere ograničavanja cijena"
2022-05-30,"Hrvatske narodne banke tice se i pitanje likvidnosti"
2022-05-30,"HNB: pritisak na cijene hrane popusta"
2022-05-30,"Hrvatske narodne banke tice se i pitanje likvidnosti"
2022-05-30,"HNB: pritisak na cijene hrane popusta"
2022-05-30,"HNB: pritisak na cijene hrane popusta"
2022-05-30,"Središnja banka upozorava na sekundarne učinke inflacije"
2022-05-30,"Hrvatske narodne banke tice se i pitanje likvidnosti"
2022-05-30,"Vlada produljila mjere ograničavanja cijena"
2022-05-30,"Hrvatske narodne banke tice se i pitanje likvidnosti"
2022-05-30,"Vlada produljila mjere ograničavanja cijena"
2022-05-30,"HNB objavio tjedni pregled deviznog trzista"
2022-05-30,"Cijene goriva ponovno rastu na benzinskim postajama"
2022-05-30,"Središnja banka procjenjuje učinke uvođenja eura"
2022-05-30,"Sindikati traže povećanje minimalne plaće"
2022-05-30,"Hrvatskoj narodnoj banci stigao novi set podataka"
2022-05-30,"Što središnja banka poručuje o inflacijskim očekivanjima"
2022-05-30,"HNB: depoziti kucanstava i dalje rastu"
2022-05-30,"Turistička sezona nadmašila očekivanja"
2022-05-30,"Središnja banka objavila izvješće o financijskoj stabilnosti"
2022-05-30,"Središnja banka procjenjuje učinke uvođenja eura"
2022-05-30,"Guvernerova ocjena inflacijskih očekivanja kućanstava"
2022-05-30,"Hrvatska narodna banka o rastu cijena energenata"
2022-06-06,"Analitičari očekuju usporavanje potrošnje"
2022-06-06,"Guvernerova ocjena inflacijskih očekivanja kućanstava"
2022-06-06,"Trgovci najavljuju poskupljenje osnovnih namirnica"
2022-06-06,"Turistička sezona nadmašila očekivanja"
2022-06-06,"Poskupljenje električne energije od sljedećeg mjeseca"
2022-06-06,"Analitičari očekuju usporavanje potrošnje"
2022-06-06,"Središnja banka upozorava na sekundarne učinke inflacije"
2022-06-06,"Ministarstvo financija objavilo prihode proračuna"
2022-06-06,"Središnja banka upozorava na sekundarne učinke inflacije"
2022-06-06,"Cijene stanova u Zagrebu nastavile rast"
2022-06-06,"Sindikati traže povećanje minimalne plaće"
2022-06-06,"HNB objavio tjedni pregled deviznog trzista"
2022-06-06,"Središnjoj banci stigli novi podaci o kreditima kućanstava"
2022-06-06,"Guverner najavio nove mjere za kreditni rast"
2022-06-06,"Središnja banka procjenjuje učinke uvođenja eura"
2022-06-06,"Odluke središnje banke i cijene stambenih kredita"
2022-06-06,"Poskupljenje električne energije od sljedećeg mjeseca"
2022-06-06,"Ministarstvo financija objavilo prihode proračuna"
2022-06-06,"HNB objavio tjedni pregled deviznog trzista"
2022-06-06,"Cijene goriva ponovno rastu na benzinskim postajama"
2022-06-06,"Trgovci najavljuju poskupljenje osnovnih namirnica"
2022-06-06,"Guverner Vujčić o kretanju cijena u idućoj godini"
2022-06-06,"Guverner najavio nove mjere za kreditni rast"
2022-06-06,"Središnja banka objavila izvješće o financijskoj stabilnosti"
2022-06-06,"Hrvatska narodna banka o rastu cijena energenata"
2022-06-06,"Središnja banka upozorava na sekundarne učinke inflacije"
2022-06-06,"Hrvatske narodne banke tice se i pitanje likvidnosti"
2022-06-06,"Središnja banka upozorava na sekundarne učinke inflacije"
2022-06-06,"HNB objavio tjedni pregled deviznog trzista"
2022-06-06,"Hrvatske narodne banke tice se i pitanje likvidnosti"
2022-06-06,"Guverner Vujčić o kretanju cijena u idućoj godini"
2022-06-06,"Hrvatske narodne banke tice se i pitanje likvidnosti"
2022-06-06,"HNB: pritisak na cijene hrane popusta"
2022-06-06,"Guvernerova ocjena inflacijskih očekivanja kućanstava"
2022-06-06,"HNB: depoziti kucanstava i dalje rastu"
2022-06-06,"Poskupljenje električne energije od sljedećeg mjeseca"
2022-06-06,"Vlada produljila mjere ograničavanja cijena"
2022-06-06,"HNB: pritisak na cijene hrane popusta"
2022-06-06,"Hrvatska narodna banka o rastu cijena energenata"
2022-06-06,"Središnjoj banci stigli novi podaci o kreditima kućanstava"
2022-06-06,"Hrvatske narodne banke tice se i pitanje likvidnosti"
2022-06-06,"Cijene stanova u Zagrebu nastavile rast"
2022-06-06,"Trgovci najavljuju poskupljenje osnovnih namirnica"
2022-06-06,"Ministarstvo financija objavilo prihode proračuna"
2022-06-06,"Poskupljenje električne energije od sljedećeg mjeseca"
2022-06-06,"Središnja banka objavila izvješće o financijskoj stabilnosti"
2022-06-13,"Poskupljenje električne energije od sljedećeg mjeseca"
2022-06-13,"Odluke središnje banke i cijene stambenih kredita"
2022-06-13,"Ministarstvo financija objavilo prihode proračuna"
2022-06-13,"Trgovci najavljuju poskupljenje osnovnih namirnica"
2022-06-13,"Guverner Vujčić o kretanju cijena u idućoj godini"
2022-06-13,"Hrvatska narodna banka o rastu cijena energenata"
2022-06-13,"Vujčić: inflacija se vraća prema cilju"
2022-06-13,"Cijene goriva ponovno rastu na benzinskim postajama"
2022-06-13,"Središnja banka upozorava na sekundarne učinke inflacije"
2022-06-13,"Poskupljenje električne energije od sljedećeg mjeseca"
2022-06-13,"Vujčić: inflacija se vraća prema cilju"
2022-06-13,"Hrvatska narodna banka o rastu cijena energenata"
2022-06-13,"HNB: pritisak na cijene hrane popusta"
2022-06-13,"Guvernerova ocjena inflacijskih očekivanja kućanstava"
2022-06-13,"Analitičari očekuju usporavanje potrošnje"
2022-06-13,"HNB: depoziti kucanstava i dalje rastu"
2022-06-13,"Cijene stanova u Zagrebu nastavile rast"
2022-06-13,"Središnjoj banci stigli novi podaci o kreditima kućanstava"
2022-06-13,"Hrvatskoj narodnoj banci stigao novi set podataka"
2022-06-13,"Odluke središnje banke i cijene stambenih kredita"
2022-06-13,"Što središnja banka poručuje o inflacijskim očekivanjima"
2022-06-13,"Hrvatska narodna banka o rastu cijena energenata"
2022-06-13,"Središnja banka procjenjuje učinke uvođenja eura"
2022-06-13,"Što središnja banka poručuje o inflacijskim očekivanjima"
2022-06-13,"Vlada produljila mjere ograničavanja cijena"
2022-06-13,"Sindikati traže povećanje minimalne plaće"
2022-06-13,"Cijene stanova u Zagrebu nastavile rast"
2022-06-13,"Guvernerova ocjena inflacijskih očekivanja kućanstava"
2022-06-13,"Hrvatska narodna banka o rastu cijena energenata"
2022-06-13,"Središnja banka upozorava na sekundarne učinke inflacije"
2022-06-13,"Središnja banka upozorava na sekundarne učinke inflacije"
2022-06-13,"Cijene goriva ponovno rastu na benzinskim postajama"
2022-06-13,"Turistička sezona nadmašila očekivanja"
2022-06-13,"Odluke središnje banke i cijene stambenih kredita"
2022-06-13,"Trgovci najavljuju poskupljenje osnovnih namirnica"
2022-06-13,"HNB objavio tjedni pregled deviznog trzista"
2022-06-13,"Vlada produljila mjere ograničavanja cijena"
2022-06-13,"Trgovci najavljuju poskupljenje osnovnih namirnica"
2022-06-13,"Središnjoj banci stigli novi podaci o kreditima kućanstava"
2022-06-13,"Središnja banka upozorava na sekundarne učinke inflacije"
2022-06-13,"Sindikati traže povećanje minimalne plaće"
2022-06-20,"HNB: pritisak na cijene hrane popusta"
2022-06-20,"Guverner Vujčić o kretanju cijena u idućoj godini"
2022-06-20,"HNB: pritisak na cijene hrane popusta"
2022-06-20,"HNB objavio tjedni pregled deviznog trzista"
2022-06-20,"Sindikati traže povećanje minimalne plaće"
2022-06-20,"Cijene goriva ponovno rastu na benzinskim postajama"
2022-06-20,"HNB objavio tjedni pregled deviznog trzista"
2022-06-20,"Trgovci najavljuju poskupljenje osnovnih namirnica"
2022-06-20,"Vujčić: inflacija se vraća prema cilju"
2022-06-20,"Hrvatska narodna banka o rastu cijena energenata"
2022-06-20,"Turistička sezona nadmašila očekivanja"
2022-06-20,"Guverner najavio nove mjere za kreditni rast"
2022-06-20,"Središnjoj banci stigli novi podaci o kreditima kućanstava"
2022-06-20,"HNB objavio tjedni pregled deviznog trzista"
2022-06-20,"Guverner najavio nove mjere za kreditni rast"
2022-06-20,"Što središnja banka poručuje o inflacijskim očekivanjima"
2022-06-20,"Analitičari očekuju usporavanje potrošnje"
2022-06-20,"HNB: pritisak na cijene hrane popusta"
2022-06-20,"HNB: pritisak na cijene hrane popusta"
2022-06-20,"Hrvatske narodne banke tice se i pitanje likvidnosti"
2022-06-20,"Središnja banka objavila izvješće o financijskoj stabilnosti"
2022-06-20,"Guverner Vujčić o kretanju cijena u idućoj godini"
2022-06-20,"Hrvatske narodne banke tice se i pitanje likvidnosti"
2022-06-20,"Eurostat objavio nove podatke o zaposlenosti"
2022-06-20,"Cijene goriva ponovno rastu na benzinskim postajama"
2022-06-20,"Ministarstvo financija objavilo prihode proračuna"
2022-06-20,"Hrvatskoj narodnoj banci stigao novi set podataka"
2022-06-20,"Eurostat objavio nove podatke o zaposlenosti"
2022-06-20,"Sindikati traže povećanje minimalne plaće"
2022-06-20,"Poskupljenje električne energije od sljedećeg mjeseca"
2022-06-20,"Cijene goriva ponovno rastu na benzinskim postajama"
2022-06-20,"Cijene goriva ponovno rastu na benzinskim postajama"
2022-06-20,"Analitičari očekuju usporavanje potrošnje"
2022-06-20,"Središnja banka objavila izvješće o financijskoj stabilnosti"
2022-06-20,"Središnja banka upozorava na sekundarne učinke inflacije"
2022-06-20,"HNB objavio tjedni pregled deviznog trzista"
2022-06-20,"Vlada produljila mjere ograničavanja cijena"
2022-06-20,"Guverner Vujčić o kretanju cijena u idućoj godini"
2022-06-20,"Središnjoj banci stigli novi podaci o kreditima kućanstava"
2022-06-20,"Što središnja banka poručuje o inflacijskim očekivanjima"
2022-06-20,"Vlada produljila mjere ograničavanja cijena"
2022-06-20,"Središnjoj banci stigli novi podaci o kreditima kućanstava"
2022-06-20,"Vlada produljila mjere ograničavanja cijena"
2022-06-20,"Hrvatskoj narodnoj banci stigao novi set podataka"
2022-06-20,"Središnja banka upozorava na sekundarne učinke inflacije"
2022-06-20,"Poskupljenje električne energije od sljedećeg mjeseca"
2022-06-20,"Trgovci najavljuju poskupljenje osnovnih namirnica"
2022-06-20,"HNB objavio tjedni pregled deviznog trzista"
2022-06-20,"Središnjoj banci stigli novi podaci o kreditima kućanstava"
2022-06-27,"HNB: pritisak na cijene hrane popusta"
2022-06-27,"Hrvatskoj narodnoj banci stigao novi set podataka"
2022-06-27,"HNB objavio tjedni pregled deviznog trzista"
2022-06-27,"Sindikati traže povećanje minimalne plaće"
2022-06-27,"HNB: pritisak na cijene hrane popusta"
2022-06-27,"Središnjoj banci stigli novi podaci o kreditima kućanstava"
2022-06-27,"HNB: depoziti kucanstava i dalje rastu"
2022-06-27,"Hrvatske narodne banke tice se i pitanje likvidnosti"
2022-06-27,"Eurostat objavio nove podatke o zaposlenosti"
2022-06-27,"Guvernerova ocjena inflacijskih očekivanja kućanstava"
2022-06-27,"HNB: depoziti kucanstava i dalje rastu"
2022-06-27,"Što središnja banka poručuje o inflacijskim očekivanjima"
2022-06-27,"Turistička sezona nadmašila očekivanja"
2022-06-27,"Središnja banka upozorava na sekundarne učinke inflacije"
2022-06-27,"Što središnja banka poručuje o inflacijskim očekivanjima"
2022-06-27,"Cijene goriva ponovno rastu na benzinskim postajama"
2022-06-27,"Cijene goriva ponovno rastu na benzinskim postajama"
2022-06-27,"Guverner Vujčić o kretanju cijena u idućoj godini"
2022-06-27,"Cijene stanova u Zagrebu nastavile rast"
2022-06-27,"Eurostat objavio nove podatke o zaposlenosti"
2022-06-27,"Eurostat objavio nove podatke o zaposlenosti"
2022-06-27,"Središnja banka procjenjuje učinke uvođenja eura"
2022-06-27,"Hrvatske narodne banke tice se i pitanje likvidnosti"
2022-06-27,"HNB: pritisak na cijene hrane popusta"
2022-06-27,"Guverner Vujčić o kretanju cijena u idućoj godini"
2022-06-27,"Guvernerova ocjena inflacijskih očekivanja kućanstava"
2022-06-27,"Cijene goriva ponovno rastu na benzinskim postajama"
2022-06-27,"Ministarstvo financija objavilo prihode proračuna"
2022-06-27,"Cijene goriva ponovno rastu na benzinskim postajama"
2022-06-27,"Guverner Vujčić o kretanju cijena u idućoj godini"
2022-06-27,"Guverner Vujčić o kretanju cijena u idućoj godini"
2022-06-27,"HNB: pritisak na cijene hrane popusta"
2022-06-27,"Eurostat objavio nove podatke o zaposlenosti"
2022-06-27,"Eurostat objavio nove podatke o zaposlenosti"
2022-06-27,"Središnja banka upozorava na sekundarne učinke inflacije"
2022-06-27,"Analitičari očekuju usporavanje potrošnje"
2022-06-27,"Hrvatska narodna banka o rastu cijena energenata"
2022-06-27,"Trgovci najavljuju poskupljenje osnovnih namirnica"
2022-06-27,"Središnja banka procjenjuje učinke uvođenja eura"
2022-06-27,"Hrvatskoj narodnoj banci stigao novi set podataka"
2022-06-27,"Središnja banka upozorava na sekundarne učinke inflacije"
2022-06-27,"Eurostat objavio nove podatke o zaposlenosti"
2022-06-27,"Središnja banka objavila izvješće o financijskoj stabilnosti"
2022-06-27,"Vlada produljila mjere ograničavanja cijena"
2022-06-27,"Odluke središnje banke i cijene stambenih kredita"
2022-06-27,"Vlada produljila mjere ograničavanja cijena"
2022-07-04,"Središnja banka procjenjuje učinke uvođenja eura"
2022-07-04,"Središnjoj banci stigli novi podaci o kreditima kućanstava"
2022-07-04,"Eurostat objavio nove podatke o zaposlenosti"
2022-07-04,"Hrvatske narodne banke tice se i pitanje likvidnosti"
2022-07-04,"HNB: depoziti kucanstava i dalje rastu"
2022-07-04,"Središnja banka procjenjuje učinke uvođenja eura"
2022-07-04,"HNB objavio tjedni pregled deviznog trzista"
2022-07-04,"Guverner najavio nove mjere za kreditni rast"
2022-07-04,"HNB: pritisak na cijene hrane popusta"
2022-07-04,"Hrvatske narodne banke tice se i pitanje likvidnosti"
2022-07-04,"Što središnja banka poručuje o inflacijskim očekivanjima"
2022-07-04,"HNB: pritisak na cijene hrane popusta"
2022-07-04,"Cijene stanova u Zagrebu nastavile rast"
2022-07-04,"Turistička sezona nadmašila očekivanja"
2022-07-04,"Sindikati traže povećanje minimalne plaće"
2022-07-04,"Središnja banka procjenjuje učinke uvođenja eura"
2022-07-04,"Eurostat objavio nove podatke o zaposlenosti"
2022-07-04,"Poskupljenje električne energije od sljedećeg mjeseca"
2022-07-04,"Sindikati traže povećanje minimalne plaće"
2022-07-04,"Što središnja banka poručuje o inflacijskim očekivanjima"
2022-07-04,"Trgovci najavljuju poskupljenje osnovnih namirnica"
2022-07-04,"Središnja banka objavila izvješće o financijskoj stabilnosti"
2022-07-04,"Hrvatske narodne banke tice se i pitanje likvidnosti"
2022-07-04,"Trgovci najavljuju poskupljenje osnovnih namirnica"
2022-07-04,"Središnja banka objavila izvješće o financijskoj stabilnosti"
2022-07-04,"Središnja banka upozorava na sekundarne učinke inflacije"
2022-07-04,"Središnja banka upozorava na sekundarne učinke inflacije"
2022-07-04,"Vujčić: inflacija se vraća prema cilju"
2022-07-04,"Analitičari očekuju usporavanje potrošnje"
2022-07-04,"Ministarstvo financija objavilo prihode proračuna"
2022-07-04,"Guvernerova ocjena inflacijskih očekivanja kućanstava"
2022-07-04,"Hrvatskoj narodnoj banci stigao novi set podataka"
2022-07-04,"Eurostat objavio nove podatke o zaposlenosti"
2022-07-04,"Hrvatske narodne banke tice se i pitanje likvidnosti"
2022-07-04,"Cijene stanova u Zagrebu nastavile rast"
2022-07-04,"HNB: depoziti kucanstava i dalje rastu"
2022-07-04,"Turistička sezona nadmašila očekivanja"
2022-07-04,"Trgovci najavljuju poskupljenje osnovnih namirnica"
2022-07-04,"Cijene stanova u Zagrebu nastavile rast"
2022-07-04,"HNB objavio tjedni pregled deviznog trzista"
2022-07-04,"Ministarstvo financija objavilo prihode proračuna"
2022-07-04,"Vlada produljila mjere ograničavanja cijena"
2022-07-04,"Guvernerova ocjena inflacijskih očekivanja kućanstava"
2022-07-04,"Guvernerova ocjena inflacijskih očekivanja kućanstava"
2022-07-04,"HNB objavio tjedni pregled deviznog trzista"
2022-07-04,"HNB: pritisak na cijene hrane popusta"
2022-07-04,"Vlada produljila mjere ograničavanja cijena"
2022-07-04,"Vujčić: inflacija se vraća prema cilju"
2022-07-04,"Odluke središnje banke i cijene stambenih kredita"
2022-07-11,"Cijene goriva ponovno rastu na benzinskim postajama"
2022-07-11,"HNB: depoziti kucanstava i dalje rastu"
2022-07-11,"Hrvatskoj narodnoj banci stigao novi set podataka"
2022-07-11,"Guverner najavio nove mjere za kreditni rast"
2022-07-11,"Cijene goriva ponovno rastu na benzinskim postajama"
2022-07-11,"Središnja banka objavila izvješće o financijskoj stabilnosti"
2022-07-11,"Hrvatske narodne banke tice se i pitanje likvidnosti"
2022-07-11,"Vujčić: inflacija se vraća prema cilju"
2022-07-11,"Vlada produljila mjere ograničavanja cijena"
2022-07-11,"Ministarstvo financija objavilo prihode proračuna"
2022-07-11,"Hrvatska narodna banka o rastu cijena energenata"
2022-07-11,"Središnja banka objavila izvješće o financijskoj stabilnosti"
2022-07-11,"Guverner Vujčić o kretanju cijena u idućoj godini"
2022-07-11,"Hrvatska narodna banka o rastu cijena energenata"
2022-07-11,"Sindikati traže povećanje minimalne plaće"
2022-07-11,"Vujčić: inflacija se vraća prema cilju"
2022-07-11,"Središnja banka upozorava na sekundarne učinke inflacije"
2022-07-11,"Hrvatska narodna banka o rastu cijena energenata"
2022-07-11,"Analitičari očekuju usporavanje potrošnje"
2022-07-11,"Središnja banka objavila izvješće o financijskoj stabilnosti"
2022-07-11,"Hrvatska narodna banka o rastu cijena energenata"
2022-07-11,"Hrvatska narodna banka o rastu cijena energenata"
2022-07-11,"Guverner najavio nove mjere za kreditni rast"
2022-07-11,"Središnja banka procjenjuje učinke uvođenja eura"
2022-07-11,"Hrvatska narodna banka o rastu cijena energenata"
2022-07-11,"Vlada produljila mjere ograničavanja cijena"
2022-07-11,"HNB objavio tjedni pregled deviznog trzista"
2022-07-11,"Eurostat objavio nove podatke o zaposlenosti"
2022-07-11,"Središnja banka procjenjuje učinke uvođenja eura"
2022-07-11,"Što središnja banka poručuje o inflacijskim očekivanjima"
2022-07-11,"Analitičari očekuju usporavanje potrošnje"
2022-07-11,"Trgovci najavljuju poskupljenje osnovnih namirnica"
2022-07-11,"HNB objavio tjedni pregled deviznog trzista"
2022-07-11,"HNB: depoziti kucanstava i dalje rastu"
2022-07-11,"Eurostat objavio nove podatke o zaposlenosti"
2022-07-11,"Analitičari očekuju usporavanje potrošnje"
2022-07-11,"Središnja banka objavila izvješće o financijskoj stabilnosti"
2022-07-11,"Ministarstvo financija objavilo prihode proračuna"
2022-07-11,"Hrvatskoj narodnoj banci stigao novi set podataka"
2022-07-11,"Turistička sezona nadmašila očekivanja"
2022-07-11,"Cijene stanova u Zagrebu nastavile rast"
2022-07-11,"HNB objavio tjedni pregled deviznog trzista"
2022-07-11,"Ministarstvo financija objavilo prihode proračuna"
2022-07-11,"Sindikati traže povećanje minimalne plaće"
2022-07-11,"Sindikati traže povećanje minimalne plaće"
2022-07-11,"Središnjoj banci stigli novi podaci o kreditima kućanstava"
2022-07-11,"Guverner Vujčić o kretanju cijena u idućoj godini"
2022-07-18,"Guvernerova ocjena inflacijskih očekivanja kućanstava"
2022-07-18,"HNB objavio tjedni pregled deviznog trzista"
2022-07-18,"Trgovci najavljuju poskupljenje osnovnih namirnica"
2022-07-18,"Sindikati traže povećanje minimalne plaće"
2022-07-18,"Ministarstvo financija objavilo prihode proračuna"
2022-07-18,"Središnja banka objavila izvješće o financijskoj stabilnosti"
2022-07-18,"Središnja banka upozorava na sekundarne učinke inflacije"
2022-07-18,"Hrvatska narodna banka o rastu cijena energenata"
2022-07-18,"Hrvatska narodna banka o rastu cijena energenata"
2022-07-18,"Poskupljenje električne energije od sljedećeg mjeseca"
2022-07-18,"Poskupljenje električne energije od sljedećeg mjeseca"
2022-07-18,"Eurostat objavio nove podatke o zaposlenosti"
2022-07-18,"Guvernerova ocjena inflacijskih očekivanja kućanstava"
2022-07-18,"Središnja banka objavila izvješće o financijskoj stabilnosti"
2022-07-18,"Središnja banka upozorava na sekundarne učinke inflacije"
2022-07-18,"Središnja banka upozorava na sekundarne učinke inflacije"
2022-07-18,"Eurostat objavio nove podatke o zaposlenosti"
2022-07-18,"Sindikati traže povećanje minimalne plaće"
2022-07-18,"Guvernerova ocjena inflacijskih očekivanja kućanstava"
2022-07-18,"Hrvatske narodne banke tice se i pitanje likvidnosti"
2022-07-18,"Sindikati traže povećanje minimalne plaće"
2022-07-18,"Sindikati traže povećanje minimalne plaće"
2022-07-18,"Cijene goriva ponovno rastu na benzinskim postajama"
2022-07-18,"Sindikati traže povećanje minimalne plaće"
2022-07-18,"HNB: depoziti kucanstava i dalje rastu"
2022-07-18,"HNB: depoziti kucanstava i dalje rastu"
2022-07-18,"Sindikati traže povećanje minimalne plaće"
2022-07-18,"Hrvatska narodna banka o rastu cijena energenata"
2022-07-18,"Odluke središnje banke i cijene stambenih kredita"
2022-07-18,"Hrvatska narodna banka o rastu cijena energenata"
2022-07-18,"Vlada produljila mjere ograničavanja cijena"
2022-07-18,"HNB objavio tjedni pregled deviznog trzista"
2022-07-18,"Guvernerova ocjena inflacijskih očekivanja kućanstava"
2022-07-18,"Hrvatske narodne banke tice se i pitanje likvidnosti"
2022-07-18,"Eurostat objavio nove podatke o zaposlenosti"
2022-07-18,"Vlada produljila mjere ograničavanja cijena"
2022-07-18,"Što središnja banka poručuje o inflacijskim očekivanjima"
2022-07-18,"Sindikati traže povećanje minimalne plaće"
2022-07-18,"Guverner najavio nove mjere za kreditni rast"
2022-07-18,"Središnja banka upozorava na sekundarne učinke inflacije"
2022-07-18,"Središnjoj banci stigli novi podaci o kreditima kućanstava"
2022-07-18,"Središnjoj banci stigli novi podaci o kreditima kućanstava"
2022-07-18,"Što središnja banka poručuje o inflacijskim očekivanjima"
2022-07-18,"Guverner najavio nove mjere za kreditni rast"
2022-07-18,"HNB: pritisak na cijene hrane popusta"
2022-07-18,"Eurostat objavio nove podatke o zaposlenosti"
2022-07-18,"HNB: pritisak na cijene hrane popusta"
2022-07-18,"Sindikati traže povećanje minimalne plaće"
2022-07-18,"Cijene stanova u Zagrebu nastavile rast"
2022-07-18,"Hrvatskoj narodnoj banci stigao novi set podataka"
2022-07-18,"Odluke središnje banke i cijene stambenih kredita"
2022-07-25,"Poskupljenje električne energije od sljedećeg mjeseca"
2022-07-25,"Hrvatske narodne banke tice se i pitanje likvidnosti"
2022-07-25,"Turistička sezona nadmašila očekivanja"
2022-07-25,"Sindikati traže povećanje minimalne plaće"
2022-07-25,"Hrvatske narodne banke tice se i pitanje likvidnosti"
2022-07-25,"HNB: depoziti kucanstava i dalje rastu"
2022-07-25,"Središnja banka upozorava na sekundarne učinke inflacije"
2022-07-25,"Ministarstvo financija objavilo prihode proračuna"
2022-07-25,"HNB: pritisak na cijene hrane popusta"
2022-07-25,"Središnja banka objavila izvješće o financijskoj stabilnosti"
2022-07-25,"Središnjoj banci stigli novi podaci o kreditima kućanstava"
2022-07-25,"HNB: pritisak na cijene hrane popusta"
2022-07-25,"Guvernerova ocjena inflacijskih očekivanja kućanstava"
2022-07-25,"Eurostat objavio nove podatke o zaposlenosti"
2022-07-25,"Što središnja banka poručuje o inflacijskim očekivanjima"
2022-07-25,"Odluke središnje banke i cijene stambenih kredita"
2022-07-25,"Odluke središnje banke i cijene stambenih kredita"
2022-07-25,"Cijene stanova u Zagrebu nastavile rast"
2022-07-25,"Cijene stanova u Zagrebu nastavile rast"
2022-07-25,"Eurostat objavio nove podatke o zaposlenosti"
2022-07-25,"Hrvatske narodne banke tice se i pitanje likvidnosti"
2022-07-25,"Središnjoj banci stigli novi podaci o kreditima kućanstava"
2022-07-25,"Hrvatska narodna banka o rastu cijena energenata"
2022-07-25,"Poskupljenje električne energije od sljedećeg mjeseca"
2022-07-25,"Vlada produljila mjere ograničavanja cijena"
2022-07-25,"Trgovci najavljuju poskupljenje osnovnih namirnica"
2022-07-25,"Središnja banka objavila izvješće o financijskoj stabilnosti"
2022-07-25,"Guverner Vujčić o kretanju cijena u idućoj godini"
2022-07-25,"Eurostat objavio nove podatke o zaposlenosti"
2022-07-25,"HNB: depoziti kucanstava i dalje rastu"
2022-07-25,"Što središnja banka poručuje o inflacijskim očekivanjima"
2022-07-25,"Središnja banka upozorava na sekundarne učinke inflacije"
2022-07-25,"HNB: pritisak na cijene hrane popusta"
2022-07-25,"Vujčić: inflacija se vraća prema cilju"
2022-07-25,"Trgovci najavljuju poskupljenje osnovnih namirnica"
2022-07-25,"Sindikati traže povećanje minimalne plaće"
2022-07-25,"Guvernerova ocjena inflacijskih očekivanja kućanstava"
2022-07-25,"Vlada produljila mjere ograničavanja cijena"
2022-07-25,"Cijene goriva ponovno rastu na benzinskim postajama"
2022-07-25,"Turistička sezona nadmašila očekivanja"
2022-07-25,"Guverner najavio nove mjere za kreditni rast"
2022-07-25,"Guvernerova ocjena inflacijskih očekivanja kućanstava"
2022-07-25,"Središnjoj banci stigli novi podaci o kreditima kućanstava"
2022-07-25,"HNB objavio tjedni pregled deviznog trzista"
2022-07-25,"Središnja banka procjenjuje učinke uvođenja eura"
2022-07-25,"Sindikati traže povećanje minimalne plaće"
2022-08-01,"HNB: depoziti kucanstava i dalje rastu"
2022-08-01,"Hrvatske narodne banke tice se i pitanje likvidnosti"
2022-08-01,"Turistička sezona nadmašila očekivanja"
2022-08-01,"Hrvatskoj narodnoj banci stigao novi set podataka"
2022-08-01,"Hrvatskoj narodnoj banci stigao novi set podataka"
2022-08-01,"Cijene stanova u Zagrebu nastavile rast"
2022-08-01,"Poskupljenje električne energije od sljedećeg mjeseca"
2022-08-01,"Središnja banka upozorava na sekundarne učinke inflacije"
2022-08-01,"Središnja banka procjenjuje učinke uvođenja eura"
2022-08-01,"Sindikati traže povećanje minimalne plaće"
2022-08-01,"Analitičari očekuju usporavanje potrošnje"
2022-08-01,"Hrvatskoj narodnoj banci stigao novi set podataka"
2022-08-01,"Guvernerova ocjena inflacijskih očekivanja kućanstava"
2022-08-01,"Turistička sezona nadmašila očekivanja"
2022-08-01,"Središnja banka procjenjuje učinke uvođenja eura"
2022-08-01,"Cijene stanova u Zagrebu nastavile rast"
2022-08-01,"Odluke središnje banke i cijene stambenih kredita"
2022-08-01,"Središnjoj banci stigli novi podaci o kreditima kućanstava"
2022-08-01,"Guverner Vujčić o kretanju cijena u idućoj godini"
2022-08-01,"Eurostat objavio nove podatke o zaposlenosti"
2022-08-01,"Vujčić: inflacija se vraća prema cilju"
2022-08-01,"Vujčić: inflacija se vraća prema cilju"
2022-08-01,"Guverner najavio nove mjere za kreditni rast"
2022-08-01,"Cijene stanova u Zagrebu nastavile rast"
2022-08-01,"Hrvatskoj narodnoj banci stigao novi set podataka"
2022-08-01,"Vlada produljila mjere ograničavanja cijena"
2022-08-01,"Trgovci najavljuju poskupljenje osnovnih namirnica"
2022-08-01,"Što središnja banka poručuje o inflacijskim očekivanjima"
2022-08-01,"Središnja banka procjenjuje učinke uvođenja eura"
2022-08-01,"Guvernerova ocjena inflacijskih očekivanja kućanstava"
2022-08-01,"Guverner Vujčić o kretanju cijena u idućoj godini"
2022-08-01,"Središnja banka procjenjuje učinke uvođenja eura"
2022-08-01,"Poskupljenje električne energije od sljedećeg mjeseca"
2022-08-01,"Hrvatske narodne banke tice se i pitanje likvidnosti"
2022-08-01,"Eurostat objavio nove podatke o zaposlenosti"
2022-08-01,"Odluke središnje banke i cijene stambenih kredita"
2022-08-01,"Odluke središnje banke i cijene stambenih kredita"
2022-08-01,"Središnja banka procjenjuje učinke uvođenja eura"
2022-08-01,"Eurostat objavio nove podatke o zaposlenosti"
2022-08-01,"Sindikati traže povećanje minimalne plaće"
2022-08-01,"Vlada produljila mjere ograničavanja cijena"
2022-08-01,"Hrvatska narodna banka o rastu cijena energenata"
2022-08-01,"Hrvatskoj narodnoj banci stigao novi set podataka"
2022-08-01,"Središnja banka objavila izvješće o financijskoj stabilnosti"
2022-08-01,"Središnja banka upozorava na sekundarne učinke inflacije"
2022-08-01,"Središnja banka objavila izvješće o financijskoj stabilnosti"
2022-08-01,"HNB: pritisak na cijene hrane popusta"
2022-08-01,"Središnja banka objavila izvješće o financijskoj stabilnosti"
2022-08-01,"Sindikati traže povećanje minimalne plaće"
2022-08-01,"Hrvatskoj narodnoj banci stigao novi set podataka"
2022-08-01,"Cijene goriva ponovno rastu na benzinskim postajama"
2022-08-01,"Središnja banka objavila izvješće o financijskoj stabilnosti"
2022-08-01,"Hrvatska narodna banka o rastu cijena energenata"
2022-08-01,"Sindikati traže povećanje minimalne plaće"
2022-08-01,"Eurostat objavio nove podatke o zaposlenosti"
2022-08-01,"Poskupljenje električne energije od sljedećeg mjeseca"
2022-08-01,"Cijene goriva ponovno rastu na benzinskim postajama"
2022-08-08,"Trgovci najavljuju poskupljenje osnovnih namirnica"
2022-08-08,"Hrvatskoj narodnoj banci stigao novi set podataka"
2022-08-08,"Vlada produljila mjere ograničavanja cijena"
2022-08-08,"Eurostat objavio nove podatke o zaposlenosti"
2022-08-08,"Sindikati traže povećanje minimalne plaće"
2022-08-08,"Guvernerova ocjena inflacijskih očekivanja kućanstava"
2022-08-08,"Vujčić: inflacija se vraća prema cilju"
2022-08-08,"Što središnja banka poručuje o inflacijskim očekivanjima"
2022-08-08,"HNB objavio tjedni pregled deviznog trzista"
2022-08-08,"Sindikati traže povećanje minimalne plaće"
2022-08-08,"Hrvatska narodna banka o rastu cijena energenata"
2022-08-08,"HNB: pritisak na cijene hrane popusta"
2022-08-08,"Sindikati traže povećanje minimalne plaće"
2022-08-08,"Trgovci najavljuju poskupljenje osnovnih namirnica"
2022-08-08,"Ministarstvo financija objavilo prihode proračuna"
2022-08-08,"Sindikati traže povećanje minimalne plaće"
2022-08-08,"Što središnja banka poručuje o inflacijskim očekivanjima"
2022-08-08,"Cijene goriva ponovno rastu na benzinskim postajama"
2022-08-08,"Odluke središnje banke i cijene stambenih kredita"
2022-08-08,"HNB: depoziti kucanstava i dalje rastu"
2022-08-08,"Ministarstvo financija objavilo prihode proračuna"
2022-08-08,"Središnja banka objavila izvješće o financijskoj stabilnosti"
2022-08-08,"Središnjoj banci stigli novi podaci o kreditima kućanstava"
2022-08-08,"Odluke središnje banke i cijene stambenih kredita"
2022-08-08,"Hrvatska narodna banka o rastu cijena energenata"
2022-08-08,"Središnja banka procjenjuje učinke uvođenja eura"
2022-08-08,"Guverner najavio nove mjere za kreditni rast"
2022-08-08,"Hrvatske narodne banke tice se i pitanje likvidnosti"
2022-08-08,"Trgovci najavljuju poskupljenje osnovnih namirnica"
2022-08-08,"Cijene goriva ponovno rastu na benzinskim postajama"
2022-08-08,"Eurostat objavio nove podatke o zaposlenosti"
2022-08-08,"Vujčić: inflacija se vraća prema cilju"
2022-08-08,"Sindikati traže povećanje minimalne plaće"
2022-08-08,"Cijene goriva ponovno rastu na benzinskim postajama"
2022-08-08,"Hrvatska narodna banka o rastu cijena energenata"
2022-08-08,"HNB objavio tjedni pregled deviznog trzista"
2022-08-08,"HNB: pritisak na cijene hrane popusta"
2022-08-08,"Eurostat objavio nove podatke o zaposlenosti"
2022-08-08,"HNB: depoziti kucanstava i dalje rastu"
2022-08-08,"Hrvatske narodne banke tice se i pitanje likvidnosti"
2022-08-08,"Guverner Vujčić o kretanju cijena u idućoj godini"
2022-08-08,"Središnja banka procjenjuje učinke uvođenja eura"
2022-08-08,"Hrvatske narodne banke tice se i pitanje likvidnosti"
2022-08-08,"Ministarstvo financija objavilo prihode proračuna"
2022-08-08,"Guverner najavio nove mjere za kreditni rast"
2022-08-08,"HNB: pritisak na cijene hrane popusta"
2022-08-08,"Odluke središnje banke i cijene stambenih kredita"
2022-08-08,"Hrvatska narodna banka o rastu cijena energenata"
2022-08-08,"Trgovci najavljuju poskupljenje osnovnih namirnica"
2022-08-08,"Ministarstvo financija objavilo prihode proračuna"
2022-08-08,"Guverner Vujčić o kretanju cijena u idućoj godini"
2022-08-08,"Središnja banka objavila izvješće o financijskoj stabilnosti"
2022-08-08,"Turistička sezona nadmašila očekivanja"
2022-08-08,"Trgovci najavljuju poskupljenje osnovnih namirnica"
2022-08-08,"Središnja banka procjenjuje učinke uvođenja eura"
2022-08-08,"Središnja banka objavila izvješće o financijskoj stabilnosti"
2022-08-15,"Analitičari očekuju usporavanje potrošnje"
2022-08-15,"Poskupljenje električne energije od sljedećeg mjeseca"
2022-08-15,"Poskupljenje električne energije od sljedećeg mjeseca"
2022-08-15,"Središnjoj banci stigli novi podaci o kreditima kućanstava"
2022-08-15,"Vujčić: inflacija se vraća prema cilju"
2022-08-15,"Odluke središnje banke i cijene stambenih kredita"
2022-08-15,"Vujčić: inflacija se vraća prema cilju"
2022-08-15,"Sindikati traže povećanje minimalne plaće"
2022-08-15,"Cijene stanova u Zagrebu nastavile rast"
2022-08-15,"Središnja banka procjenjuje učinke uvođenja eura"
2022-08-15,"Hrvatska narodna banka o rastu cijena energenata"
2022-08-15,"Središnjoj banci stigli novi podaci o kreditima kućanstava"
2022-08-15,"Središnja banka procjenjuje učinke uvođenja eura"
2022-08-15,"Sindikati traže povećanje minimalne plaće"
2022-08-15,"Hrvatska narodna banka o rastu cijena energenata"
2022-08-15,"Hrvatskoj narodnoj banci stigao novi set podataka"
2022-08-15,"Turistička sezona nadmašila očekivanja"
2022-08-15,"Guverner Vujčić o kretanju cijena u idućoj godini"
2022-08-15,"Središnja banka objavila izvješće o financijskoj stabilnosti"
2022-08-15,"Hrvatskoj narodnoj banci stigao novi set podataka"
2022-08-15,"Turistička sezona nadmašila očekivanja"
2022-08-15,"Cijene goriva ponovno rastu na benzinskim postajama"
2022-08-15,"Turistička sezona nadmašila očekivanja"
2022-08-15,"Središnja banka upozorava na sekundarne učinke inflacije"
2022-08-15,"Trgovci najavljuju poskupljenje osnovnih namirnica"
2022-08-15,"Cijene stanova u Zagrebu nastavile rast"
2022-08-15,"HNB objavio tjedni pregled deviznog trzista"
2022-08-15,"HNB: depoziti kucanstava i dalje rastu"
2022-08-15,"Središnjoj banci stigli novi podaci o kreditima kućanstava"
2022-08-15,"Cijene goriva ponovno rastu na benzinskim postajama"
2022-08-15,"Što središnja banka poručuje o inflacijskim očekivanjima"
2022-08-15,"Središnja banka objavila izvješće o financijskoj stabilnosti"
2022-08-15,"HNB: pritisak na cijene hrane popusta"
2022-08-15,"Trgovci najavljuju poskupljenje osnovnih namirnica"
2022-08-15,"Hrvatska narodna banka o rastu cijena energenata"
2022-08-15,"HNB: pritisak na cijene hrane popusta"
2022-08-15,"Hrvatska narodna banka o rastu cijena energenata"
2022-08-15,"Ministarstvo financija objavilo prihode proračuna"
2022-08-15,"Guvernerova ocjena inflacijskih očekivanja kućanstava"
2022-08-15,"Što središnja banka poručuje o inflacijskim očekivanjima"
2022-08-15,"Guvernerova ocjena inflacijskih očekivanja kućanstava"
2022-08-15,"Analitičari očekuju usporavanje potrošnje"
2022-08-15,"Cijene stanova u Zagrebu nastavile rast"
2022-08-15,"HNB: depoziti kucanstava i dalje rastu"
2022-08-15,"Vujčić: inflacija se vraća prema cilju"
2022-08-15,"Središnja banka objavila izvješće o financijskoj stabilnosti"
2022-08-15,"Hrvatske narodne banke tice se i pitanje likvidnosti"
2022-08-15,"Eurostat objavio nove podatke o zaposlenosti"
2022-08-15,"Središnja banka objavila izvješće o financijskoj stabilnosti"
2022-08-15,"Trgovci najavljuju poskupljenje osnovnih namirnica"
2022-08-15,"Ministarstvo financija objavilo prihode proračuna"
2022-08-15,"Što središnja banka poručuje o inflacijskim očekivanjima"
2022-08-15,"Cijene goriva ponovno rastu na benzinskim postajama"
2022-08-22,"Hrvatske narodne banke tice se i pitanje likvidnosti"
2022-08-22,"Trgovci najavljuju poskupljenje osnovnih namirnica"
2022-08-22,"Guverner najavio nove mjere za kreditni rast"
2022-08-22,"HNB: depoziti kucanstava i dalje rastu"
2022-08-22,"Poskupljenje električne energije od sljedećeg mjeseca"
2022-08-22,"Trgovci najavljuju poskupljenje osnovnih namirnica"
2022-08-22,"Središnja banka procjenjuje učinke uvođenja eura"
2022-08-22,"Trgovci najavljuju poskupljenje osnovnih namirnica"
2022-08-22,"Analitičari očekuju usporavanje potrošnje"
2022-08-22,"Središnja banka procjenjuje učinke uvođenja eura"
2022-08-22,"Guvernerova ocjena inflacijskih očekivanja kućanstava"
2022-08-22,"Hrvatskoj narodnoj banci stigao novi set podataka"
2022-08-22,"HNB: depoziti kucanstava i dalje rastu"
2022-08-22,"Turistička sezona nadmašila očekivanja"
2022-08-22,"Sindikati traže povećanje minimalne plaće"
2022-08-22,"Središnja banka objavila izvješće o financijskoj stabilnosti"
2022-08-22,"Što središnja banka poručuje o inflacijskim očekivanjima"
2022-08-22,"Što središnja banka poručuje o inflacijskim očekivanjima"
2022-08-22,"Cijene goriva ponovno rastu na benzinskim postajama"
2022-08-22,"Guverner Vujčić o kretanju cijena u idućoj godini"
2022-08-22,"Cijene goriva ponovno rastu na benzinskim postajama"
2022-08-22,"Guvernerova ocjena inflacijskih očekivanja kućanstava"
2022-08-22,"Vujčić: inflacija se vraća prema cilju"
2022-08-22,"Turistička sezona nadmašila očekivanja"
2022-08-22,"Hrvatska narodna banka o rastu cijena energenata"
2022-08-22,"Ministarstvo financija objavilo prihode proračuna"
2022-08-22,"Cijene stanova u Zagrebu nastavile rast"
2022-08-22,"HNB objavio tjedni pregled deviznog trzista"
2022-08-22,"Središnja banka upozorava na sekundarne učinke inflacije"
2022-08-22,"Hrvatskoj narodnoj banci stigao novi set podataka"
2022-08-22,"Hrvatska narodna banka o rastu cijena energenata"
2022-08-22,"Hrvatska narodna banka o rastu cijena energenata"
2022-08-22,"Središnja banka objavila izvješće o financijskoj stabilnosti"
2022-08-22,"Vlada produljila mjere ograničavanja cijena"
2022-08-22,"Odluke središnje banke i cijene stambenih kredita"
2022-08-22,"Vujčić: inflacija se vraća prema cilju"
2022-08-22,"Središnjoj banci stigli novi podaci o kreditima kućanstava"
2022-08-22,"Ministarstvo financija objavilo prihode proračuna"
2022-08-22,"Središnja banka objavila izvješće o financijskoj stabilnosti"
2022-08-22,"Središnjoj banci stigli novi podaci o kreditima kućanstava"
2022-08-22,"Hrvatske narodne banke tice se i pitanje likvidnosti"
2022-08-22,"Trgovci najavljuju poskupljenje osnovnih namirnica"
2022-08-22,"Eurostat objavio nove podatke o zaposlenosti"
2022-08-22,"Cijene stanova u Zagrebu nastavile rast"
2022-08-22,"Središnja banka procjenjuje učinke uvođenja eura"
2022-08-22,"Analitičari očekuju usporavanje potrošnje"
2022-08-22,"Središnja banka procjenjuje učinke uvođenja eura"
2022-08-29,"Cijene goriva ponovno rastu na benzinskim postajama"
2022-08-29,"Analitičari očekuju usporavanje potrošnje"
2022-08-29,"Cijene goriva ponovno rastu na benzinskim postajama"
2022-08-29,"Što središnja banka poručuje o inflacijskim očekivanjima"
2022-08-29,"HNB: pritisak na cijene hrane popusta"
2022-08-29,"Eurostat objavio nove podatke o zaposlenosti"
2022-08-29,"Poskupljenje električne energije od sljedećeg mjeseca"
2022-08-29,"Središnja banka objavila izvješće o financijskoj stabilnosti"
2022-08-29,"Središnja banka procjenjuje učinke uvođenja eura"
2022-08-29,"Hrvatskoj narodnoj banci stigao novi set podataka"
2022-08-29,"Središnja banka upozorava na sekundarne učinke inflacije"
2022-08-29,"Vujčić: inflacija se vraća prema cilju"
2022-08-29,"Eurostat objavio nove podatke o zaposlenosti"
2022-08-29,"Ministarstvo financija objavilo prihode proračuna"
2022-08-29,"Ministarstvo financija objavilo prihode proračuna"
2022-08-29,"Vujčić: inflacija se vraća prema cilju"
2022-08-29,"Vlada produljila mjere ograničavanja cijena"
2022-08-29,"Vlada produljila mjere ograničavanja cijena"
2022-08-29,"Guvernerova ocjena inflacijskih očekivanja kućanstava"
2022-08-29,"Središnjoj banci stigli novi podaci o kreditima kućanstava"
2022-08-29,"Hrvatskoj narodnoj banci stigao novi set podataka"
2022-08-29,"Cijene stanova u Zagrebu nastavile rast"
2022-08-29,"Eurostat objavio nove podatke o zaposlenosti"
2022-08-29,"Guvernerova ocjena inflacijskih očekivanja kućanstava"
2022-08-29,"Središnja banka objavila izvješće o financijskoj stabilnosti"
2022-08-29,"Odluke središnje banke i cijene stambenih kredita"
2022-08-29,"Hrvatske narodne banke tice se i pitanje likvidnosti"
2022-08-29,"Središnja banka objavila izvješće o financijskoj stabilnosti"
2022-08-29,"Vujčić: inflacija se vraća prema cilju"
2022-08-29,"Središnja banka procjenjuje učinke uvođenja eura"
2022-08-29,"Guverner najavio nove mjere za kreditni rast"
2022-08-29,"Odluke središnje banke i cijene stambenih kredita"
2022-08-29,"Što središnja banka poručuje o inflacijskim očekivanjima"
2022-08-29,"Cijene stanova u Zagrebu nastavile rast"
2022-08-29,"Poskupljenje električne energije od sljedećeg mjeseca"
2022-08-29,"Poskupljenje električne energije od sljedećeg mjeseca"
2022-08-29,"Hrvatske narodne banke tice se i pitanje likvidnosti"
2022-08-29,"Središnjoj banci stigli novi podaci o kreditima kućanstava"
2022-08-29,"HNB: depoziti kucanstava i dalje rastu"
2022-08-29,"Što središnja banka poručuje o inflacijskim očekivanjima"
2022-08-29,"Poskupljenje električne energije od sljedećeg mjeseca"
2022-08-29,"Sindikati traže povećanje minimalne plaće"
2022-08-29,"Cijene goriva ponovno rastu na benzinskim postajama"
2022-08-29,"Što središnja banka poručuje o inflacijskim očekivanjima"
2022-08-29,"Eurostat objavio nove podatke o zaposlenosti"
2022-08-29,"Što središnja banka poručuje o inflacijskim očekivanjima"
2022-08-29,"Što središnja banka poručuje o inflacijskim očekivanjima"
2022-08-29,"Što središnja banka poručuje o inflacijskim očekivanjima"
2022-08-29,"Središnja banka upozorava na sekundarne učinke inflacije"
2022-08-29,"Što središnja banka poručuje o inflacijskim očekivanjima"
2022-08-29,"Cijene goriva ponovno rastu na benzinskim postajama"
2022-08-29,"Odluke središnje banke i cijene stambenih kredita"
2022-08-29,"Cijene goriva ponovno rastu na benzinskim postajama"
2022-09-05,"Odluke središnje banke i cijene stambenih kredita"
2022-09-05,"Hrvatske narodne banke tice se i pitanje likvidnosti"
2022-09-05,"Vujčić: inflacija se vraća prema cilju"
2022-09-05,"Guvernerova ocjena inflacijskih očekivanja kućanstava"
2022-09-05,"Hrvatska narodna banka o rastu cijena energenata"
2022-09-05,"Sindikati traže povećanje minimalne plaće"
2022-09-05,"HNB: depoziti kucanstava i dalje rastu"
2022-09-05,"Hrvatskoj narodnoj banci stigao novi set podataka"
2022-09-05,"Eurostat objavio nove podatke o zaposlenosti"
2022-09-05,"Vlada produljila mjere ograničavanja cijena"
2022-09-05,"Središnja banka upozorava na sekundarne učinke inflacije"
2022-09-05,"Cijene goriva ponovno rastu na benzinskim postajama"
2022-09-05,"Hrvatska narodna banka o rastu cijena energenata"
2022-09-05,"Hrvatska narodna banka o rastu cijena energenata"
2022-09-05,"Središnja banka upozorava na sekundarne učinke inflacije"
2022-09-05,"Središnja banka upozorava na sekundarne učinke inflacije"
2022-09-05,"Cijene stanova u Zagrebu nastavile rast"
2022-09-05,"HNB: pritisak na cijene hrane popusta"
2022-09-05,"Vlada produljila mjere ograničavanja cijena"
2022-09-05,"Vujčić: inflacija se vraća prema cilju"
2022-09-05,"Hrvatska narodna banka o rastu cijena energenata"
2022-09-05,"Središnja banka procjenjuje učinke uvođenja eura"
2022-09-05,"HNB: pritisak na cijene hrane popusta"
2022-09-05,"Trgovci najavljuju poskupljenje osnovnih namirnica"
2022-09-05,"Guverner najavio nove mjere za kreditni rast"
2022-09-05,"HNB objavio tjedni pregled deviznog trzista"
2022-09-05,"Sindikati traže povećanje minimalne plaće"
2022-09-05,"Što središnja banka poručuje o inflacijskim očekivanjima"
2022-09-05,"Sindikati traže povećanje minimalne plaće"
2022-09-05,"Vujčić: inflacija se vraća prema cilju"
2022-09-05,"Ministarstvo financija objavilo prihode proračuna"
2022-09-05,"Trgovci najavljuju poskupljenje osnovnih namirnica"
2022-09-05,"Sindikati traže povećanje minimalne plaće"
2022-09-05,"Središnjoj banci stigli novi podaci o kreditima kućanstava"
2022-09-05,"Središnja banka procjenjuje učinke uvođenja eura"
2022-09-05,"Hrvatska narodna banka o rastu cijena energenata"
2022-09-05,"Trgovci najavljuju poskupljenje osnovnih namirnica"
2022-09-05,"Eurostat objavio nove podatke o zaposlenosti"
2022-09-05,"Središnjoj banci stigli novi podaci o kreditima kućanstava"
2022-09-05,"Središnjoj banci stigli novi podaci o kreditima kućanstava"
2022-09-05,"Što središnja banka poručuje o inflacijskim očekivanjima"
2022-09-05,"Vlada produljila mjere ograničavanja cijena"
2022-09-05,"Cijene goriva ponovno rastu na benzinskim postajama"
2022-09-05,"Hrvatska narodna banka o rastu cijena energenata"
2022-09-05,"Analitičari očekuju usporavanje potrošnje"
2022-09-05,"Trgovci najavljuju poskupljenje osnovnih namirnica"
2022-09-05,"Hrvatskoj narodnoj banci stigao novi set podataka"
2022-09-05,"Guverner najavio nove mjere za kreditni rast"
2022-09-05,"Središnja banka procjenjuje učinke uvođenja eura"
2022-09-05,"Poskupljenje električne energije od sljedećeg mjeseca"
2022-09-05,"Poskupljenje električne energije od sljedećeg mjeseca"
2022-09-12,"Trgovci najavljuju poskupljenje osnovnih namirnica"
2022-09-12,"Guverner Vujčić o kretanju cijena u idućoj godini"
2022-09-12,"Hrvatskoj narodnoj banci stigao novi set podataka"
2022-09-12,"Hrvatske narodne banke tice se i pitanje likvidnosti"
2022-09-12,"HNB: pritisak na cijene hrane popusta"
2022-09-12,"Cijene stanova u Zagrebu nastavile rast"
2022-09-12,"HNB: pritisak na cijene hrane popusta"
2022-09-12,"Sindikati traže povećanje minimalne plaće"
2022-09-12,"Cijene stanova u Zagrebu nastavile rast"
2022-09-12,"Vlada produljila mjere ograničavanja cijena"
2022-09-12,"HNB: depoziti kucanstava i dalje rastu"
2022-09-12,"Poskupljenje električne energije od sljedećeg mjeseca"
2022-09-12,"Eurostat objavio nove podatke o zaposlenosti"
2022-09-12,"Središnjoj banci stigli novi podaci o kreditima kućanstava"
2022-09-12,"Središnja banka objavila izvješće o financijskoj stabilnosti"
2022-09-12,"Guvernerova ocjena inflacijskih očekivanja kućanstava"
2022-09-12,"Guverner najavio nove mjere za kreditni rast"
2022-09-12,"Guvernerova ocjena inflacijskih očekivanja kućanstava"
2022-09-12,"Središnja banka objavila izvješće o financijskoj stabilnosti"
2022-09-12,"HNB: pritisak na cijene hrane popusta"
2022-09-12,"Vlada produljila mjere ograničavanja cijena"
2022-09-12,"Vlada produljila mjere ograničavanja cijena"
2022-09-12,"Cijene goriva ponovno rastu na benzinskim postajama"
2022-09-12,"Ministarstvo financija objavilo prihode proračuna"
2022-09-12,"Središnja banka upozorava na sekundarne učinke inflacije"
2022-09-12,"HNB: pritisak na cijene hrane popusta"
2022-09-12,"Što središnja banka poručuje o inflacijskim očekivanjima"
2022-09-12,"Poskupljenje električne energije od sljedećeg mjeseca"
2022-09-12,"Što središnja banka poručuje o inflacijskim očekivanjima"
2022-09-12,"Hrvatske narodne banke tice se i pitanje likvidnosti"
2022-09-12,"Eurostat objavio nove podatke o zaposlenosti"
2022-09-12,"Guverner najavio nove mjere za kreditni rast"
2022-09-12,"Poskupljenje električne energije od sljedećeg mjeseca"
2022-09-12,"Središnja banka objavila izvješće o financijskoj stabilnosti"
2022-09-12,"Središnja banka objavila izvješće o financijskoj stabilnosti"
2022-09-12,"Odluke središnje banke i cijene stambenih kredita"
2022-09-12,"Hrvatska narodna banka o rastu cijena energenata"
2022-09-12,"Sindikati traže povećanje minimalne plaće"
2022-09-12,"Trgovci najavljuju poskupljenje osnovnih namirnica"
2022-09-12,"Središnjoj banci stigli novi podaci o kreditima kućanstava"
2022-09-12,"Sindikati traže povećanje minimalne plaće"
2022-09-12,"Što središnja banka poručuje o inflacijskim očekivanjima"
2022-09-12,"HNB: pritisak na cijene hrane popusta"
2022-09-12,"Cijene stanova u Zagrebu nastavile rast"
2022-09-12,"Poskupljenje električne energije od sljedećeg mjeseca"
2022-09-12,"Guvernerova ocjena inflacijskih očekivanja kućanstava"
2022-09-12,"Analitičari očekuju usporavanje potrošnje"
2022-09-12,"HNB: depoziti kucanstava i dalje rastu"
2022-09-12,"Središnja banka upozorava na sekundarne učinke inflacije"
2022-09-12,"Analitičari očekuju usporavanje potrošnje"
2022-09-12,"Hrvatska narodna banka o rastu cijena energenata"
2022-09-12,"HNB: pritisak na cijene hrane popusta"
2022-09-12,"Središnja banka objavila izvješće o financijskoj stabilnosti"
2022-09-19,"Središnjoj banci stigli novi podaci o kreditima kućanstava"
2022-09-19,"Cijene stanova u Zagrebu nastavile rast"
2022-09-19,"Hrvatske narodne banke tice se i pitanje likvidnosti"
2022-09-19,"Odluke središnje banke i cijene stambenih kredita"
2022-09-19,"Hrvatskoj narodnoj banci stigao novi set podataka"
2022-09-19,"Poskupljenje električne energije od sljedećeg mjeseca"
2022-09-19,"Guverner najavio nove mjere za kreditni rast"
2022-09-19,"Vujčić: inflacija se vraća prema cilju"
2022-09-19,"Hrvatske narodne banke tice se i pitanje likvidnosti"
2022-09-19,"Hrvatske narodne banke tice se i pitanje likvidnosti"
2022-09-19,"Središnja banka upozorava na sekundarne učinke inflacije"
2022-09-19,"Hrvatskoj narodnoj banci stigao novi set podataka"
2022-09-19,"Guvernerova ocjena inflacijskih očekivanja kućanstava"
2022-09-19,"Ministarstvo financija objavilo prihode proračuna"
2022-09-19,"HNB objavio tjedni pregled deviznog trzista"
2022-09-19,"Hrvatske narodne banke tice se i pitanje likvidnosti"
2022-09-19,"Eurostat objavio nove podatke o zaposlenosti"
2022-09-19,"Analitičari očekuju usporavanje potrošnje"
2022-09-19,"Hrvatske narodne banke tice se i pitanje likvidnosti"
2022-09-19,"Hrvatska narodna banka o rastu cijena energenata"
2022-09-19,"Vlada produljila mjere ograničavanja cijena"
2022-09-19,"Sindikati traže povećanje minimalne plaće"
2022-09-19,"Ministarstvo financija objavilo prihode proračuna"
2022-09-19,"Središnja banka objavila izvješće o financijskoj stabilnosti"
2022-09-19,"Središnja banka objavila izvješće o financijskoj stabilnosti"
2022-09-19,"Cijene goriva ponovno rastu na benzinskim postajama"
2022-09-19,"Vlada produljila mjere ograničavanja cijena"
2022-09-19,"Središnja banka objavila izvješće o financijskoj stabilnosti"
2022-09-19,"Guverner Vujčić o kretanju cijena u idućoj godini"
2022-09-19,"Cijene stanova u Zagrebu nastavile rast"
2022-09-19,"Ministarstvo financija objavilo prihode proračuna"
2022-09-19,"HNB objavio tjedni pregled deviznog trzista"
2022-09-19,"Hrvatske narodne banke tice se i pitanje likvidnosti"
2022-09-19,"Odluke središnje banke i cijene stambenih kredita"
2022-09-19,"Vlada produljila mjere ograničavanja cijena"
2022-09-19,"HNB: pritisak na cijene hrane popusta"
2022-09-19,"Analitičari očekuju usporavanje potrošnje"
2022-09-19,"Hrvatskoj narodnoj banci stigao novi set podataka"
2022-09-19,"Eurostat objavio nove podatke o zaposlenosti"
2022-09-19,"Guverner najavio nove mjere za kreditni rast"
2022-09-19,"Poskupljenje električne energije od sljedećeg mjeseca"
2022-09-19,"Sindikati traže povećanje minimalne plaće"
2022-09-19,"HNB: pritisak na cijene hrane popusta"
2022-09-19,"Guvernerova ocjena inflacijskih očekivanja kućanstava"
2022-09-19,"Središnjoj banci stigli novi podaci o kreditima kućanstava"
2022-09-19,"Turistička sezona nadmašila očekivanja"
2022-09-19,"Odluke središnje banke i cijene stambenih kredita"
2022-09-19,"Vlada produljila mjere ograničavanja cijena"
2022-09-19,"HNB: depoziti kucanstava i dalje rastu"
2022-09-26,"Što središnja banka poručuje o inflacijskim očekivanjima"
2022-09-26,"Trgovci najavljuju poskupljenje osnovnih namirnica"
2022-09-26,"Hrvatska narodna banka o rastu cijena energenata"
2022-09-26,"Hrvatska narodna banka o rastu cijena energenata"
2022-09-26,"Središnjoj banci stigli novi podaci o kreditima kućanstava"
2022-09-26,"Eurostat objavio nove podatke o zaposlenosti"
2022-09-26,"Eurostat objavio nove podatke o zaposlenosti"
2022-09-26,"Vujčić: inflacija se vraća prema cilju"
2022-09-26,"Vlada produljila mjere ograničavanja cijena"
2022-09-26,"HNB: depoziti kucanstava i dalje rastu"
2022-09-26,"Analitičari očekuju usporavanje potrošnje"
2022-09-26,"HNB objavio tjedni pregled deviznog trzista"
2022-09-26,"HNB: pritisak na cijene hrane popusta"
2022-09-26,"Središnja banka procjenjuje učinke uvođenja eura"
2022-09-26,"Središnja banka objavila izvješće o financijskoj stabilnosti"
2022-09-26,"Turistička sezona nadmašila očekivanja"
2022-09-26,"HNB: pritisak na cijene hrane popusta"
2022-09-26,"Središnja banka objavila izvješće o financijskoj stabilnosti"
2022-09-26,"Ministarstvo financija objavilo prihode proračuna"
2022-09-26,"Središnja banka objavila izvješće o financijskoj stabilnosti"
2022-09-26,"Vlada produljila mjere ograničavanja cijena"
2022-09-26,"Središnja banka upozorava na sekundarne učinke inflacije"
2022-09-26,"Poskupljenje električne energije od sljedećeg mjeseca"
2022-09-26,"Hrvatske narodne banke tice se i pitanje likvidnosti"
2022-09-26,"Odluke središnje banke i cijene stambenih kredita"
2022-09-26,"HNB: pritisak na cijene hrane popusta"
2022-09-26,"Vujčić: inflacija se vraća prema cilju"
2022-09-26,"Odluke središnje banke i cijene stambenih kredita"
2022-09-26,"Središnja banka procjenjuje učinke uvođenja eura"
2022-09-26,"Turistička sezona nadmašila očekivanja"
2022-09-26,"Središnjoj banci stigli novi podaci o kreditima kućanstava"
2022-09-26,"Guvernerova ocjena inflacijskih očekivanja kućanstava"
2022-09-26,"Poskupljenje električne energije od sljedećeg mjeseca"
2022-09-26,"HNB: depoziti kucanstava i dalje rastu"
2022-09-26,"HNB objavio tjedni pregled deviznog trzista"
2022-09-26,"Ministarstvo financija objavilo prihode proračuna"
2022-09-26,"HNB: pritisak na cijene hrane popusta"
2022-09-26,"HNB: depoziti kucanstava i dalje rastu"
2022-09-26,"Odluke središnje banke i cijene stambenih kredita"
2022-09-26,"Guverner najavio nove mjere za kreditni rast"
2022-09-26,"Ministarstvo financija objavilo prihode proračuna"
2022-09-26,"Hrvatske narodne banke tice se i pitanje likvidnosti"
2022-09-26,"Eurostat objavio nove podatke o zaposlenosti"
2022-09-26,"Analitičari očekuju usporavanje potrošnje"
2022-09-26,"Sindikati traže povećanje minimalne plaće"
2022-09-26,"Guvernerova ocjena inflacijskih očekivanja kućanstava"
2022-09-26,"HNB: pritisak na cijene hrane popusta"
2022-09-26,"Ministarstvo financija objavilo prihode proračuna"
2022-09-26,"Guvernerova ocjena inflacijskih očekivanja kućanstava"
2022-09-26,"Cijene goriva ponovno rastu na benzinskim postajama"
2022-09-26,"Turistička sezona nadmašila očekivanja"
2022-09-26,"Poskupljenje električne energije od sljedećeg mjeseca"
2022-09-26,"Poskupljenje električne energije od sljedećeg mjeseca"
2022-09-26,"Cijene stanova u Zagrebu nastavile rast"
2022-09-26,"Središnja banka objavila izvješće o financijskoj stabilnosti"
2022-09-26,"Hrvatska narodna banka o rastu cijena energenata"
2022-09-26,"Guverner najavio nove mjere za kreditni rast"
2022-10-03,"Guverner najavio nove mjere za kreditni rast"
2022-10-03,"Sindikati traže povećanje minimalne plaće"
2022-10-03,"Poskupljenje električne energije od sljedećeg mjeseca"
2022-10-03,"Guvernerova ocjena inflacijskih očekivanja kućanstava"
2022-10-03,"Hrvatska narodna banka o rastu cijena energenata"
2022-10-03,"Eurostat objavio nove podatke o zaposlenosti"
2022-10-03,"Eurostat objavio nove podatke o zaposlenosti"
2022-10-03,"Središnja banka procjenjuje učinke uvođenja eura"
2022-10-03,"Poskupljenje električne energije od sljedećeg mjeseca"
2022-10-03,"Guverner Vujčić o kretanju cijena u idućoj godini"
2022-10-03,"Poskupljenje električne energije od sljedećeg mjeseca"
2022-10-03,"HNB objavio tjedni pregled deviznog trzista"
2022-10-03,"Guverner najavio nove mjere za kreditni rast"
2022-10-03,"Cijene goriva ponovno rastu na benzinskim postajama"
2022-10-03,"Guverner Vujčić o kretanju cijena u idućoj godini"
2022-10-03,"HNB: depoziti kucanstava i dalje rastu"
2022-10-03,"Turistička sezona nadmašila očekivanja"
2022-10-03,"Guverner Vujčić o kretanju cijena u idućoj godini"
2022-10-03,"Sindikati traže povećanje minimalne plaće"
2022-10-03,"Središnja banka objavila izvješće o financijskoj stabilnosti"
2022-10-03,"Što središnja banka poručuje o inflacijskim očekivanjima"
2022-10-03,"Središnja banka upozorava na sekundarne učinke inflacije"
2022-10-03,"Središnjoj banci stigli novi podaci o kreditima kućanstava"
2022-10-03,"Cijene stanova u Zagrebu nastavile rast"
2022-10-03,"Trgovci najavljuju poskupljenje osnovnih namirnica"
2022-10-03,"Odluke središnje banke i cijene stambenih kredita"
2022-10-03,"HNB objavio tjedni pregled deviznog trzista"
2022-10-03,"Hrvatskoj narodnoj banci stigao novi set podataka"
2022-10-03,"Trgovci najavljuju poskupljenje osnovnih namirnica"
2022-10-03,"HNB: pritisak na cijene hrane popusta"
2022-10-03,"Eurostat objavio nove podatke o zaposlenosti"
2022-10-03,"Trgovci najavljuju poskupljenje osnovnih namirnica"
2022-10-03,"Cijene goriva ponovno rastu na benzinskim postajama"
2022-10-03,"Odluke središnje banke i cijene stambenih kredita"
2022-10-03,"Hrvatske narodne banke tice se i pitanje likvidnosti"
2022-10-03,"Središnja banka procjenjuje učinke uvođenja eura"
2022-10-03,"Guverner Vujčić o kretanju cijena u idućoj godini"
2022-10-03,"Središnja banka upozorava na sekundarne učinke inflacije"
2022-10-03,"Turistička sezona nadmašila očekivanja"
2022-10-03,"Središnja banka upozorava na sekundarne učinke inflacije"
2022-10-03,"HNB: pritisak na cijene hrane popusta"
2022-10-03,"Odluke središnje banke i cijene stambenih kredita"
2022-10-03,"HNB objavio tjedni pregled deviznog trzista"
2022-10-03,"HNB: pritisak na cijene hrane popusta"
2022-10-03,"Cijene stanova u Zagrebu nastavile rast"
2022-10-03,"Poskupljenje električne energije od sljedećeg mjeseca"
2022-10-03,"HNB objavio tjedni pregled deviznog trzista"
2022-10-03,"Ministarstvo financija objavilo prihode proračuna"
2022-10-03,"Eurostat objavio nove podatke o zaposlenosti"
2022-10-03,"Središnja banka upozorava na sekundarne učinke inflacije"
2022-10-03,"Središnja banka objavila izvješće o financijskoj stabilnosti"
2022-10-03,"Hrvatskoj narodnoj banci stigao novi set podataka"
2022-10-03,"Turistička sezona nadmašila očekivanja"
2022-10-03,"Središnja banka objavila izvješće o financijskoj stabilnosti"
2022-10-03,"Analitičari očekuju usporavanje potrošnje"
2022-10-03,"HNB: depoziti kucanstava i dalje rastu"
2022-10-10,"Ministarstvo financija objavilo prihode proračuna"
2022-10-10,"Hrvatskoj narodnoj banci stigao novi set podataka"
2022-10-10,"Guvernerova ocjena inflacijskih očekivanja kućanstava"
2022-10-10,"HNB objavio tjedni pregled deviznog trzista"
2022-10-10,"Središnja banka upozorava na sekundarne učinke inflacije"
2022-10-10,"Središnja banka objavila izvješće o financijskoj stabilnosti"
2022-10-10,"HNB: pritisak na cijene hrane popusta"
2022-10-10,"HNB: depoziti kucanstava i dalje rastu"
2022-10-10,"Odluke središnje banke i cijene stambenih kredita"
2022-10-10,"Ministarstvo financija objavilo prihode proračuna"
2022-10-10,"HNB: depoziti kucanstava i dalje rastu"
2022-10-10,"Središnja banka objavila izvješće o financijskoj stabilnosti"
2022-10-10,"Trgovci najavljuju poskupljenje osnovnih namirnica"
2022-10-10,"Sindikati traže povećanje minimalne plaće"
2022-10-10,"Hrvatskoj narodnoj banci stigao novi set podataka"
2022-10-10,"Guverner Vujčić o kretanju cijena u idućoj godini"
2022-10-10,"HNB: pritisak na cijene hrane popusta"
2022-10-10,"Cijene goriva ponovno rastu na benzinskim postajama"
2022-10-10,"Cijene stanova u Zagrebu nastavile rast"
2022-10-10,"Središnja banka upozorava na sekundarne učinke inflacije"
2022-10-10,"Cijene goriva ponovno rastu na benzinskim postajama"
2022-10-10,"Odluke središnje banke i cijene stambenih kredita"
2022-10-10,"Trgovci najavljuju poskupljenje osnovnih namirnica"
2022-10-10,"Ministarstvo financija objavilo prihode proračuna"
2022-10-10,"HNB: depoziti kucanstava i dalje rastu"
2022-10-10,"Hrvatske narodne banke tice se i pitanje likvidnosti"
2022-10-10,"Guverner najavio nove mjere za kreditni rast"
2022-10-10,"Guverner Vujčić o kretanju cijena u idućoj godini"
2022-10-10,"Analitičari očekuju usporavanje potrošnje"
2022-10-10,"Središnjoj banci stigli novi podaci o kreditima kućanstava"
2022-10-10,"HNB: pritisak na cijene hrane popusta"
2022-10-10,"Analitičari očekuju usporavanje potrošnje"
2022-10-10,"Vlada produljila mjere ograničavanja cijena"
2022-10-10,"Poskupljenje električne energije od sljedećeg mjeseca"
2022-10-10,"Središnjoj banci stigli novi podaci o kreditima kućanstava"
2022-10-10,"HNB: pritisak na cijene hrane popusta"
2022-10-10,"HNB objavio tjedni pregled deviznog trzista"
2022-10-10,"Guverner najavio nove mjere za kreditni rast"
2022-10-10,"Cijene stanova u Zagrebu nastavile rast"
2022-10-10,"Cijene stanova u Zagrebu nastavile rast"
2022-10-10,"Poskupljenje električne energije od sljedećeg mjeseca"
2022-10-10,"Odluke središnje banke i cijene stambenih kredita"
2022-10-10,"HNB: pritisak na cijene hrane popusta"
2022-10-10,"Ministarstvo financija objavilo prihode proračuna"
2022-10-10,"HNB: pritisak na cijene hrane popusta"
2022-10-10,"HNB objavio tjedni pregled deviznog trzista"
2022-10-10,"Hrvatske narodne banke tice se i pitanje likvidnosti"
2022-10-10,"Guverner Vujčić o kretanju cijena u idućoj godini"
2022-10-10,"Ministarstvo financija objavilo prihode proračuna"
2022-10-10,"Trgovci najavljuju poskupljenje osnovnih namirnica"
2022-10-10,"Turistička sezona nadmašila očekivanja"
2022-10-17,"Guverner Vujčić o kretanju cijena u idućoj godini"
2022-10-17,"Odluke središnje banke i cijene stambenih kredita"
2022-10-17,"Trgovci najavljuju poskupljenje osnovnih namirnica"
2022-10-17,"Vlada produljila mjere ograničavanja cijena"
2022-10-17,"Središnjoj banci stigli novi podaci o kreditima kućanstava"
2022-10-17,"Guvernerova ocjena inflacijskih očekivanja kućanstava"
2022-10-17,"Hrvatske narodne banke tice se i pitanje likvidnosti"
2022-10-17,"HNB: depoziti kucanstava i dalje rastu"
2022-10-17,"HNB: depoziti kucanstava i dalje rastu"
2022-10-17,"Sindikati traže povećanje minimalne plaće"
2022-10-17,"HNB: pritisak na cijene hrane popusta"
2022-10-17,"Hrvatska narodna banka o rastu cijena energenata"
2022-10-17,"Hrvatskoj narodnoj banci stigao novi set podataka"
2022-10-17,"Cijene stanova u Zagrebu nastavile rast"
2022-10-17,"Vlada produljila mjere ograničavanja cijena"
2022-10-17,"Hrvatska narodna banka o rastu cijena energenata"
2022-10-17,"Poskupljenje električne energije od sljedećeg mjeseca"
2022-10-17,"Cijene stanova u Zagrebu nastavile rast"
2022-10-17,"Vujčić: inflacija se vraća prema cilju"
2022-10-17,"Ministarstvo financija objavilo prihode proračuna"
2022-10-17,"Odluke središnje banke i cijene stambenih kredita"
2022-10-17,"Odluke središnje banke i cijene stambenih kredita"
2022-10-17,"Guverner najavio nove mjere za kreditni rast"
2022-10-17,"HNB: pritisak na cijene hrane popusta"
2022-10-17,"Središnjoj banci stigli novi podaci o kreditima kućanstava"
2022-10-17,"Eurostat objavio nove podatke o zaposlenosti"
2022-10-17,"Sindikati traže povećanje minimalne plaće"
2022-10-17,"Guverner najavio nove mjere za kreditni rast"
2022-10-17,"Turistička sezona nadmašila očekivanja"
2022-10-17,"HNB: depoziti kucanstava i dalje rastu"
2022-10-17,"Središnja banka procjenjuje učinke uvođenja eura"
2022-10-17,"Hrvatske narodne banke tice se i pitanje likvidnosti"
2022-10-17,"Guverner najavio nove mjere za kreditni rast"
2022-10-17,"Turistička sezona nadmašila očekivanja"
2022-10-17,"Turistička sezona nadmašila očekivanja"
2022-10-17,"Sindikati traže povećanje minimalne plaće"
2022-10-17,"HNB objavio tjedni pregled deviznog trzista"
2022-10-17,"Odluke središnje banke i cijene stambenih kredita"
2022-10-17,"Vlada produljila mjere ograničavanja cijena"
2022-10-17,"HNB: depoziti kucanstava i dalje rastu"
2022-10-17,"HNB: depoziti kucanstava i dalje rastu"
2022-10-17,"Središnja banka objavila izvješće o financijskoj stabilnosti"
2022-10-17,"Cijene stanova u Zagrebu nastavile rast"
2022-10-17,"Sindikati traže povećanje minimalne plaće"
2022-10-17,"Odluke središnje banke i cijene stambenih kredita"
2022-10-17,"HNB: pritisak na cijene hrane popusta"
2022-10-17,"Vlada produljila mjere ograničavanja cijena"
2022-10-24,"Hrvatskoj narodnoj banci stigao novi set podataka"
2022-10-24,"HNB: depoziti kucanstava i dalje rastu"
2022-10-24,"Vujčić: inflacija se vraća prema cilju"
2022-10-24,"HNB objavio tjedni pregled deviznog trzista"
2022-10-24,"Hrvatskoj narodnoj banci stigao novi set podataka"
2022-10-24,"Središnja banka objavila izvješće o financijskoj stabilnosti"
2022-10-24,"Sindikati traže povećanje minimalne plaće"
2022-10-24,"Turistička sezona nadmašila očekivanja"
2022-10-24,"Ministarstvo financija objavilo prihode proračuna"
2022-10-24,"Eurostat objavio nove podatke o zaposlenosti"
2022-10-24,"Hrvatskoj narodnoj banci stigao novi set podataka"
2022-10-24,"Trgovci najavljuju poskupljenje osnovnih namirnica"
2022-10-24,"Odluke središnje banke i cijene stambenih kredita"
2022-10-24,"Središnja banka upozorava na sekundarne učinke inflacije"
2022-10-24,"Sindikati traže povećanje minimalne plaće"
2022-10-24,"Hrvatska narodna banka o rastu cijena energenata"
2022-10-24,"Analitičari očekuju usporavanje potrošnje"
2022-10-24,"HNB: depoziti kucanstava i dalje rastu"
2022-10-24,"Guverner najavio nove mjere za kreditni rast"
2022-10-24,"Eurostat objavio nove podatke o zaposlenosti"
2022-10-24,"Središnja banka objavila izvješće o financijskoj stabilnosti"
2022-10-24,"HNB objavio tjedni pregled deviznog trzista"
2022-10-24,"Analitičari očekuju usporavanje potrošnje"
2022-10-24,"Trgovci najavljuju poskupljenje osnovnih namirnica"
2022-10-24,"Hrvatska narodna banka o rastu cijena energenata"
2022-10-24,"Hrvatskoj narodnoj banci stigao novi set podataka"
2022-10-24,"Središnja banka objavila izvješće o financijskoj stabilnosti"
2022-10-24,"HNB objavio tjedni pregled deviznog trzista"
2022-10-24,"Ministarstvo financija objavilo prihode proračuna"
2022-10-24,"Trgovci najavljuju poskupljenje osnovnih namirnica"
2022-10-24,"Cijene stanova u Zagrebu nastavile rast"
2022-10-24,"Sindikati traže povećanje minimalne plaće"
2022-10-24,"Guverner Vujčić o kretanju cijena u idućoj godini"
2022-10-24,"HNB: pritisak na cijene hrane popusta"
2022-10-24,"Guverner najavio nove mjere za kreditni rast"
2022-10-24,"Sindikati traže povećanje minimalne plaće"
2022-10-24,"Guvernerova ocjena inflacijskih očekivanja kućanstava"
2022-10-24,"Vlada produljila mjere ograničavanja cijena"
2022-10-24,"Vlada produljila mjere ograničavanja cijena"
2022-10-24,"Vlada produljila mjere ograničavanja cijena"
2022-10-24,"Hrvatska narodna banka o rastu cijena energenata"
2022-10-24,"Središnja banka objavila izvješće o financijskoj stabilnosti"
2022-10-24,"HNB: pritisak na cijene hrane popusta"
2022-10-24,"Hrvatske narodne banke tice se i pitanje likvidnosti"
2022-10-24,"Hrvatske narodne banke tice se i pitanje likvidnosti"
2022-10-24,"Guverner najavio nove mjere za kreditni rast"
2022-10-24,"Središnjoj banci stigli novi podaci o kreditima kućanstava"
2022-10-31,"Guverner Vujčić o kretanju cijena u idućoj godini"
2022-10-31,"Analitičari očekuju usporavanje potrošnje"
2022-10-31,"Središnja banka upozorava na sekundarne učinke inflacije"
2022-10-31,"Sindikati traže povećanje minimalne plaće"
2022-10-31,"Što središnja banka poručuje o inflacijskim očekivanjima"
2022-10-31,"Analitičari očekuju usporavanje potrošnje"
2022-10-31,"Turistička sezona nadmašila očekivanja"
2022-10-31,"Eurostat objavio nove podatke o zaposlenosti"
2022-10-31,"Vujčić: inflacija se vraća prema cilju"
2022-10-31,"HNB objavio tjedni pregled deviznog trzista"
2022-10-31,"Ministarstvo financija objavilo prihode proračuna"
2022-10-31,"Ministarstvo financija objavilo prihode proračuna"
2022-10-31,"Što središnja banka poručuje o inflacijskim očekivanjima"
2022-10-31,"Guvernerova ocjena inflacijskih očekivanja kućanstava"
2022-10-31,"Hrvatska narodna banka o rastu cijena energenata"
2022-10-31,"Središnja banka upozorava na sekundarne učinke inflacije"
2022-10-31,"Središnja banka upozorava na sekundarne učinke inflacije"
2022-10-31,"Središnja banka upozorava na sekundarne učinke inflacije"
2022-10-31,"Središnja banka upozorava na sekundarne učinke inflacije"
2022-10-31,"Središnja banka objavila izvješće o financijskoj stabilnosti"
2022-10-31,"Guvernerova ocjena inflacijskih očekivanja kućanstava"
2022-10-31,"Središnja banka upozorava na sekundarne učinke inflacije"
2022-10-31,"Hrvatskoj narodnoj banci stigao novi set podataka"
2022-10-31,"Hrvatska narodna banka o rastu cijena energenata"
2022-10-31,"Središnja banka upozorava na sekundarne učinke inflacije"
2022-10-31,"HNB: pritisak na cijene hrane popusta"
2022-10-31,"Središnja banka objavila izvješće o financijskoj stabilnosti"
2022-10-31,"Hrvatskoj narodnoj banci stigao novi set podataka"
2022-10-31,"Poskupljenje električne energije od sljedećeg mjeseca"
2022-10-31,"Hrvatska narodna banka o rastu cijena energenata"
2022-10-31,"Trgovci najavljuju poskupljenje osnovnih namirnica"
2022-10-31,"Središnja banka objavila izvješće o financijskoj stabilnosti"
2022-10-31,"Hrvatske narodne banke tice se i pitanje likvidnosti"
2022-10-31,"Cijene stanova u Zagrebu nastavile rast"
2022-10-31,"HNB: pritisak na cijene hrane popusta"
2022-10-31,"Sindikati traže povećanje minimalne plaće"
2022-10-31,"Cijene stanova u Zagrebu nastavile rast"
2022-10-31,"Središnjoj banci stigli novi podaci o kreditima kućanstava"
2022-10-31,"Ministarstvo financija objavilo prihode proračuna"
2022-10-31,"Cijene stanova u Zagrebu nastavile rast"
2022-10-31,"Hrvatske narodne banke tice se i pitanje likvidnosti"
2022-10-31,"Poskupljenje električne energije od sljedećeg mjeseca"
2022-10-31,"Trgovci najavljuju poskupljenje osnovnih namirnica"
2022-10-31,"HNB: pritisak na cijene hrane popusta"
2022-10-31,"Trgovci najavljuju poskupljenje osnovnih namirnica"
2022-10-31,"Guverner najavio nove mjere za kreditni rast"
2022-10-31,"Cijene stanova u Zagrebu nastavile rast"
2022-10-31,"Poskupljenje električne energije od sljedećeg mjeseca"
2022-10-31,"Guverner Vujčić o kretanju cijena u idućoj godini"
2022-11-07,"Ministarstvo financija objavilo prihode proračuna"
2022-11-07,"HNB: depoziti kucanstava i dalje rastu"
2022-11-07,"Vlada produljila mjere ograničavanja cijena"
2022-11-07,"Hrvatska narodna banka o rastu cijena energenata"
2022-11-07,"Što središnja banka poručuje o inflacijskim očekivanjima"
2022-11-07,"Vujčić: inflacija se vraća prema cilju"
2022-11-07,"Hrvatskoj narodnoj banci stigao novi set podataka"
2022-11-07,"Odluke središnje banke i cijene stambenih kredita"
2022-11-07,"Analitičari očekuju usporavanje potrošnje"
2022-11-07,"HNB: pritisak na cijene hrane popusta"
2022-11-07,"Ministarstvo financija objavilo prihode proračuna"
2022-11-07,"Što središnja banka poručuje o inflacijskim očekivanjima"
2022-11-07,"HNB: pritisak na cijene hrane popusta"
2022-11-07,"Cijene stanova u Zagrebu nastavile rast"
2022-11-07,"Središnjoj banci stigli novi podaci o kreditima kućanstava"
2022-11-07,"Ministarstvo financija objavilo prihode proračuna"
2022-11-07,"Sindikati traže povećanje minimalne plaće"
2022-11-07,"Što središnja banka poručuje o inflacijskim očekivanjima"
2022-11-07,"Vlada produljila mjere ograničavanja cijena"
2022-11-07,"HNB: depoziti kucanstava i dalje rastu"
2022-11-07,"Hrvatska narodna banka o rastu cijena energenata"
2022-11-07,"Odluke središnje banke i cijene stambenih kredita"
2022-11-07,"Vlada produljila mjere ograničavanja cijena"
2022-11-07,"Poskupljenje električne energije od sljedećeg mjeseca"
2022-11-07,"Hrvatskoj narodnoj banci stigao novi set podataka"
2022-11-07,"Središnja banka procjenjuje učinke uvođenja eura"
2022-11-07,"HNB objavio tjedni pregled deviznog trzista"
2022-11-07,"Guverner najavio nove mjere za kreditni rast"
2022-11-07,"Vujčić: inflacija se vraća prema cilju"
2022-11-07,"Cijene goriva ponovno rastu na benzinskim postajama"
2022-11-07,"Hrvatska narodna banka o rastu cijena energenata"
2022-11-07,"HNB objavio tjedni pregled deviznog trzista"
2022-11-07,"Poskupljenje električne energije od sljedećeg mjeseca"
2022-11-07,"Guverner najavio nove mjere za kreditni rast"
2022-11-07,"Trgovci najavljuju poskupljenje osnovnih namirnica"
2022-11-07,"Sindikati traže povećanje minimalne plaće"
2022-11-07,"HNB: pritisak na cijene hrane popusta"
2022-11-07,"Trgovci najavljuju poskupljenje osnovnih namirnica"
2022-11-07,"Cijene stanova u Zagrebu nastavile rast"
2022-11-07,"Središnjoj banci stigli novi podaci o kreditima kućanstava"
2022-11-07,"HNB: depoziti kucanstava i dalje rastu"
2022-11-07,"Poskupljenje električne energije od sljedećeg mjeseca"
2022-11-07,"Središnja banka procjenjuje učinke uvođenja eura"
2022-11-07,"Vlada produljila mjere ograničavanja cijena"
2022-11-07,"Hrvatske narodne banke tice se i pitanje likvidnosti"
2022-11-07,"Vujčić: inflacija se vraća prema cilju"
2022-11-07,"Ministarstvo financija objavilo prihode proračuna"
2022-11-07,"Vujčić: inflacija se vraća prema cilju"
2022-11-07,"HNB objavio tjedni pregled deviznog trzista"
2022-11-14,"Središnja banka objavila izvješće o financijskoj stabilnosti"
2022-11-14,"Guverner Vujčić o kretanju cijena u idućoj godini"
2022-11-14,"Središnja banka objavila izvješće o financijskoj stabilnosti"
2022-11-14,"Hrvatska narodna banka o rastu cijena energenata"
2022-11-14,"Trgovci najavljuju poskupljenje osnovnih namirnica"
2022-11-14,"HNB objavio tjedni pregled deviznog trzista"
2022-11-14,"Središnja banka objavila izvješće o financijskoj stabilnosti"
2022-11-14,"HNB: depoziti kucanstava i dalje rastu"
2022-11-14,"HNB: depoziti kucanstava i dalje rastu"
2022-11-14,"Središnja banka procjenjuje učinke uvođenja eura"
2022-11-14,"Sindikati traže povećanje minimalne plaće"
2022-11-14,"Sindikati traže povećanje minimalne plaće"
2022-11-14,"Analitičari očekuju usporavanje potrošnje"
2022-11-14,"Eurostat objavio nove podatke o zaposlenosti"
2022-11-14,"Hrvatska narodna banka o rastu cijena energenata"
2022-11-14,"Središnja banka objavila izvješće o financijskoj stabilnosti"
2022-11-14,"Analitičari očekuju usporavanje potrošnje"
2022-11-14,"Što središnja banka poručuje o inflacijskim očekivanjima"
2022-11-14,"Ministarstvo financija objavilo prihode proračuna"
2022-11-14,"Guverner Vujčić o kretanju cijena u idućoj godini"
2022-11-14,"HNB: depoziti kucanstava i dalje rastu"
2022-11-14,"HNB objavio tjedni pregled deviznog trzista"
2022-11-14,"Analitičari očekuju usporavanje potrošnje"
2022-11-14,"Guverner najavio nove mjere za kreditni rast"
2022-11-14,"Središnja banka procjenjuje učinke uvođenja eura"
2022-11-14,"Cijene goriva ponovno rastu na benzinskim postajama"
2022-11-14,"Ministarstvo financija objavilo prihode proračuna"
2022-11-14,"Hrvatske narodne banke tice se i pitanje likvidnosti"
2022-11-14,"Odluke središnje banke i cijene stambenih kredita"
2022-11-14,"Turistička sezona nadmašila očekivanja"
2022-11-14,"Ministarstvo financija objavilo prihode proračuna"
2022-11-14,"Što središnja banka poručuje o inflacijskim očekivanjima"
2022-11-14,"Središnja banka upozorava na sekundarne učinke inflacije"
2022-11-14,"Cijene goriva ponovno rastu na benzinskim postajama"
2022-11-14,"Guverner Vujčić o kretanju cijena u idućoj godini"
2022-11-14,"Središnjoj banci stigli novi podaci o kreditima kućanstava"
2022-11-14,"Ministarstvo financija objavilo prihode proračuna"
2022-11-14,"Guverner Vujčić o kretanju cijena u idućoj godini"
2022-11-14,"Središnja banka upozorava na sekundarne učinke inflacije"
2022-11-14,"Eurostat objavio nove podatke o zaposlenosti"
2022-11-14,"Središnja banka upozorava na sekundarne učinke inflacije"
2022-11-14,"Analitičari očekuju usporavanje potrošnje"
2022-11-14,"Ministarstvo financija objavilo prihode proračuna"
2022-11-14,"Poskupljenje električne energije od sljedećeg mjeseca"
2022-11-14,"Guverner najavio nove mjere za kreditni rast"
2022-11-14,"HNB objavio tjedni pregled deviznog trzista"
2022-11-14,"Odluke središnje banke i cijene stambenih kredita"
2022-11-21,"Trgovci najavljuju poskupljenje osnovnih namirnica"
2022-11-21,"Središnjoj banci stigli novi podaci o kreditima kućanstava"
2022-11-21,"Hrvatska narodna banka o rastu cijena energenata"
2022-11-21,"Sindikati traže povećanje minimalne plaće"
2022-11-21,"Sindikati traže povećanje minimalne plaće"
2022-11-21,"Hrvatske narodne banke tice se i pitanje likvidnosti"
2022-11-21,"Središnja banka procjenjuje učinke uvođenja eura"
2022-11-21,"Guverner najavio nove mjere za kreditni rast"
2022-11-21,"Središnja banka objavila izvješće o financijskoj stabilnosti"
2022-11-21,"Eurostat objavio nove podatke o zaposlenosti"
2022-11-21,"HNB: depoziti kucanstava i dalje rastu"
2022-11-21,"Eurostat objavio nove podatke o zaposlenosti"
2022-11-21,"Analitičari očekuju usporavanje potrošnje"
2022-11-21,"Vlada produljila mjere ograničavanja cijena"
2022-11-21,"HNB: depoziti kucanstava i dalje rastu"
2022-11-21,"Guverner najavio nove mjere za kreditni rast"
2022-11-21,"Središnja banka objavila izvješće o financijskoj stabilnosti"
2022-11-21,"Središnja banka procjenjuje učinke uvođenja eura"
2022-11-21,"Ministarstvo financija objavilo prihode proračuna"
2022-11-21,"HNB: pritisak na cijene hrane popusta"
2022-11-21,"Središnja banka procjenjuje učinke uvođenja eura"
2022-11-21,"Hrvatska narodna banka o rastu cijena energenata"
2022-11-21,"Eurostat objavio nove podatke o zaposlenosti"
2022-11-21,"Guverner Vujčić o kretanju cijena u idućoj godini"
2022-11-21,"Hrvatske narodne banke tice se i pitanje likvidnosti"
2022-11-21,"Središnja banka procjenjuje učinke uvođenja eura"
2022-11-21,"HNB: pritisak na cijene hrane popusta"
2022-11-21,"Hrvatska narodna banka o rastu cijena energenata"
2022-11-21,"Cijene stanova u Zagrebu nastavile rast"
2022-11-21,"Guverner Vujčić o kretanju cijena u idućoj godini"
2022-11-21,"Vlada produljila mjere ograničavanja cijena"
2022-11-21,"Trgovci najavljuju poskupljenje osnovnih namirnica"
2022-11-21,"Poskupljenje električne energije od sljedećeg mjeseca"
2022-11-21,"Analitičari očekuju usporavanje potrošnje"
2022-11-21,"Eurostat objavio nove podatke o zaposlenosti"
2022-11-21,"Sindikati traže povećanje minimalne plaće"
2022-11-21,"HNB: pritisak na cijene hrane popusta"
2022-11-21,"Središnja banka procjenjuje učinke uvođenja eura"
2022-11-21,"Vujčić: inflacija se vraća prema cilju"
2022-11-21,"Hrvatske narodne banke tice se i pitanje likvidnosti"
2022-11-21,"Hrvatske narodne banke tice se i pitanje likvidnosti"
2022-11-21,"Cijene goriva ponovno rastu na benzinskim postajama"
2022-11-21,"Središnjoj banci stigli novi podaci o kreditima kućanstava"
2022-11-21,"Turistička sezona nadmašila očekivanja"
2022-11-21,"Sindikati traže povećanje minimalne plaće"
2022-11-21,"Guverner Vujčić o kretanju cijena u idućoj godini"
2022-11-21,"Što središnja banka poručuje o inflacijskim očekivanjima"
2022-11-21,"Središnja banka upozorava na sekundarne učinke inflacije"
2022-11-21,"Središnja banka procjenjuje učinke uvođenja eura"
2022-11-21,"Poskupljenje električne energije od sljedećeg mjeseca"
2022-11-21,"Središnja banka upozorava na sekundarne učinke inflacije"
2022-11-21,"HNB objavio tjedni pregled deviznog trzista"
2022-11-21,"Eurostat objavio nove podatke o zaposlenosti"
2022-11-21,"Guverner najavio nove mjere za kreditni rast"
2022-11-21,"Hrvatska narodna banka o rastu cijena energenata"
2022-11-21,"Cijene goriva ponovno rastu na benzinskim postajama"
2022-11-28,"Cijene goriva ponovno rastu na benzinskim postajama"
2022-11-28,"Trgovci najavljuju poskupljenje osnovnih namirnica"
2022-11-28,"HNB: depoziti kucanstava i dalje rastu"
2022-11-28,"Odluke središnje banke i cijene stambenih kredita"
2022-11-28,"HNB objavio tjedni pregled deviznog trzista"
2022-11-28,"Središnjoj banci stigli novi podaci o kreditima kućanstava"
2022-11-28,"Cijene stanova u Zagrebu nastavile rast"
2022-11-28,"Cijene stanova u Zagrebu nastavile rast"
2022-11-28,"Hrvatske narodne banke tice se i pitanje likvidnosti"
2022-11-28,"Što središnja banka poručuje o inflacijskim očekivanjima"
2022-11-28,"Ministarstvo financija objavilo prihode proračuna"
2022-11-28,"Turistička sezona nadmašila očekivanja"
2022-11-28,"Središnja banka procjenjuje učinke uvođenja eura"
2022-11-28,"Turistička sezona nadmašila očekivanja"
2022-11-28,"Cijene goriva ponovno rastu na benzinskim postajama"
2022-11-28,"Središnja banka procjenjuje učinke uvođenja eura"
2022-11-28,"HNB: pritisak na cijene hrane popusta"
2022-11-28,"Guverner najavio nove mjere za kreditni rast"
2022-11-28,"Guvernerova ocjena inflacijskih očekivanja kućanstava"
2022-11-28,"Cijene goriva ponovno rastu na benzinskim postajama"
2022-11-28,"Središnja banka upozorava na sekundarne učinke inflacije"
2022-11-28,"Hrvatskoj narodnoj banci stigao novi set podataka"
2022-11-28,"HNB: depoziti kucanstava i dalje rastu"
2022-11-28,"Analitičari očekuju usporavanje potrošnje"
2022-11-28,"Cijene goriva ponovno rastu na benzinskim postajama"
2022-11-28,"Središnjoj banci stigli novi podaci o kreditima kućanstava"
2022-11-28,"Središnja banka upozorava na sekundarne učinke inflacije"
2022-11-28,"Poskupljenje električne energije od sljedećeg mjeseca"
2022-11-28,"HNB: depoziti kucanstava i dalje rastu"
2022-11-28,"Cijene stanova u Zagrebu nastavile rast"
2022-11-28,"Hrvatske narodne banke tice se i pitanje likvidnosti"
2022-11-28,"Središnjoj banci stigli novi podaci o kreditima kućanstava"
2022-11-28,"Središnja banka upozorava na sekundarne učinke inflacije"
2022-11-28,"Cijene goriva ponovno rastu na benzinskim postajama"
2022-11-28,"Hrvatske narodne banke tice se i pitanje likvidnosti"
2022-11-28,"Vujčić: inflacija se vraća prema cilju"
2022-11-28,"HNB: pritisak na cijene hrane popusta"
2022-11-28,"Hrvatskoj narodnoj banci stigao novi set podataka"
2022-11-28,"Odluke središnje banke i cijene stambenih kredita"
2022-11-28,"Središnja banka objavila izvješće o financijskoj stabilnosti"
2022-11-28,"HNB objavio tjedni pregled deviznog trzista"
2022-11-28,"HNB: pritisak na cijene hrane popusta"
2022-11-28,"Ministarstvo financija objavilo prihode proračuna"
2022-11-28,"Cijene goriva ponovno rastu na benzinskim postajama"
2022-11-28,"Poskupljenje električne energije od sljedećeg mjeseca"
2022-11-28,"Vujčić: inflacija se vraća prema cilju"
2022-11-28,"Poskupljenje električne energije od sljedećeg mjeseca"
2022-11-28,"Cijene goriva ponovno rastu na benzinskim postajama"
2022-11-28,"Guverner Vujčić o kretanju cijena u idućoj godini"
2022-11-28,"Guverner najavio nove mjere za kreditni rast"
2022-11-28,"Turistička sezona nadmašila očekivanja"
2022-11-28,"Trgovci najavljuju poskupljenje osnovnih namirnica"
2022-11-28,"Središnja banka upozorava na sekundarne učinke inflacije"
2022-11-28,"Vlada produljila mjere ograničavanja cijena"
2022-11-28,"Što središnja banka poručuje o inflacijskim očekivanjima"
2022-11-28,"Guverner Vujčić o kretanju cijena u idućoj godini"
2022-12-05,"Središnjoj banci stigli novi podaci o kreditima kućanstava"
2022-12-05,"Cijene goriva ponovno rastu na benzinskim postajama"
2022-12-05,"Vujčić: inflacija se vraća prema cilju"
2022-12-05,"Hrvatskoj narodnoj banci stigao novi set podataka"
2022-12-05,"Guvernerova ocjena inflacijskih očekivanja kućanstava"
2022-12-05,"Središnja banka procjenjuje učinke uvođenja eura"
2022-12-05,"Ministarstvo financija objavilo prihode proračuna"
2022-12-05,"Hrvatskoj narodnoj banci stigao novi set podataka"
2022-12-05,"Sindikati traže povećanje minimalne plaće"
2022-12-05,"Što središnja banka poručuje o inflacijskim očekivanjima"
2022-12-05,"Središnja banka procjenjuje učinke uvođenja eura"
2022-12-05,"Odluke središnje banke i cijene stambenih kredita"
2022-12-05,"HNB: depoziti kucanstava i dalje rastu"
2022-12-05,"Hrvatska narodna banka o rastu cijena energenata"
2022-12-05,"Poskupljenje električne energije od sljedećeg mjeseca"
2022-12-05,"Sindikati traže povećanje minimalne plaće"
2022-12-05,"Guvernerova ocjena inflacijskih očekivanja kućanstava"
2022-12-05,"Hrvatske narodne banke tice se i pitanje likvidnosti"
2022-12-05,"Središnja banka upozorava na sekundarne učinke inflacije"
2022-12-05,"Hrvatskoj narodnoj banci stigao novi set podataka"
2022-12-05,"HNB objavio tjedni pregled deviznog trzista"
2022-12-05,"Hrvatska narodna banka o rastu cijena energenata"
2022-12-05,"Ministarstvo financija objavilo prihode proračuna"
2022-12-05,"Hrvatske narodne banke tice se i pitanje likvidnosti"
2022-12-05,"HNB: pritisak na cijene hrane popusta"
2022-12-05,"Turistička sezona nadmašila očekivanja"
2022-12-05,"HNB: pritisak na cijene hrane popusta"
2022-12-05,"Hrvatska narodna banka o rastu cijena energenata"
2022-12-05,"Vujčić: inflacija se vraća prema cilju"
2022-12-05,"Hrvatske narodne banke tice se i pitanje likvidnosti"
2022-12-05,"Analitičari očekuju usporavanje potrošnje"
2022-12-05,"Turistička sezona nadmašila očekivanja"
2022-12-05,"Sindikati traže povećanje minimalne plaće"
2022-12-05,"Cijene goriva ponovno rastu na benzinskim postajama"
2022-12-05,"Vlada produljila mjere ograničavanja cijena"
2022-12-05,"Cijene goriva ponovno rastu na benzinskim postajama"
2022-12-05,"Vujčić: inflacija se vraća prema cilju"
2022-12-05,"Sindikati traže povećanje minimalne plaće"
2022-12-05,"Što središnja banka poručuje o inflacijskim očekivanjima"
2022-12-05,"HNB: depoziti kucanstava i dalje rastu"
2022-12-05,"Središnja banka objavila izvješće o financijskoj stabilnosti"
2022-12-05,"Guverner najavio nove mjere za kreditni rast"
2022-12-05,"Turistička sezona nadmašila očekivanja"
2022-12-05,"Cijene goriva ponovno rastu na benzinskim postajama"
2022-12-05,"Sindikati traže povećanje minimalne plaće"
2022-12-05,"HNB: depoziti kucanstava i dalje rastu"
2022-12-05,"Cijene stanova u Zagrebu nastavile rast"
2022-12-05,"Središnjoj banci stigli novi podaci o kreditima kućanstava"
2022-12-05,"Središnja banka upozorava na sekundarne učinke inflacije"
2022-12-05,"Analitičari očekuju usporavanje potrošnje"
2022-12-05,"Guverner najavio nove mjere za kreditni rast"
2022-12-05,"HNB objavio tjedni pregled deviznog trzista"
2022-12-05,"Hrvatska narodna banka o rastu cijena energenata"
2022-12-05,"Trgovci najavljuju poskupljenje osnovnih namirnica"
2022-12-05,"Središnja banka upozorava na sekundarne učinke inflacije"
2022-12-05,"Cijene stanova u Zagrebu nastavile rast"
2022-12-05,"Guverner najavio nove mjere za kreditni rast"
2022-12-05,"Analitičari očekuju usporavanje potrošnje"
2022-12-05,"Što središnja banka poručuje o inflacijskim očekivanjima"
2022-12-05,"Analitičari očekuju usporavanje potrošnje"
2022-12-05,"Sindikati traže povećanje minimalne plaće"
2022-12-05,"Središnja banka upozorava na sekundarne učinke inflacije"
2022-12-05,"Središnja banka upozorava na sekundarne učinke inflacije"
2022-12-05,"Cijene stanova u Zagrebu nastavile rast"
2022-12-12,"Središnja banka procjenjuje učinke uvođenja eura"
2022-12-12,"Guvernerova ocjena inflacijskih očekivanja kućanstava"
2022-12-12,"Eurostat objavio nove podatke o zaposlenosti"
2022-12-12,"Cijene goriva ponovno rastu na benzinskim postajama"
2022-12-12,"Eurostat objavio nove podatke o zaposlenosti"
2022-12-12,"Sindikati traže povećanje minimalne plaće"
2022-12-12,"Ministarstvo financija objavilo prihode proračuna"
2022-12-12,"Odluke središnje banke i cijene stambenih kredita"
2022-12-12,"Guverner Vujčić o kretanju cijena u idućoj godini"
2022-12-12,"Središnjoj banci stigli novi podaci o kreditima kućanstava"
2022-12-12,"Hrvatska narodna banka o rastu cijena energenata"
2022-12-12,"Središnja banka procjenjuje učinke uvođenja eura"
2022-12-12,"Trgovci najavljuju poskupljenje osnovnih namirnica"
2022-12-12,"HNB: pritisak na cijene hrane popusta"
2022-12-12,"Vujčić: inflacija se vraća prema cilju"
2022-12-12,"Hrvatske narodne banke tice se i pitanje likvidnosti"
2022-12-12,"Turistička sezona nadmašila očekivanja"
2022-12-12,"Središnjoj banci stigli novi podaci o kreditima kućanstava"
2022-12-12,"Vujčić: inflacija se vraća prema cilju"
2022-12-12,"Vujčić: inflacija se vraća prema cilju"
2022-12-12,"Što središnja banka poručuje o inflacijskim očekivanjima"
2022-12-12,"HNB objavio tjedni pregled deviznog trzista"
2022-12-12,"HNB: depoziti kucanstava i dalje rastu"
2022-12-12,"Guverner najavio nove mjere za kreditni rast"
2022-12-12,"Sindikati traže povećanje minimalne plaće"
2022-12-12,"Eurostat objavio nove podatke o zaposlenosti"
2022-12-12,"Trgovci najavljuju poskupljenje osnovnih namirnica"
2022-12-12,"Što središnja banka poručuje o inflacijskim očekivanjima"
2022-12-12,"HNB: pritisak na cijene hrane popusta"
2022-12-12,"HNB: depoziti kucanstava i dalje rastu"
2022-12-12,"Ministarstvo financija objavilo prihode proračuna"
2022-12-12,"Trgovci najavljuju poskupljenje osnovnih namirnica"
2022-12-12,"Ministarstvo financija objavilo prihode proračuna"
2022-12-12,"Odluke središnje banke i cijene stambenih kredita"
2022-12-12,"Guverner Vujčić o kretanju cijena u idućoj godini"
2022-12-12,"Hrvatske narodne banke tice se i pitanje likvidnosti"
2022-12-12,"Poskupljenje električne energije od sljedećeg mjeseca"
2022-12-12,"HNB: depoziti kucanstava i dalje rastu"
2022-12-12,"Hrvatske narodne banke tice se i pitanje likvidnosti"
2022-12-12,"Cijene stanova u Zagrebu nastavile rast"
2022-12-12,"HNB: pritisak na cijene hrane popusta"
2022-12-12,"Hrvatska narodna banka o rastu cijena energenata"
2022-12-12,"Vlada produljila mjere ograničavanja cijena"
2022-12-12,"Što središnja banka poručuje o inflacijskim očekivanjima"
2022-12-12,"Eurostat objavio nove podatke o zaposlenosti"
2022-12-12,"Poskupljenje električne energije od sljedećeg mjeseca"
2022-12-12,"Što središnja banka poručuje o inflacijskim očekivanjima"
2022-12-12,"Što središnja banka poručuje o inflacijskim očekivanjima"
2022-12-12,"Što središnja banka poručuje o inflacijskim očekivanjima"
2022-12-12,"Cijene goriva ponovno rastu na benzinskim postajama"
2022-12-12,"Što središnja banka poručuje o inflacijskim očekivanjima"
2022-12-12,"Poskupljenje električne energije od sljedećeg mjeseca"
2022-12-12,"Vlada produljila mjere ograničavanja cijena"
2022-12-12,"Središnja banka objavila izvješće o financijskoj stabilnosti"
2022-12-12,"Analitičari očekuju usporavanje potrošnje"
2022-12-12,"HNB: depoziti kucanstava i dalje rastu"
2022-12-19,"Hrvatske narodne banke tice se i pitanje likvidnosti"
2022-12-19,"HNB objavio tjedni pregled deviznog trzista"
2022-12-19,"Cijene stanova u Zagrebu nastavile rast"
2022-12-19,"Središnjoj banci stigli novi podaci o kreditima kućanstava"
2022-12-19,"Vlada produljila mjere ograničavanja cijena"
2022-12-19,"Ministarstvo financija objavilo prihode proračuna"
2022-12-19,"Što središnja banka poručuje o inflacijskim očekivanjima"
2022-12-19,"Središnja banka procjenjuje učinke uvođenja eura"
2022-12-19,"HNB: pritisak na cijene hrane popusta"
2022-12-19,"Hrvatske narodne banke tice se i pitanje likvidnosti"
2022-12-19,"HNB: pritisak na cijene hrane popusta"
2022-12-19,"Guverner najavio nove mjere za kreditni rast"
2022-12-19,"Analitičari očekuju usporavanje potrošnje"
2022-12-19,"Cijene goriva ponovno rastu na benzinskim postajama"
2022-12-19,"Poskupljenje električne energije od sljedećeg mjeseca"
2022-12-19,"Cijene goriva ponovno rastu na benzinskim postajama"
2022-12-19,"Analitičari očekuju usporavanje potrošnje"
2022-12-19,"HNB: depoziti kucanstava i dalje rastu"
2022-12-19,"Središnjoj banci stigli novi podaci o kreditima kućanstava"
2022-12-19,"Hrvatske narodne banke tice se i pitanje likvidnosti"
2022-12-19,"Vujčić: inflacija se vraća prema cilju"
2022-12-19,"Ministarstvo financija objavilo prihode proračuna"
2022-12-19,"Cijene stanova u Zagrebu nastavile rast"
2022-12-19,"Hrvatske narodne banke tice se i pitanje likvidnosti"
2022-12-19,"Cijene stanova u Zagrebu nastavile rast"
2022-12-19,"Cijene goriva ponovno rastu na benzinskim postajama"
2022-12-19,"HNB objavio tjedni pregled deviznog trzista"
2022-12-19,"Hrvatska narodna banka o rastu cijena energenata"
2022-12-19,"Središnja banka objavila izvješće o financijskoj stabilnosti"
2022-12-19,"Trgovci najavljuju poskupljenje osnovnih namirnica"
2022-12-19,"Vujčić: inflacija se vraća prema cilju"
2022-12-19,"Poskupljenje električne energije od sljedećeg mjeseca"
2022-12-19,"Guverner najavio nove mjere za kreditni rast"
2022-12-19,"Središnjoj banci stigli novi podaci o kreditima kućanstava"
2022-12-19,"Hrvatske narodne banke tice se i pitanje likvidnosti"
2022-12-19,"Cijene stanova u Zagrebu nastavile rast"
2022-12-19,"HNB: depoziti kucanstava i dalje rastu"
2022-12-19,"Guvernerova ocjena inflacijskih očekivanja kućanstava"
2022-12-19,"Cijene stanova u Zagrebu nastavile rast"
2022-12-19,"Trgovci najavljuju poskupljenje osnovnih namirnica"
2022-12-19,"Ministarstvo financija objavilo prihode proračuna"
2022-12-19,"Odluke središnje banke i cijene stambenih kredita"
2022-12-19,"Hrvatska narodna banka o rastu cijena energenata"
2022-12-19,"Guverner najavio nove mjere za kreditni rast"
2022-12-19,"Središnja banka procjenjuje učinke uvođenja eura"
2022-12-19,"Središnja banka objavila izvješće o financijskoj stabilnosti"
2022-12-19,"Središnja banka procjenjuje učinke uvođenja eura"
2022-12-19,"Trgovci najavljuju poskupljenje osnovnih namirnica"
2022-12-19,"Ministarstvo financija objavilo prihode proračuna"
2022-12-19,"HNB: depoziti kucanstava i dalje rastu"
2022-12-19,"Cijene stanova u Zagrebu nastavile rast"
2022-12-19,"HNB: depoziti kucanstava i dalje rastu"
2022-12-19,"Trgovci najavljuju poskupljenje osnovnih namirnica"
2022-12-19,"Vujčić: inflacija se vraća prema cilju"
2022-12-19,"Turistička sezona nadmašila očekivanja"
2022-12-19,"Analitičari očekuju usporavanje potrošnje"
2022-12-19,"Guverner najavio nove mjere za kreditni rast"
2022-12-19,"HNB: depoziti kucanstava i dalje rastu"
2022-12-19,"Odluke središnje banke i cijene stambenih kredita"
2022-12-19,"Hrvatske narodne banke tice se i pitanje likvidnosti"
2022-12-19,"HNB: depoziti kucanstava i dalje rastu"
2022-12-19,"Hrvatska narodna banka o rastu cijena energenata"
2022-12-19,"Eurostat objavio nove podatke o zaposlenosti"
2022-12-19,"Središnjoj banci stigli novi podaci o kreditima kućanstava"
2022-12-26,"HNB: depoziti kucanstava i dalje rastu"
2022-12-26,"HNB: pritisak na cijene hrane popusta"
2022-12-26,"Središnjoj banci stigli novi podaci o kreditima kućanstava"
2022-12-26,"HNB objavio tjedni pregled deviznog trzista"
2022-12-26,"Analitičari očekuju usporavanje potrošnje"
2022-12-26,"Guverner Vujčić o kretanju cijena u idućoj godini"
2022-12-26,"Guverner najavio nove mjere za kreditni rast"
2022-12-26,"Cijene stanova u Zagrebu nastavile rast"
2022-12-26,"Cijene stanova u Zagrebu nastavile rast"
2022-12-26,"Hrvatskoj narodnoj banci stigao novi set podataka"
2022-12-26,"Turistička sezona nadmašila očekivanja"
2022-12-26,"Guverner najavio nove mjere za kreditni rast"
2022-12-26,"Poskupljenje električne energije od sljedećeg mjeseca"
2022-12-26,"Vujčić: inflacija se vraća prema cilju"
2022-12-26,"Eurostat objavio nove podatke o zaposlenosti"
2022-12-26,"Trgovci najavljuju poskupljenje osnovnih namirnica"
2022-12-26,"Središnja banka objavila izvješće o financijskoj stabilnosti"
2022-12-26,"Što središnja banka poručuje o inflacijskim očekivanjima"
2022-12-26,"Hrvatska narodna banka o rastu cijena energenata"
2022-12-26,"Poskupljenje električne energije od sljedećeg mjeseca"
2022-12-26,"Središnja banka procjenjuje učinke uvođenja eura"
2022-12-26,"Eurostat objavio nove podatke o zaposlenosti"
2022-12-26,"Što središnja banka poručuje o inflacijskim očekivanjima"
2022-12-26,"HNB: pritisak na cijene hrane popusta"
2022-12-26,"Ministarstvo financija objavilo prihode proračuna"
2022-12-26,"HNB objavio tjedni pregled deviznog trzista"
2022-12-26,"Poskupljenje električne energije od sljedećeg mjeseca"
2022-12-26,"Poskupljenje električne energije od sljedećeg mjeseca"
2022-12-26,"Trgovci najavljuju poskupljenje osnovnih namirnica"
2022-12-26,"Središnja banka procjenjuje učinke uvođenja eura"
2022-12-26,"HNB objavio tjedni pregled deviznog trzista"
2022-12-26,"Cijene stanova u Zagrebu nastavile rast"
2022-12-26,"Ministarstvo financija objavilo prihode proračuna"
2022-12-26,"Eurostat objavio nove podatke o zaposlenosti"
2022-12-26,"Što središnja banka poručuje o inflacijskim očekivanjima"
2022-12-26,"Hrvatskoj narodnoj banci stigao novi set podataka"
2022-12-26,"Središnja banka objavila izvješće o financijskoj stabilnosti"
2022-12-26,"Turistička sezona nadmašila očekivanja"
2022-12-26,"Središnja banka upozorava na sekundarne učinke inflacije"
2022-12-26,"Što središnja banka poručuje o inflacijskim očekivanjima"
2022-12-26,"Odluke središnje banke i cijene stambenih kredita"
2022-12-26,"Guverner najavio nove mjere za kreditni rast"
2022-12-26,"Hrvatske narodne banke tice se i pitanje likvidnosti"
2022-12-26,"Hrvatskoj narodnoj banci stigao novi set podataka"
2022-12-26,"Guverner najavio nove mjere za kreditni rast"
2022-12-26,"Vujčić: inflacija se vraća prema cilju"
2022-12-26,"Ministarstvo financija objavilo prihode proračuna"
2022-12-26,"Hrvatske narodne banke tice se i pitanje likvidnosti"
2022-12-26,"Središnjoj banci stigli novi podaci o kreditima kućanstava"
2022-12-26,"HNB: pritisak na cijene hrane popusta"
2022-12-26,"Cijene stanova u Zagrebu nastavile rast"
2022-12-26,"Hrvatske narodne banke tice se i pitanje likvidnosti"
2022-12-26,"HNB: pritisak na cijene hrane popusta"
2022-12-26,"Cijene stanova u Zagrebu nastavile rast"
2022-12-26,"Odluke središnje banke i cijene stambenih kredita"
2022-12-26,"Turistička sezona nadmašila očekivanja"
2022-12-26,"Ministarstvo financija objavilo prihode proračuna"
2023-01-02,"Što središnja banka poručuje o inflacijskim očekivanjima"
2023-01-02,"Odluke središnje banke i cijene stambenih kredita"
2023-01-02,"Vlada produljila mjere ograničavanja cijena"
2023-01-02,"Poskupljenje električne energije od sljedećeg mjeseca"
2023-01-02,"Središnja banka procjenjuje učinke uvođenja eura"
2023-01-02,"Središnjoj banci stigli novi podaci o kreditima kućanstava"
2023-01-02,"Ministarstvo financija objavilo prihode proračuna"
2023-01-02,"HNB objavio tjedni pregled deviznog trzista"
2023-01-02,"HNB: pritisak na cijene hrane popusta"
2023-01-02,"Poskupljenje električne energije od sljedećeg mjeseca"
2023-01-02,"Hrvatskoj narodnoj banci stigao novi set podataka"
2023-01-02,"Ministarstvo financija objavilo prihode proračuna"
2023-01-02,"Eurostat objavio nove podatke o zaposlenosti"
2023-01-02,"Odluke središnje banke i cijene stambenih kredita"
2023-01-02,"Eurostat objavio nove podatke o zaposlenosti"
2023-01-02,"Cijene goriva ponovno rastu na benzinskim postajama"
2023-01-02,"Turistička sezona nadmašila očekivanja"
2023-01-02,"Središnja banka objavila izvješće o financijskoj stabilnosti"
2023-01-02,"Guvernerova ocjena inflacijskih očekivanja kućanstava"
2023-01-02,"Središnjoj banci stigli novi podaci o kreditima kućanstava"
2023-01-02,"Vujčić: inflacija se vraća prema cilju"
2023-01-02,"Poskupljenje električne energije od sljedećeg mjeseca"
2023-01-02,"HNB: depoziti kucanstava i dalje rastu"
2023-01-02,"Odluke središnje banke i cijene stambenih kredita"
2023-01-02,"Cijene goriva ponovno rastu na benzinskim postajama"
2023-01-02,"Vlada produljila mjere ograničavanja cijena"
2023-01-02,"Ministarstvo financija objavilo prihode proračuna"
2023-01-02,"Što središnja banka poručuje o inflacijskim očekivanjima"
2023-01-02,"Središnja banka objavila izvješće o financijskoj stabilnosti"
2023-01-02,"Hrvatske narodne banke tice se i pitanje likvidnosti"
2023-01-02,"HNB: depoziti kucanstava i dalje rastu"
2023-01-02,"Hrvatskoj narodnoj banci stigao novi set podataka"
2023-01-02,"Sindikati traže povećanje minimalne plaće"
2023-01-02,"Guverner Vujčić o kretanju cijena u idućoj godini"
2023-01-02,"Analitičari očekuju usporavanje potrošnje"
2023-01-02,"Hrvatskoj narodnoj banci stigao novi set podataka"
2023-01-02,"Hrvatske narodne banke tice se i pitanje likvidnosti"
2023-01-02,"HNB: depoziti kucanstava i dalje rastu"
2023-01-02,"Trgovci najavljuju poskupljenje osnovnih namirnica"
2023-01-02,"Hrvatske narodne banke tice se i pitanje likvidnosti"
2023-01-02,"Analitičari očekuju usporavanje potrošnje"
2023-01-02,"Hrvatska narodna banka o rastu cijena energenata"
2023-01-02,"Guverner Vujčić o kretanju cijena u idućoj godini"
2023-01-02,"Odluke središnje banke i cijene stambenih kredita"
2023-01-02,"Guvernerova ocjena inflacijskih očekivanja kućanstava"
2023-01-02,"Hrvatska narodna banka o rastu cijena energenata"
2023-01-02,"Trgovci najavljuju poskupljenje osnovnih namirnica"
2023-01-02,"Analitičari očekuju usporavanje potrošnje"
2023-01-02,"Guvernerova ocjena inflacijskih očekivanja kućanstava"
2023-01-02,"Središnjoj banci stigli novi podaci o kreditima kućanstava"
2023-01-02,"Hrvatskoj narodnoj banci stigao novi set podataka"
2023-01-02,"Ministarstvo financija objavilo prihode proračuna"
2023-01-02,"Sindikati traže povećanje minimalne plaće"
2023-01-02,"Guverner Vujčić o kretanju cijena u idućoj godini"
2023-01-02,"Odluke središnje banke i cijene stambenih kredita"
2023-01-02,"Središnja banka procjenjuje učinke uvođenja eura"
2023-01-02,"Što središnja banka poručuje o inflacijskim očekivanjima"
2023-01-02,"Vlada produljila mjere ograničavanja cijena"
2023-01-02,"HNB: depoziti kucanstava i dalje rastu"
2023-01-02,"Poskupljenje električne energije od sljedećeg mjeseca"
2023-01-02,"Vujčić: inflacija se vraća prema cilju"
2023-01-02,"Sindikati traže povećanje minimalne plaće"
2023-01-02,"Središnja banka upozorava na sekundarne učinke inflacije"
2023-01-02,"Cijene stanova u Zagrebu nastavile rast"
2023-01-09,"Poskupljenje električne energije od sljedećeg mjeseca"
2023-01-09,"Središnja banka objavila izvješće o financijskoj stabilnosti"
2023-01-09,"Turistička sezona nadmašila očekivanja"
2023-01-09,"Ministarstvo financija objavilo prihode proračuna"
2023-01-09,"Cijene stanova u Zagrebu nastavile rast"
2023-01-09,"HNB objavio tjedni pregled deviznog trzista"
2023-01-09,"HNB: pritisak na cijene hrane popusta"
2023-01-09,"HNB: pritisak na cijene hrane popusta"
2023-01-09,"Hrvatska narodna banka o rastu cijena energenata"
2023-01-09,"Odluke središnje banke i cijene stambenih kredita"
2023-01-09,"Središnja banka objavila izvješće o financijskoj stabilnosti"
2023-01-09,"Središnja banka procjenjuje učinke uvođenja eura"
2023-01-09,"Guverner najavio nove mjere za kreditni rast"
2023-01-09,"Cijene stanova u Zagrebu nastavile rast"
2023-01-09,"Središnjoj banci stigli novi podaci o kreditima kućanstava"
2023-01-09,"Vlada produljila mjere ograničavanja cijena"
2023-01-09,"Središnja banka objavila izvješće o financijskoj stabilnosti"
2023-01-09,"Hrvatskoj narodnoj banci stigao novi set podataka"
2023-01-09,"Poskupljenje električne energije od sljedećeg mjeseca"
2023-01-09,"Hrvatska narodna banka o rastu cijena energenata"
2023-01-09,"HNB objavio tjedni pregled deviznog trzista"
2023-01-09,"Guvernerova ocjena inflacijskih očekivanja kućanstava"
2023-01-09,"Eurostat objavio nove podatke o zaposlenosti"
2023-01-09,"HNB: pritisak na cijene hrane popusta"
2023-01-09,"Cijene stanova u Zagrebu nastavile rast"
2023-01-09,"Guvernerova ocjena inflacijskih očekivanja kućanstava"
2023-01-09,"Analitičari očekuju usporavanje potrošnje"
2023-01-09,"Hrvatska narodna banka o rastu cijena energenata"
2023-01-09,"Središnja banka objavila izvješće o financijskoj stabilnosti"
2023-01-09,"Turistička sezona nadmašila očekivanja"
2023-01-09,"Odluke središnje banke i cijene stambenih kredita"
2023-01-09,"Turistička sezona nadmašila očekivanja"
2023-01-09,"Vlada produljila mjere ograničavanja cijena"
2023-01-09,"Što središnja banka poručuje o inflacijskim očekivanjima"
2023-01-09,"Guverner najavio nove mjere za kreditni rast"
2023-01-09,"Hrvatska narodna banka o rastu cijena energenata"
2023-01-09,"Eurostat objavio nove podatke o zaposlenosti"
2023-01-09,"Turistička sezona nadmašila očekivanja"
2023-01-09,"Cijene stanova u Zagrebu nastavile rast"
2023-01-09,"HNB: pritisak na cijene hrane popusta"
2023-01-09,"Hrvatskoj narodnoj banci stigao novi set podataka"
2023-01-09,"Ministarstvo financija objavilo prihode proračuna"
2023-01-09,"Središnja banka upozorava na sekundarne učinke inflacije"
2023-01-09,"Guvernerova ocjena inflacijskih očekivanja kućanstava"
2023-01-09,"Hrvatskoj narodnoj banci stigao novi set podataka"
2023-01-09,"Hrvatskoj narodnoj banci stigao novi set podataka"
2023-01-09,"HNB: pritisak na cijene hrane popusta"
2023-01-09,"Ministarstvo financija objavilo prihode proračuna"
2023-01-09,"Eurostat objavio nove podatke o zaposlenosti"
2023-01-09,"HNB objavio tjedni pregled deviznog trzista"
2023-01-09,"Hrvatskoj narodnoj banci stigao novi set podataka"
2023-01-09,"Cijene stanova u Zagrebu nastavile rast"
2023-01-09,"Hrvatske narodne banke tice se i pitanje likvidnosti"
2023-01-09,"Guvernerova ocjena inflacijskih očekivanja kućanstava"
2023-01-09,"Poskupljenje električne energije od sljedećeg mjeseca"
2023-01-09,"Sindikati traže povećanje minimalne plaće"
2023-01-09,"Vujčić: inflacija se vraća prema cilju"
2023-01-09,"Sindikati traže povećanje minimalne plaće"
2023-01-09,"Guverner Vujčić o kretanju cijena u idućoj godini"
2023-01-09,"Sindikati traže povećanje minimalne plaće"
2023-01-09,"Središnja banka upozorava na sekundarne učinke inflacije"
2023-01-09,"Eurostat objavio nove podatke o zaposlenosti"
2023-01-09,"Središnjoj banci stigli novi podaci o kreditima kućanstava"
2023-01-09,"HNB objavio tjedni pregled deviznog trzista"
2023-01-16,"HNB: depoziti kucanstava i dalje rastu"
2023-01-16,"Poskupljenje električne energije od sljedećeg mjeseca"
2023-01-16,"Eurostat objavio nove podatke o zaposlenosti"
2023-01-16,"Središnja banka upozorava na sekundarne učinke inflacije"
2023-01-16,"Cijene stanova u Zagrebu nastavile rast"
2023-01-16,"Turistička sezona nadmašila očekivanja"
2023-01-16,"Središnjoj banci stigli novi podaci o kreditima kućanstava"
2023-01-16,"Cijene stanova u Zagrebu nastavile rast"
2023-01-16,"Cijene goriva ponovno rastu na benzinskim postajama"
2023-01-16,"Hrvatskoj narodnoj banci stigao novi set podataka"
2023-01-16,"Hrvatske narodne banke tice se i pitanje likvidnosti"
2023-01-16,"Guvernerova ocjena inflacijskih očekivanja kućanstava"
2023-01-16,"Sindikati traže povećanje minimalne plaće"
2023-01-16,"Ministarstvo financija objavilo prihode proračuna"
2023-01-16,"Središnja banka procjenjuje učinke uvođenja eura"
2023-01-16,"Guvernerova ocjena inflacijskih očekivanja kućanstava"
2023-01-16,"Središnjoj banci stigli novi podaci o kreditima kućanstava"
2023-01-16,"Središnja banka objavila izvješće o financijskoj stabilnosti"
2023-01-16,"Guverner Vujčić o kretanju cijena u idućoj godini"
2023-01-16,"Sindikati traže povećanje minimalne plaće"
2023-01-16,"Guverner najavio nove mjere za kreditni rast"
2023-01-16,"Sindikati traže povećanje minimalne plaće"
2023-01-16,"Ministarstvo financija objavilo prihode proračuna"
2023-01-16,"Središnja banka procjenjuje učinke uvođenja eura"
2023-01-16,"Trgovci najavljuju poskupljenje osnovnih namirnica"
2023-01-16,"HNB objavio tjedni pregled deviznog trzista"
2023-01-16,"HNB: pritisak na cijene hrane popusta"
2023-01-16,"Guverner Vujčić o kretanju cijena u idućoj godini"
2023-01-16,"Hrvatskoj narodnoj banci stigao novi set podataka"
2023-01-16,"Središnjoj banci stigli novi podaci o kreditima kućanstava"
2023-01-16,"Turistička sezona nadmašila očekivanja"
2023-01-16,"Što središnja banka poručuje o inflacijskim očekivanjima"
2023-01-16,"Analitičari očekuju usporavanje potrošnje"
2023-01-16,"Trgovci najavljuju poskupljenje osnovnih namirnica"
2023-01-16,"Vujčić: inflacija se vraća prema cilju"
2023-01-16,"Hrvatska narodna banka o rastu cijena energenata"
2023-01-16,"HNB: depoziti kucanstava i dalje rastu"
2023-01-16,"Hrvatske narodne banke tice se i pitanje likvidnosti"
2023-01-16,"Poskupljenje električne energije od sljedećeg mjeseca"
2023-01-16,"Središnja banka objavila izvješće o financijskoj stabilnosti"
2023-01-16,"Trgovci najavljuju poskupljenje osnovnih namirnica"
2023-01-16,"Poskupljenje električne energije od sljedećeg mjeseca"
2023-01-16,"Središnjoj banci stigli novi podaci o kreditima kućanstava"
2023-01-16,"Trgovci najavljuju poskupljenje osnovnih namirnica"
2023-01-16,"Vlada produljila mjere ograničavanja cijena"
2023-01-16,"Cijene goriva ponovno rastu na benzinskim postajama"
2023-01-16,"Središnja banka upozorava na sekundarne učinke inflacije"
2023-01-16,"HNB: pritisak na cijene hrane popusta"
2023-01-16,"Cijene stanova u Zagrebu nastavile rast"
2023-01-16,"Guvernerova ocjena inflacijskih očekivanja kućanstava"
2023-01-16,"Središnja banka upozorava na sekundarne učinke inflacije"
2023-01-16,"Središnja banka upozorava na sekundarne učinke inflacije"
2023-01-16,"Hrvatske narodne banke tice se i pitanje likvidnosti"
2023-01-16,"Središnjoj banci stigli novi podaci o kreditima kućanstava"
2023-01-16,"Hrvatske narodne banke tice se i pitanje likvidnosti"
2023-01-16,"HNB: depoziti kucanstava i dalje rastu"
2023-01-16,"Središnja banka procjenjuje učinke uvođenja eura"
2023-01-16,"HNB objavio tjedni pregled deviznog trzista"
2023-01-16,"Turistička sezona nadmašila očekivanja"
2023-01-23,"Vlada produljila mjere ograničavanja cijena"
2023-01-23,"Ministarstvo financija objavilo prihode proračuna"
2023-01-23,"Odluke središnje banke i cijene stambenih kredita"
2023-01-23,"Eurostat objavio nove podatke o zaposlenosti"
2023-01-23,"HNB: depoziti kucanstava i dalje rastu"
2023-01-23,"Trgovci najavljuju poskupljenje osnovnih namirnica"
2023-01-23,"Vlada produljila mjere ograničavanja cijena"
2023-01-23,"Što središnja banka poručuje o inflacijskim očekivanjima"
2023-01-23,"Središnjoj banci stigli novi podaci o kreditima kućanstava"
2023-01-23,"HNB: depoziti kucanstava i dalje rastu"
2023-01-23,"Guverner Vujčić o kretanju cijena u idućoj godini"
2023-01-23,"Cijene goriva ponovno rastu na benzinskim postajama"
2023-01-23,"Odluke središnje banke i cijene stambenih kredita"
2023-01-23,"Guverner najavio nove mjere za kreditni rast"
2023-01-23,"Središnjoj banci stigli novi podaci o kreditima kućanstava"
2023-01-23,"Eurostat objavio nove podatke o zaposlenosti"
2023-01-23,"Sindikati traže povećanje minimalne plaće"
2023-01-23,"Hrvatskoj narodnoj banci stigao novi set podataka"
2023-01-23,"Odluke središnje banke i cijene stambenih kredita"
2023-01-23,"Vujčić: inflacija se vraća prema cilju"
2023-01-23,"Guvernerova ocjena inflacijskih očekivanja kućanstava"
2023-01-23,"Središnja banka upozorava na sekundarne učinke inflacije"
2023-01-23,"HNB: pritisak na cijene hrane popusta"
2023-01-23,"Središnja banka objavila izvješće o financijskoj stabilnosti"
2023-01-23,"Hrvatska narodna banka o rastu cijena energenata"
2023-01-23,"HNB: pritisak na cijene hrane popusta"
2023-01-23,"Sindikati traže povećanje minimalne plaće"
2023-01-23,"Guverner najavio nove mjere za kreditni rast"
2023-01-23,"Sindikati traže povećanje minimalne plaće"
2023-01-23,"Središnja banka procjenjuje učinke uvođenja eura"
2023-01-23,"Središnjoj banci stigli novi podaci o kreditima kućanstava"
2023-01-23,"Poskupljenje električne energije od sljedećeg mjeseca"
2023-01-23,"Hrvatska narodna banka o rastu cijena energenata"
2023-01-23,"Hrvatska narodna banka o rastu cijena energenata"
2023-01-23,"HNB: depoziti kucanstava i dalje rastu"
2023-01-23,"Što središnja banka poručuje o inflacijskim očekivanjima"
2023-01-23,"Hrvatske narodne banke tice se i pitanje likvidnosti"
2023-01-23,"Središnja banka upozorava na sekundarne učinke inflacije"
2023-01-23,"HNB: pritisak na cijene hrane popusta"
2023-01-23,"Poskupljenje električne energije od sljedećeg mjeseca"
2023-01-23,"HNB: depoziti kucanstava i dalje rastu"
2023-01-23,"Cijene goriva ponovno rastu na benzinskim postajama"
2023-01-23,"Cijene goriva ponovno rastu na benzinskim postajama"
2023-01-23,"Eurostat objavio nove podatke o zaposlenosti"
2023-01-23,"Cijene stanova u Zagrebu nastavile rast"
2023-01-23,"Cijene goriva ponovno rastu na benzinskim postajama"
2023-01-23,"Guverner najavio nove mjere za kreditni rast"
2023-01-23,"Analitičari očekuju usporavanje potrošnje"
2023-01-23,"Vlada produljila mjere ograničavanja cijena"
2023-01-23,"Hrvatska narodna banka o rastu cijena energenata"
2023-01-23,"Što središnja banka poručuje o inflacijskim očekivanjima"
2023-01-23,"Vlada produljila mjere ograničavanja cijena"
2023-01-23,"HNB: pritisak na cijene hrane popusta"
2023-01-23,"Turistička sezona nadmašila očekivanja"
2023-01-23,"Vujčić: inflacija se vraća prema cilju"
2023-01-23,"Cijene goriva ponovno rastu na benzinskim postajama"
2023-01-30,"Guverner najavio nove mjere za kreditni rast"
2023-01-30,"Središnjoj banci stigli novi podaci o kreditima kućanstava"
2023-01-30,"HNB: pritisak na cijene hrane popusta"
2023-01-30,"Trgovci najavljuju poskupljenje osnovnih namirnica"
2023-01-30,"HNB: pritisak na cijene hrane popusta"
2023-01-30,"Guverner Vujčić o kretanju cijena u idućoj godini"
2023-01-30,"Odluke središnje banke i cijene stambenih kredita"
2023-01-30,"Analitičari očekuju usporavanje potrošnje"
2023-01-30,"Turistička sezona nadmašila očekivanja"
2023-01-30,"Poskupljenje električne energije od sljedećeg mjeseca"
2023-01-30,"Hrvatske narodne banke tice se i pitanje likvidnosti"
2023-01-30,"Vujčić: inflacija se vraća prema cilju"
2023-01-30,"Hrvatska narodna banka o rastu cijena energenata"
2023-01-30,"HNB: depoziti kucanstava i dalje rastu"
2023-01-30,"Središnja banka objavila izvješće o financijskoj stabilnosti"
2023-01-30,"Ministarstvo financija objavilo prihode proračuna"
2023-01-30,"Turistička sezona nadmašila očekivanja"
2023-01-30,"Cijene goriva ponovno rastu na benzinskim postajama"
2023-01-30,"Turistička sezona nadmašila očekivanja"
2023-01-30,"Trgovci najavljuju poskupljenje osnovnih namirnica"
2023-01-30,"Cijene stanova u Zagrebu nastavile rast"
2023-01-30,"Središnjoj banci stigli novi podaci o kreditima kućanstava"
2023-01-30,"Što središnja banka poručuje o inflacijskim očekivanjima"
2023-01-30,"Guverner Vujčić o kretanju cijena u idućoj godini"
2023-01-30,"HNB objavio tjedni pregled deviznog trzista"
2023-01-30,"Odluke središnje banke i cijene stambenih kredita"
2023-01-30,"Cijene goriva ponovno rastu na benzinskim postajama"
2023-01-30,"Turistička sezona nadmašila očekivanja"
2023-01-30,"HNB objavio tjedni pregled deviznog trzista"
2023-01-30,"Guvernerova ocjena inflacijskih očekivanja kućanstava"
2023-01-30,"Turistička sezona nadmašila očekivanja"
2023-01-30,"Turistička sezona nadmašila očekivanja"
2023-01-30,"Turistička sezona nadmašila očekivanja"
2023-01-30,"HNB: depoziti kucanstava i dalje rastu"
2023-01-30,"HNB: pritisak na cijene hrane popusta"
2023-01-30,"Analitičari očekuju usporavanje potrošnje"
2023-01-30,"HNB: depoziti kucanstava i dalje rastu"
2023-01-30,"Vujčić: inflacija se vraća prema cilju"
2023-01-30,"HNB: depoziti kucanstava i dalje rastu"
2023-01-30,"Turistička sezona nadmašila očekivanja"
2023-01-30,"Središnja banka objavila izvješće o financijskoj stabilnosti"
2023-01-30,"Središnja banka procjenjuje učinke uvođenja eura"
2023-01-30,"Hrvatske narodne banke tice se i pitanje likvidnosti"
2023-01-30,"Cijene goriva ponovno rastu na benzinskim postajama"
2023-01-30,"Guvernerova ocjena inflacijskih očekivanja kućanstava"
2023-01-30,"Središnja banka objavila izvješće o financijskoj stabilnosti"
2023-01-30,"Što središnja banka poručuje o inflacijskim očekivanjima"
2023-01-30,"Središnja banka procjenjuje učinke uvođenja eura"
2023-01-30,"Središnja banka objavila izvješće o financijskoj stabilnosti"
2023-01-30,"Cijene stanova u Zagrebu nastavile rast"
2023-01-30,"Središnja banka objavila izvješće o financijskoj stabilnosti"
2023-01-30,"Središnjoj banci stigli novi podaci o kreditima kućanstava"
2023-01-30,"Ministarstvo financija objavilo prihode proračuna"
2023-01-30,"Trgovci najavljuju poskupljenje osnovnih namirnica"
2023-01-30,"Odluke središnje banke i cijene stambenih kredita"
2023-01-30,"Cijene stanova u Zagrebu nastavile rast"
2023-01-30,"HNB: depoziti kucanstava i dalje rastu"
2023-02-06,"Središnja banka objavila izvješće o financijskoj stabilnosti"
2023-02-06,"Cijene goriva ponovno rastu na benzinskim postajama"
2023-02-06,"Poskupljenje električne energije od sljedećeg mjeseca"
2023-02-06,"Hrvatske narodne banke tice se i pitanje likvidnosti"
2023-02-06,"Hrvatskoj narodnoj banci stigao novi set podataka"
2023-02-06,"Središnja banka procjenjuje učinke uvođenja eura"
2023-02-06,"Središnja banka upozorava na sekundarne učinke inflacije"
2023-02-06,"Cijene stanova u Zagrebu nastavile rast"
2023-02-06,"Središnjoj banci stigli novi podaci o kreditima kućanstava"
2023-02-06,"HNB objavio tjedni pregled deviznog trzista"
2023-02-06,"Središnjoj banci stigli novi podaci o kreditima kućanstava"
2023-02-06,"Guverner Vujčić o kretanju cijena u idućoj godini"
2023-02-06,"Odluke središnje banke i cijene stambenih kredita"
2023-02-06,"Vujčić: inflacija se vraća prema cilju"
2023-02-06,"Hrvatska narodna banka o rastu cijena energenata"
2023-02-06,"Vujčić: inflacija se vraća prema cilju"
2023-02-06,"Cijene goriva ponovno rastu na benzinskim postajama"
2023-02-06,"Što središnja banka poručuje o inflacijskim očekivanjima"
2023-02-06,"Hrvatska narodna banka o rastu cijena energenata"
2023-02-06,"Guverner Vujčić o kretanju cijena u idućoj godini"
2023-02-06,"Odluke središnje banke i cijene stambenih kredita"
2023-02-06,"Guvernerova ocjena inflacijskih očekivanja kućanstava"
2023-02-06,"Cijene stanova u Zagrebu nastavile rast"
2023-02-06,"Ministarstvo financija objavilo prihode proračuna"
2023-02-06,"Ministarstvo financija objavilo prihode proračuna"
2023-02-06,"Ministarstvo financija objavilo prihode proračuna"
2023-02-06,"Što središnja banka poručuje o inflacijskim očekivanjima"
2023-02-06,"Eurostat objavio nove podatke o zaposlenosti"
2023-02-06,"Središnja banka upozorava na sekundarne učinke inflacije"
2023-02-06,"Analitičari očekuju usporavanje potrošnje"
2023-02-06,"Guverner najavio nove mjere za kreditni rast"
2023-02-06,"Hrvatska narodna banka o rastu cijena energenata"
2023-02-06,"Analitičari očekuju usporavanje potrošnje"
2023-02-06,"Eurostat objavio nove podatke o zaposlenosti"
2023-02-06,"Vujčić: inflacija se vraća prema cilju"
2023-02-06,"Središnja banka procjenjuje učinke uvođenja eura"
2023-02-06,"Analitičari očekuju usporavanje potrošnje"
2023-02-06,"HNB: depoziti kucanstava i dalje rastu"
2023-02-06,"Ministarstvo financija objavilo prihode proračuna"
2023-02-06,"Trgovci najavljuju poskupljenje osnovnih namirnica"
2023-02-06,"Sindikati traže povećanje minimalne plaće"
2023-02-06,"Što središnja banka poručuje o inflacijskim očekivanjima"
2023-02-06,"Hrvatska narodna banka o rastu cijena energenata"
2023-02-06,"Ministarstvo financija objavilo prihode proračuna"
2023-02-06,"Hrvatska narodna banka o rastu cijena energenata"
2023-02-06,"Trgovci najavljuju poskupljenje osnovnih namirnica"
2023-02-06,"HNB objavio tjedni pregled deviznog trzista"
2023-02-06,"HNB objavio tjedni pregled deviznog trzista"
2023-02-06,"Što središnja banka poručuje o inflacijskim očekivanjima"
2023-02-06,"Sindikati traže povećanje minimalne plaće"
2023-02-06,"Sindikati traže povećanje minimalne plaće"
2023-02-06,"Eurostat objavio nove podatke o zaposlenosti"
2023-02-06,"HNB: depoziti kucanstava i dalje rastu"
2023-02-06,"Hrvatske narodne banke tice se i pitanje likvidnosti"
2023-02-06,"Hrvatske narodne banke tice se i pitanje likvidnosti"
2023-02-06,"Trgovci najavljuju poskupljenje osnovnih namirnica"
2023-02-06,"Turistička sezona nadmašila očekivanja"
2023-02-06,"Hrvatska narodna banka o rastu cijena energenata"
2023-02-06,"Sindikati traže povećanje minimalne plaće"
2023-02-06,"Guvernerova ocjena inflacijskih očekivanja kućanstava"
2023-02-06,"Hrvatske narodne banke tice se i pitanje likvidnosti"
2023-02-06,"Odluke središnje banke i cijene stambenih kredita"
2023-02-13,"Guverner Vujčić o kretanju cijena u idućoj godini"
2023-02-13,"Eurostat objavio nove podatke o zaposlenosti"
2023-02-13,"Središnja banka procjenjuje učinke uvođenja eura"
2023-02-13,"Hrvatske narodne banke tice se i pitanje likvidnosti"
2023-02-13,"Trgovci najavljuju poskupljenje osnovnih namirnica"
2023-02-13,"Hrvatske narodne banke tice se i pitanje likvidnosti"
2023-02-13,"Središnja banka procjenjuje učinke uvođenja eura"
2023-02-13,"Guvernerova ocjena inflacijskih očekivanja kućanstava"
2023-02-13,"Guverner Vujčić o kretanju cijena u idućoj godini"
2023-02-13,"Središnja banka objavila izvješće o financijskoj stabilnosti"
2023-02-13,"Turistička sezona nadmašila očekivanja"
2023-02-13,"Središnjoj banci stigli novi podaci o kreditima kućanstava"
2023-02-13,"Cijene stanova u Zagrebu nastavile rast"
2023-02-13,"Središnja banka objavila izvješće o financijskoj stabilnosti"
2023-02-13,"Guverner Vujčić o kretanju cijena u idućoj godini"
2023-02-13,"Vujčić: inflacija se vraća prema cilju"
2023-02-13,"Ministarstvo financija objavilo prihode proračuna"
2023-02-13,"HNB: depoziti kucanstava i dalje rastu"
2023-02-13,"Što središnja banka poručuje o inflacijskim očekivanjima"
2023-02-13,"Analitičari očekuju usporavanje potrošnje"
2023-02-13,"Analitičari očekuju usporavanje potrošnje"
2023-02-13,"Središnjoj banci stigli novi podaci o kreditima kućanstava"
2023-02-13,"Analitičari očekuju usporavanje potrošnje"
2023-02-13,"Središnja banka objavila izvješće o financijskoj stabilnosti"
2023-02-13,"Središnja banka objavila izvješće o financijskoj stabilnosti"
2023-02-13,"Analitičari očekuju usporavanje potrošnje"
2023-02-13,"HNB: depoziti kucanstava i dalje rastu"
2023-02-13,"HNB: pritisak na cijene hrane popusta"
2023-02-13,"Cijene goriva ponovno rastu na benzinskim postajama"
2023-02-13,"Središnja banka objavila izvješće o financijskoj stabilnosti"
2023-02-13,"Cijene goriva ponovno rastu na benzinskim postajama"
2023-02-13,"Analitičari očekuju usporavanje potrošnje"
2023-02-13,"Cijene goriva ponovno rastu na benzinskim postajama"
2023-02-13,"Hrvatska narodna banka o rastu cijena energenata"
2023-02-13,"Hrvatska narodna banka o rastu cijena energenata"
2023-02-13,"Turistička sezona nadmašila očekivanja"
2023-02-13,"HNB: depoziti kucanstava i dalje rastu"
2023-02-13,"HNB objavio tjedni pregled deviznog trzista"
2023-02-13,"Eurostat objavio nove podatke o zaposlenosti"
2023-02-13,"HNB objavio tjedni pregled deviznog trzista"
2023-02-13,"Eurostat objavio nove podatke o zaposlenosti"
2023-02-13,"Cijene goriva ponovno rastu na benzinskim postajama"
2023-02-13,"HNB: pritisak na cijene hrane popusta"
2023-02-13,"Što središnja banka poručuje o inflacijskim očekivanjima"
2023-02-13,"Turistička sezona nadmašila očekivanja"
2023-02-13,"Što središnja banka poručuje o inflacijskim očekivanjima"
2023-02-13,"Eurostat objavio nove podatke o zaposlenosti"
2023-02-13,"Hrvatske narodne banke tice se i pitanje likvidnosti"
2023-02-13,"Odluke središnje banke i cijene stambenih kredita"
2023-02-13,"Analitičari očekuju usporavanje potrošnje"
2023-02-13,"Hrvatska narodna banka o rastu cijena energenata"
2023-02-13,"Središnja banka procjenjuje učinke uvođenja eura"
2023-02-13,"Eurostat objavio nove podatke o zaposlenosti"
2023-02-13,"Odluke središnje banke i cijene stambenih kredita"
2023-02-13,"Analitičari očekuju usporavanje potrošnje"
2023-02-13,"Guvernerova ocjena inflacijskih očekivanja kućanstava"
2023-02-13,"Analitičari očekuju usporavanje potrošnje"
2023-02-13,"Središnjoj banci stigli novi podaci o kreditima kućanstava"
2023-02-13,"Guverner Vujčić o kretanju cijena u idućoj godini"
2023-02-20,"Što središnja banka poručuje o inflacijskim očekivanjima"
2023-02-20,"Turistička sezona nadmašila očekivanja"
2023-02-20,"Odluke središnje banke i cijene stambenih kredita"
2023-02-20,"Središnja banka upozorava na sekundarne učinke inflacije"
2023-02-20,"Vlada produljila mjere ograničavanja cijena"
2023-02-20,"HNB objavio tjedni pregled deviznog trzista"
2023-02-20,"Hrvatske narodne banke tice se i pitanje likvidnosti"
2023-02-20,"Što središnja banka poručuje o inflacijskim očekivanjima"
2023-02-20,"Središnjoj banci stigli novi podaci o kreditima kućanstava"
2023-02-20,"Hrvatska narodna banka o rastu cijena energenata"
2023-02-20,"Hrvatske narodne banke tice se i pitanje likvidnosti"
2023-02-20,"Hrvatska narodna banka o rastu cijena energenata"
2023-02-20,"Što središnja banka poručuje o inflacijskim očekivanjima"
2023-02-20,"Guverner Vujčić o kretanju cijena u idućoj godini"
2023-02-20,"Analitičari očekuju usporavanje potrošnje"
2023-02-20,"Sindikati traže povećanje minimalne plaće"
2023-02-20,"Središnja banka procjenjuje učinke uvođenja eura"
2023-02-20,"Ministarstvo financija objavilo prihode proračuna"
2023-02-20,"Središnja banka upozorava na sekundarne učinke inflacije"
2023-02-20,"Analitičari očekuju usporavanje potrošnje"
2023-02-20,"Središnja banka objavila izvješće o financijskoj stabilnosti"
2023-02-20,"Poskupljenje električne energije od sljedećeg mjeseca"
2023-02-20,"Analitičari očekuju usporavanje potrošnje"
2023-02-20,"Vlada produljila mjere ograničavanja cijena"
2023-02-20,"Guverner Vujčić o kretanju cijena u idućoj godini"
2023-02-20,"Trgovci najavljuju poskupljenje osnovnih namirnica"
2023-02-20,"HNB objavio tjedni pregled deviznog trzista"
2023-02-20,"HNB: pritisak na cijene hrane popusta"
2023-02-20,"Cijene stanova u Zagrebu nastavile rast"
2023-02-20,"Središnjoj banci stigli novi podaci o kreditima kućanstava"
2023-02-20,"HNB objavio tjedni pregled deviznog trzista"
2023-02-20,"Sindikati traže povećanje minimalne plaće"
2023-02-20,"Središnjoj banci stigli novi podaci o kreditima kućanstava"
2023-02-20,"Ministarstvo financija objavilo prihode proračuna"
2023-02-20,"Ministarstvo financija objavilo prihode proračuna"
2023-02-20,"Hrvatskoj narodnoj banci stigao novi set podataka"
2023-02-20,"Eurostat objavio nove podatke o zaposlenosti"
2023-02-20,"Analitičari očekuju usporavanje potrošnje"
2023-02-20,"Analitičari očekuju usporavanje potrošnje"
2023-02-20,"Sindikati traže povećanje minimalne plaće"
2023-02-20,"Sindikati traže povećanje minimalne plaće"
2023-02-20,"Odluke središnje banke i cijene stambenih kredita"
2023-02-20,"Guvernerova ocjena inflacijskih očekivanja kućanstava"
2023-02-20,"Guvernerova ocjena inflacijskih očekivanja kućanstava"
2023-02-20,"Sindikati traže povećanje minimalne plaće"
2023-02-20,"HNB: pritisak na cijene hrane popusta"
2023-02-20,"Hrvatskoj narodnoj banci stigao novi set podataka"
2023-02-20,"Guverner najavio nove mjere za kreditni rast"
2023-02-20,"Središnjoj banci stigli novi podaci o kreditima kućanstava"
2023-02-20,"Hrvatska narodna banka o rastu cijena energenata"
2023-02-20,"Guvernerova ocjena inflacijskih očekivanja kućanstava"
2023-02-20,"Trgovci najavljuju poskupljenje osnovnih namirnica"
2023-02-20,"Ministarstvo financija objavilo prihode proračuna"
2023-02-20,"Hrvatska narodna banka o rastu cijena energenata"
2023-02-20,"Središnja banka objavila izvješće o financijskoj stabilnosti"
2023-02-20,"Središnja banka upozorava na sekundarne učinke inflacije"
2023-02-20,"Guverner Vujčić o kretanju cijena u idućoj godini"
2023-02-27,"HNB objavio tjedni pregled deviznog trzista"
2023-02-27,"Hrvatske narodne banke tice se i pitanje likvidnosti"
2023-02-27,"Cijene stanova u Zagrebu nastavile rast"
2023-02-27,"Guverner najavio nove mjere za kreditni rast"
2023-02-27,"Hrvatskoj narodnoj banci stigao novi set podataka"
2023-02-27,"Guverner najavio nove mjere za kreditni rast"
2023-02-27,"Što središnja banka poručuje o inflacijskim očekivanjima"
2023-02-27,"Turistička sezona nadmašila očekivanja"
2023-02-27,"Guverner Vujčić o kretanju cijena u idućoj godini"
2023-02-27,"Središnja banka objavila izvješće o financijskoj stabilnosti"
2023-02-27,"Eurostat objavio nove podatke o zaposlenosti"
2023-02-27,"Analitičari očekuju usporavanje potrošnje"
2023-02-27,"Hrvatske narodne banke tice se i pitanje likvidnosti"
2023-02-27,"Vujčić: inflacija se vraća prema cilju"
2023-02-27,"Središnja banka procjenjuje učinke uvođenja eura"
2023-02-27,"Trgovci najavljuju poskupljenje osnovnih namirnica"
2023-02-27,"Hrvatskoj narodnoj banci stigao novi set podataka"
2023-02-27,"Cijene stanova u Zagrebu nastavile rast"
2023-02-27,"Ministarstvo financija objavilo prihode proračuna"
2023-02-27,"Hrvatska narodna banka o rastu cijena energenata"
2023-02-27,"Poskupljenje električne energije od sljedećeg mjeseca"
2023-02-27,"Hrvatske narodne banke tice se i pitanje likvidnosti"
2023-02-27,"HNB: pritisak na cijene hrane popusta"
2023-02-27,"Hrvatske narodne banke tice se i pitanje likvidnosti"
2023-02-27,"Cijene stanova u Zagrebu nastavile rast"
2023-02-27,"Cijene goriva ponovno rastu na benzinskim postajama"
2023-02-27,"Hrvatskoj narodnoj banci stigao novi set podataka"
2023-02-27,"Sindikati traže povećanje minimalne plaće"
2023-02-27,"HNB: depoziti kucanstava i dalje rastu"
2023-02-27,"Poskupljenje električne energije od sljedećeg mjeseca"
2023-02-27,"Središnja banka procjenjuje učinke uvođenja eura"
2023-02-27,"Vujčić: inflacija se vraća prema cilju"
2023-02-27,"Hrvatska narodna banka o rastu cijena energenata"
2023-02-27,"Analitičari očekuju usporavanje potrošnje"
2023-02-27,"Hrvatskoj narodnoj banci stigao novi set podataka"
2023-02-27,"HNB: pritisak na cijene hrane popusta"
2023-02-27,"Cijene goriva ponovno rastu na benzinskim postajama"
2023-02-27,"Eurostat objavio nove podatke o zaposlenosti"
2023-02-27,"Što središnja banka poručuje o inflacijskim očekivanjima"
2023-02-27,"Odluke središnje banke i cijene stambenih kredita"
2023-02-27,"Cijene stanova u Zagrebu nastavile rast"
2023-02-27,"Središnjoj banci stigli novi podaci o kreditima kućanstava"
2023-02-27,"Guverner Vujčić o kretanju cijena u idućoj godini"
2023-02-27,"HNB: pritisak na cijene hrane popusta"
2023-02-27,"Cijene goriva ponovno rastu na benzinskim postajama"
2023-02-27,"HNB: pritisak na cijene hrane popusta"
2023-02-27,"Hrvatskoj narodnoj banci stigao novi set podataka"
2023-02-27,"Turistička sezona nadmašila očekivanja"
2023-02-27,"Poskupljenje električne energije od sljedećeg mjeseca"
2023-03-06,"Ministarstvo financija objavilo prihode proračuna"
2023-03-06,"Guverner najavio nove mjere za kreditni rast"
2023-03-06,"HNB: depoziti kucanstava i dalje rastu"
2023-03-06,"Guvernerova ocjena inflacijskih očekivanja kućanstava"
2023-03-06,"Vlada produljila mjere ograničavanja cijena"
2023-03-06,"Središnja banka objavila izvješće o financijskoj stabilnosti"
2023-03-06,"Ministarstvo financija objavilo prihode proračuna"
2023-03-06,"Analitičari očekuju usporavanje potrošnje"
2023-03-06,"Vlada produljila mjere ograničavanja cijena"
2023-03-06,"Što središnja banka poručuje o inflacijskim očekivanjima"
2023-03-06,"Hrvatske narodne banke tice se i pitanje likvidnosti"
2023-03-06,"Hrvatska narodna banka o rastu cijena energenata"
2023-03-06,"Eurostat objavio nove podatke o zaposlenosti"
2023-03-06,"Ministarstvo financija objavilo prihode proračuna"
2023-03-06,"Ministarstvo financija objavilo prihode proračuna"
2023-03-06,"Poskupljenje električne energije od sljedećeg mjeseca"
2023-03-06,"Guvernerova ocjena inflacijskih očekivanja kućanstava"
2023-03-06,"Trgovci najavljuju poskupljenje osnovnih namirnica"
2023-03-06,"Hrvatskoj narodnoj banci stigao novi set podataka"
2023-03-06,"Odluke središnje banke i cijene stambenih kredita"
2023-03-06,"Središnjoj banci stigli novi podaci o kreditima kućanstava"
2023-03-06,"Središnja banka objavila izvješće o financijskoj stabilnosti"
2023-03-06,"Vujčić: inflacija se vraća prema cilju"
2023-03-06,"Što središnja banka poručuje o inflacijskim očekivanjima"
2023-03-06,"Središnja banka procjenjuje učinke uvođenja eura"
2023-03-06,"Hrvatskoj narodnoj banci stigao novi set podataka"
2023-03-06,"Što središnja banka poručuje o inflacijskim očekivanjima"
2023-03-06,"Hrvatske narodne banke tice se i pitanje likvidnosti"
2023-03-06,"Hrvatske narodne banke tice se i pitanje likvidnosti"
2023-03-06,"HNB: pritisak na cijene hrane popusta"
2023-03-06,"Središnja banka upozorava na sekundarne učinke inflacije"
2023-03-06,"Turistička sezona nadmašila očekivanja"
2023-03-06,"Vujčić: inflacija se vraća prema cilju"
2023-03-06,"Guverner Vujčić o kretanju cijena u idućoj godini"
2023-03-06,"Hrvatske narodne banke tice se i pitanje likvidnosti"
2023-03-06,"Trgovci najavljuju poskupljenje osnovnih namirnica"
2023-03-06,"Ministarstvo financija objavilo prihode proračuna"
2023-03-06,"HNB: depoziti kucanstava i dalje rastu"
2023-03-06,"Sindikati traže povećanje minimalne plaće"
2023-03-06,"Sindikati traže povećanje minimalne plaće"
2023-03-06,"Središnjoj banci stigli novi podaci o kreditima kućanstava"
2023-03-06,"Poskupljenje električne energije od sljedećeg mjeseca"
2023-03-06,"Što središnja banka poručuje o inflacijskim očekivanjima"
2023-03-06,"HNB: depoziti kucanstava i dalje rastu"
2023-03-06,"Vlada produljila mjere ograničavanja cijena"
2023-03-06,"HNB objavio tjedni pregled deviznog trzista"
2023-03-06,"Analitičari očekuju usporavanje potrošnje"
2023-03-06,"Hrvatska narodna banka o rastu cijena energenata"
2023-03-06,"Vlada produljila mjere ograničavanja cijena"
2023-03-06,"Eurostat objavio nove podatke o zaposlenosti"
2023-03-06,"HNB: depoziti kucanstava i dalje rastu"
2023-03-13,"Ministarstvo financija objavilo prihode proračuna"
2023-03-13,"Hrvatska narodna banka o rastu cijena energenata"
2023-03-13,"Hrvatskoj narodnoj banci stigao novi set podataka"
2023-03-13,"Hrvatskoj narodnoj banci stigao novi set podataka"
2023-03-13,"Guverner Vujčić o kretanju cijena u idućoj godini"
2023-03-13,"Turistička sezona nadmašila očekivanja"
2023-03-13,"Vlada produljila mjere ograničavanja cijena"
2023-03-13,"Središnjoj banci stigli novi podaci o kreditima kućanstava"
2023-03-13,"Turistička sezona nadmašila očekivanja"
2023-03-13,"Turistička sezona nadmašila očekivanja"
2023-03-13,"Ministarstvo financija objavilo prihode proračuna"
2023-03-13,"Eurostat objavio nove podatke o zaposlenosti"
2023-03-13,"Hrvatskoj narodnoj banci stigao novi set podataka"
2023-03-13,"Guverner Vujčić o kretanju cijena u idućoj godini"
2023-03-13,"Poskupljenje električne energije od sljedećeg mjeseca"
2023-03-13,"Odluke središnje banke i cijene stambenih kredita"
2023-03-13,"HNB: pritisak na cijene hrane popusta"
2023-03-13,"Središnjoj banci stigli novi podaci o kreditima kućanstava"
2023-03-13,"Cijene goriva ponovno rastu na benzinskim postajama"
2023-03-13,"HNB: depoziti kucanstava i dalje rastu"
2023-03-13,"Što središnja banka poručuje o inflacijskim očekivanjima"
2023-03-13,"Eurostat objavio nove podatke o zaposlenosti"
2023-03-13,"Sindikati traže povećanje minimalne plaće"
2023-03-13,"Vujčić: inflacija se vraća prema cilju"
2023-03-13,"Analitičari očekuju usporavanje potrošnje"
2023-03-13,"HNB: depoziti kucanstava i dalje rastu"
2023-03-13,"HNB objavio tjedni pregled deviznog trzista"
2023-03-13,"HNB: depoziti kucanstava i dalje rastu"
2023-03-13,"Središnja banka upozorava na sekundarne učinke inflacije"
2023-03-13,"HNB objavio tjedni pregled deviznog trzista"
2023-03-13,"Središnjoj banci stigli novi podaci o kreditima kućanstava"
2023-03-13,"Središnjoj banci stigli novi podaci o kreditima kućanstava"
2023-03-13,"Hrvatske narodne banke tice se i pitanje likvidnosti"
2023-03-13,"Vujčić: inflacija se vraća prema cilju"
2023-03-13,"Turistička sezona nadmašila očekivanja"
2023-03-13,"Središnja banka upozorava na sekundarne učinke inflacije"
2023-03-13,"Eurostat objavio nove podatke o zaposlenosti"
2023-03-13,"HNB objavio tjedni pregled deviznog trzista"
2023-03-13,"HNB: depoziti kucanstava i dalje rastu"
2023-03-13,"Guverner najavio nove mjere za kreditni rast"
2023-03-13,"Poskupljenje električne energije od sljedećeg mjeseca"
2023-03-13,"Ministarstvo financija objavilo prihode proračuna"
2023-03-13,"Vujčić: inflacija se vraća prema cilju"
2023-03-13,"Ministarstvo financija objavilo prihode proračuna"
2023-03-13,"Cijene goriva ponovno rastu na benzinskim postajama"
2023-03-13,"Središnja banka objavila izvješće o financijskoj stabilnosti"
2023-03-13,"Hrvatskoj narodnoj banci stigao novi set podataka"
2023-03-13,"Trgovci najavljuju poskupljenje osnovnih namirnica"
2023-03-13,"HNB: pritisak na cijene hrane popusta"
2023-03-20,"Guverner najavio nove mjere za kreditni rast"
2023-03-20,"Analitičari očekuju usporavanje potrošnje"
2023-03-20,"Ministarstvo financija objavilo prihode proračuna"
2023-03-20,"Ministarstvo financija objavilo prihode proračuna"
2023-03-20,"Guvernerova ocjena inflacijskih očekivanja kućanstava"
2023-03-20,"Trgovci najavljuju poskupljenje osnovnih namirnica"
2023-03-20,"HNB objavio tjedni pregled deviznog trzista"
2023-03-20,"Cijene stanova u Zagrebu nastavile rast"
2023-03-20,"HNB: pritisak na cijene hrane popusta"
2023-03-20,"Vlada produljila mjere ograničavanja cijena"
2023-03-20,"Sindikati traže povećanje minimalne plaće"
2023-03-20,"HNB: pritisak na cijene hrane popusta"
2023-03-20,"Analitičari očekuju usporavanje potrošnje"
2023-03-20,"Poskupljenje električne energije od sljedećeg mjeseca"
2023-03-20,"Središnja banka upozorava na sekundarne učinke inflacije"
2023-03-20,"HNB: depoziti kucanstava i dalje rastu"
2023-03-20,"Guverner najavio nove mjere za kreditni rast"
2023-03-20,"HNB: depoziti kucanstava i dalje rastu"
2023-03-20,"Hrvatskoj narodnoj banci stigao novi set podataka"
2023-03-20,"Hrvatskoj narodnoj banci stigao novi set podataka"
2023-03-20,"Cijene goriva ponovno rastu na benzinskim postajama"
2023-03-20,"Hrvatske narodne banke tice se i pitanje likvidnosti"
2023-03-20,"Guverner najavio nove mjere za kreditni rast"
2023-03-20,"HNB objavio tjedni pregled deviznog trzista"
2023-03-20,"Odluke središnje banke i cijene stambenih kredita"
2023-03-20,"Eurostat objavio nove podatke o zaposlenosti"
2023-03-20,"Ministarstvo financija objavilo prihode proračuna"
2023-03-20,"HNB objavio tjedni pregled deviznog trzista"
2023-03-20,"HNB: depoziti kucanstava i dalje rastu"
2023-03-20,"Guvernerova ocjena inflacijskih očekivanja kućanstava"
2023-03-20,"Trgovci najavljuju poskupljenje osnovnih namirnica"
2023-03-20,"Ministarstvo financija objavilo prihode proračuna"
2023-03-20,"Hrvatska narodna banka o rastu cijena energenata"
2023-03-20,"Središnja banka objavila izvješće o financijskoj stabilnosti"
2023-03-20,"Što središnja banka poručuje o inflacijskim očekivanjima"
2023-03-20,"Odluke središnje banke i cijene stambenih kredita"
2023-03-20,"HNB: pritisak na cijene hrane popusta"
2023-03-20,"Hrvatske narodne banke tice se i pitanje likvidnosti"
2023-03-20,"Središnja banka procjenjuje učinke uvođenja eura"
2023-03-20,"Središnjoj banci stigli novi podaci o kreditima kućanstava"
2023-03-20,"HNB: pritisak na cijene hrane popusta"
2023-03-20,"Analitičari očekuju usporavanje potrošnje"
2023-03-20,"Poskupljenje električne energije od sljedećeg mjeseca"
2023-03-20,"Središnja banka upozorava na sekundarne učinke inflacije"
2023-03-20,"Analitičari očekuju usporavanje potrošnje"
2023-03-20,"Guverner najavio nove mjere za kreditni rast"
2023-03-20,"Analitičari očekuju usporavanje potrošnje"
2023-03-27,"Odluke središnje banke i cijene stambenih kredita"
2023-03-27,"HNB: depoziti kucanstava i dalje rastu"
2023-03-27,"Odluke središnje banke i cijene stambenih kredita"
2023-03-27,"Sindikati traže povećanje minimalne plaće"
2023-03-27,"Sindikati traže povećanje minimalne plaće"
2023-03-27,"Guverner Vujčić o kretanju cijena u idućoj godini"
2023-03-27,"Trgovci najavljuju poskupljenje osnovnih namirnica"
2023-03-27,"Eurostat objavio nove podatke o zaposlenosti"
2023-03-27,"Analitičari očekuju usporavanje potrošnje"
2023-03-27,"Ministarstvo financija objavilo prihode proračuna"
2023-03-27,"Cijene goriva ponovno rastu na benzinskim postajama"
2023-03-27,"Što središnja banka poručuje o inflacijskim očekivanjima"
2023-03-27,"Središnja banka upozorava na sekundarne učinke inflacije"
2023-03-27,"Odluke središnje banke i cijene stambenih kredita"
2023-03-27,"Eurostat objavio nove podatke o zaposlenosti"
2023-03-27,"Guverner najavio nove mjere za kreditni rast"
2023-03-27,"HNB objavio tjedni pregled deviznog trzista"
2023-03-27,"Cijene stanova u Zagrebu nastavile rast"
2023-03-27,"Hrvatske narodne banke tice se i pitanje likvidnosti"
2023-03-27,"Guvernerova ocjena inflacijskih očekivanja kućanstava"
2023-03-27,"Turistička sezona nadmašila očekivanja"
2023-03-27,"Cijene goriva ponovno rastu na benzinskim postajama"
2023-03-27,"Hrvatska narodna banka o rastu cijena energenata"
2023-03-27,"Središnja banka objavila izvješće o financijskoj stabilnosti"
2023-03-27,"Guvernerova ocjena inflacijskih očekivanja kućanstava"
2023-03-27,"Središnja banka objavila izvješće o financijskoj stabilnosti"
2023-03-27,"Hrvatskoj narodnoj banci stigao novi set podataka"
2023-03-27,"Vlada produljila mjere ograničavanja cijena"
2023-03-27,"Središnjoj banci stigli novi podaci o kreditima kućanstava"
2023-03-27,"Poskupljenje električne energije od sljedećeg mjeseca"
2023-03-27,"Hrvatskoj narodnoj banci stigao novi set podataka"
2023-03-27,"Što središnja banka poručuje o inflacijskim očekivanjima"
2023-03-27,"Hrvatske narodne banke tice se i pitanje likvidnosti"
2023-03-27,"Sindikati traže povećanje minimalne plaće"
2023-03-27,"Guvernerova ocjena inflacijskih očekivanja kućanstava"
2023-03-27,"Hrvatskoj narodnoj banci stigao novi set podataka"
2023-03-27,"Turistička sezona nadmašila očekivanja"
2023-03-27,"Središnja banka objavila izvješće o financijskoj stabilnosti"
2023-03-27,"Cijene stanova u Zagrebu nastavile rast"
2023-03-27,"HNB: pritisak na cijene hrane popusta"
2023-03-27,"Što središnja banka poručuje o inflacijskim očekivanjima"
2023-04-03,"Vlada produljila mjere ograničavanja cijena"
2023-04-03,"HNB objavio tjedni pregled deviznog trzista"
2023-04-03,"Eurostat objavio nove podatke o zaposlenosti"
2023-04-03,"Trgovci najavljuju poskupljenje osnovnih namirnica"
2023-04-03,"Središnja banka upozorava na sekundarne učinke inflacije"
2023-04-03,"Eurostat objavio nove podatke o zaposlenosti"
2023-04-03,"Cijene stanova u Zagrebu nastavile rast"
2023-04-03,"Guverner Vujčić o kretanju cijena u idućoj godini"
2023-04-03,"HNB: depoziti kucanstava i dalje rastu"
2023-04-03,"Hrvatskoj narodnoj banci stigao novi set podataka"
2023-04-03,"Trgovci najavljuju poskupljenje osnovnih namirnica"
2023-04-03,"HNB objavio tjedni pregled deviznog trzista"
2023-04-03,"Središnja banka procjenjuje učinke uvođenja eura"
2023-04-03,"Vujčić: inflacija se vraća prema cilju"
2023-04-03,"Hrvatske narodne banke tice se i pitanje likvidnosti"
2023-04-03,"Hrvatske narodne banke tice se i pitanje likvidnosti"
2023-04-03,"Vujčić: inflacija se vraća prema cilju"
2023-04-03,"Vlada produljila mjere ograničavanja cijena"
2023-04-03,"Odluke središnje banke i cijene stambenih kredita"
2023-04-03,"HNB objavio tjedni pregled deviznog trzista"
2023-04-03,"Hrvatskoj narodnoj banci stigao novi set podataka"
2023-04-03,"Trgovci najavljuju poskupljenje osnovnih namirnica"
2023-04-03,"Vujčić: inflacija se vraća prema cilju"
2023-04-03,"Cijene stanova u Zagrebu nastavile rast"
2023-04-03,"Sindikati traže povećanje minimalne plaće"
2023-04-03,"Analitičari očekuju usporavanje potrošnje"
2023-04-03,"Odluke središnje banke i cijene stambenih kredita"
2023-04-03,"Hrvatske narodne banke tice se i pitanje likvidnosti"
2023-04-03,"Hrvatskoj narodnoj banci stigao novi set podataka"
2023-04-03,"Cijene stanova u Zagrebu nastavile rast"
2023-04-03,"HNB: depoziti kucanstava i dalje rastu"
2023-04-03,"Ministarstvo financija objavilo prihode proračuna"
2023-04-03,"Guverner Vujčić o kretanju cijena u idućoj godini"
2023-04-03,"Trgovci najavljuju poskupljenje osnovnih namirnica"
2023-04-03,"Ministarstvo financija objavilo prihode proračuna"
2023-04-03,"Analitičari očekuju usporavanje potrošnje"
2023-04-03,"Hrvatske narodne banke tice se i pitanje likvidnosti"
2023-04-03,"Hrvatska narodna banka o rastu cijena energenata"
2023-04-03,"Odluke središnje banke i cijene stambenih kredita"
2023-04-03,"Odluke središnje banke i cijene stambenih kredita"
2023-04-03,"Središnja banka upozorava na sekundarne učinke inflacije"
2023-04-10,"Guverner Vujčić o kretanju cijena u idućoj godini"
2023-04-10,"HNB: pritisak na cijene hrane popusta"
2023-04-10,"Hrvatske narodne banke tice se i pitanje likvidnosti"
2023-04-10,"Trgovci najavljuju poskupljenje osnovnih namirnica"
2023-04-10,"Središnja banka procjenjuje učinke uvođenja eura"
2023-04-10,"Turistička sezona nadmašila očekivanja"
2023-04-10,"Odluke središnje banke i cijene stambenih kredita"
2023-04-10,"Vujčić: inflacija se vraća prema cilju"
2023-04-10,"Turistička sezona nadmašila očekivanja"
2023-04-10,"Sindikati traže povećanje minimalne plaće"
2023-04-10,"Guvernerova ocjena inflacijskih očekivanja kućanstava"
2023-04-10,"Eurostat objavio nove podatke o zaposlenosti"
2023-04-10,"HNB: pritisak na cijene hrane popusta"
2023-04-10,"Vlada produljila mjere ograničavanja cijena"
2023-04-10,"Što središnja banka poručuje o inflacijskim očekivanjima"
2023-04-10,"HNB: pritisak na cijene hrane popusta"
2023-04-10,"Eurostat objavio nove podatke o zaposlenosti"
2023-04-10,"Odluke središnje banke i cijene stambenih kredita"
2023-04-10,"Eurostat objavio nove podatke o zaposlenosti"
2023-04-10,"Hrvatska narodna banka o rastu cijena energenata"
2023-04-10,"Cijene stanova u Zagrebu nastavile rast"
2023-04-10,"Ministarstvo financija objavilo prihode proračuna"
2023-04-10,"Odluke središnje banke i cijene stambenih kredita"
2023-04-10,"Hrvatskoj narodnoj banci stigao novi set podataka"
2023-04-10,"Turistička sezona nadmašila očekivanja"
2023-04-10,"Trgovci najavljuju poskupljenje osnovnih namirnica"
2023-04-10,"Hrvatske narodne banke tice se i pitanje likvidnosti"
2023-04-10,"Hrvatske narodne banke tice se i pitanje likvidnosti"
2023-04-10,"Analitičari očekuju usporavanje potrošnje"
2023-04-10,"HNB objavio tjedni pregled deviznog trzista"
2023-04-10,"Središnja banka objavila izvješće o financijskoj stabilnosti"
2023-04-10,"Središnja banka procjenjuje učinke uvođenja eura"
2023-04-10,"Središnja banka upozorava na sekundarne učinke inflacije"
2023-04-10,"Cijene goriva ponovno rastu na benzinskim postajama"
2023-04-10,"HNB objavio tjedni pregled deviznog trzista"
2023-04-10,"Guvernerova ocjena inflacijskih očekivanja kućanstava"
2023-04-10,"Poskupljenje električne energije od sljedećeg mjeseca"
2023-04-10,"Trgovci najavljuju poskupljenje osnovnih namirnica"
2023-04-10,"Hrvatska narodna banka o rastu cijena energenata"
2023-04-10,"Cijene goriva ponovno rastu na benzinskim postajama"
2023-04-10,"Guverner najavio nove mjere za kreditni rast"
2023-04-10,"Središnjoj banci stigli novi podaci o kreditima kućanstava"
2023-04-10,"Vujčić: inflacija se vraća prema cilju"
2023-04-10,"Hrvatske narodne banke tice se i pitanje likvidnosti"
2023-04-10,"Što središnja banka poručuje o inflacijskim očekivanjima"
2023-04-10,"Cijene stanova u Zagrebu nastavile rast"
2023-04-10,"Središnja banka procjenjuje učinke uvođenja eura"
2023-04-17,"Hrvatska narodna banka o rastu cijena energenata"
2023-04-17,"HNB: depoziti kucanstava i dalje rastu"
2023-04-17,"Hrvatska narodna banka o rastu cijena energenata"
2023-04-17,"HNB objavio tjedni pregled deviznog trzista"
2023-04-17,"Središnjoj banci stigli novi podaci o kreditima kućanstava"
2023-04-17,"Što središnja banka poručuje o inflacijskim očekivanjima"
2023-04-17,"Cijene goriva ponovno rastu na benzinskim postajama"
2023-04-17,"Središnja banka objavila izvješće o financijskoj stabilnosti"
2023-04-17,"Guvernerova ocjena inflacijskih očekivanja kućanstava"
2023-04-17,"Guvernerova ocjena inflacijskih očekivanja kućanstava"
2023-04-17,"Središnjoj banci stigli novi podaci o kreditima kućanstava"
2023-04-17,"Poskupljenje električne energije od sljedećeg mjeseca"
2023-04-17,"Cijene stanova u Zagrebu nastavile rast"
2023-04-17,"HNB objavio tjedni pregled deviznog trzista"
2023-04-17,"Turistička sezona nadmašila očekivanja"
2023-04-17,"Poskupljenje električne energije od sljedećeg mjeseca"
2023-04-17,"Hrvatskoj narodnoj banci stigao novi set podataka"
2023-04-17,"Sindikati traže povećanje minimalne plaće"
2023-04-17,"Cijene goriva ponovno rastu na benzinskim postajama"
2023-04-17,"Cijene stanova u Zagrebu nastavile rast"
2023-04-17,"Eurostat objavio nove podatke o zaposlenosti"
2023-04-17,"Središnja banka procjenjuje učinke uvođenja eura"
2023-04-17,"Eurostat objavio nove podatke o zaposlenosti"
2023-04-17,"Analitičari očekuju usporavanje potrošnje"
2023-04-17,"Analitičari očekuju usporavanje potrošnje"
2023-04-17,"Hrvatske narodne banke tice se i pitanje likvidnosti"
2023-04-17,"Cijene goriva ponovno rastu na benzinskim postajama"
2023-04-17,"Hrvatska narodna banka o rastu cijena energenata"
2023-04-17,"Središnja banka procjenjuje učinke uvođenja eura"
2023-04-17,"Guvernerova ocjena inflacijskih očekivanja kućanstava"
2023-04-17,"Središnja banka objavila izvješće o financijskoj stabilnosti"
2023-04-17,"Hrvatske narodne banke tice se i pitanje likvidnosti"
2023-04-17,"HNB objavio tjedni pregled deviznog trzista"
2023-04-17,"Središnja banka objavila izvješće o financijskoj stabilnosti"
2023-04-17,"Guverner Vujčić o kretanju cijena u idućoj godini"
2023-04-17,"Cijene stanova u Zagrebu nastavile rast"
2023-04-17,"Vlada produljila mjere ograničavanja cijena"
2023-04-17,"Guverner najavio nove mjere za kreditni rast"
2023-04-17,"HNB objavio tjedni pregled deviznog trzista"
2023-04-17,"Odluke središnje banke i cijene stambenih kredita"
2023-04-17,"HNB objavio tjedni pregled deviznog trzista"
2023-04-17,"Ministarstvo financija objavilo prihode proračuna"
2023-04-17,"Cijene goriva ponovno rastu na benzinskim postajama"
2023-04-24,"Vlada produljila mjere ograničavanja cijena"
2023-04-24,"Guverner Vujčić o kretanju cijena u idućoj godini"
2023-04-24,"Guverner Vujčić o kretanju cijena u idućoj godini"
2023-04-24,"Vlada produljila mjere ograničavanja cijena"
2023-04-24,"Hrvatskoj narodnoj banci stigao novi set podataka"
2023-04-24,"HNB: depoziti kucanstava i dalje rastu"
2023-04-24,"Hrvatskoj narodnoj banci stigao novi set podataka"
2023-04-24,"Eurostat objavio nove podatke o zaposlenosti"
2023-04-24,"Cijene stanova u Zagrebu nastavile rast"
2023-04-24,"Središnja banka objavila izvješće o financijskoj stabilnosti"
2023-04-24,"HNB objavio tjedni pregled deviznog trzista"
2023-04-24,"Središnja banka objavila izvješće o financijskoj stabilnosti"
2023-04-24,"Hrvatska narodna banka o rastu cijena energenata"
2023-04-24,"Poskupljenje električne energije od sljedećeg mjeseca"
2023-04-24,"HNB: pritisak na cijene hrane popusta"
2023-04-24,"HNB objavio tjedni pregled deviznog trzista"
2023-04-24,"Turistička sezona nadmašila očekivanja"
2023-04-24,"Cijene goriva ponovno rastu na benzinskim postajama"
2023-04-24,"Hrvatska narodna banka o rastu cijena energenata"
2023-04-24,"Turistička sezona nadmašila očekivanja"
2023-04-24,"Vujčić: inflacija se vraća prema cilju"
2023-04-24,"Vlada produljila mjere ograničavanja cijena"
2023-04-24,"Cijene goriva ponovno rastu na benzinskim postajama"
2023-04-24,"Guverner Vujčić o kretanju cijena u idućoj godini"
2023-04-24,"Središnja banka procjenjuje učinke uvođenja eura"
2023-04-24,"Hrvatska narodna banka o rastu cijena energenata"
2023-04-24,"Odluke središnje banke i cijene stambenih kredita"
2023-04-24,"Poskupljenje električne energije od sljedećeg mjeseca"
2023-04-24,"Turistička sezona nadmašila očekivanja"
2023-04-24,"Analitičari očekuju usporavanje potrošnje"
2023-04-24,"Središnja banka procjenjuje učinke uvođenja eura"
2023-04-24,"Guverner Vujčić o kretanju cijena u idućoj godini"
2023-04-24,"Odluke središnje banke i cijene stambenih kredita"
2023-04-24,"Hrvatska narodna banka o rastu cijena energenata"
2023-04-24,"Središnja banka objavila izvješće o financijskoj stabilnosti"
2023-04-24,"HNB objavio tjedni pregled deviznog trzista"
2023-04-24,"Ministarstvo financija objavilo prihode proračuna"
2023-04-24,"Poskupljenje električne energije od sljedećeg mjeseca"
2023-04-24,"HNB: depoziti kucanstava i dalje rastu"
2023-04-24,"Ministarstvo financija objavilo prihode proračuna"
2023-04-24,"Sindikati traže povećanje minimalne plaće"
2023-04-24,"Središnjoj banci stigli novi podaci o kreditima kućanstava"
2023-04-24,"Trgovci najavljuju poskupljenje osnovnih namirnica"
2023-04-24,"Središnjoj banci stigli novi podaci o kreditima kućanstava"
2023-04-24,"Vujčić: inflacija se vraća prema cilju"
2023-04-24,"Središnja banka upozorava na sekundarne učinke inflacije"
2023-05-01,"Vujčić: inflacija se vraća prema cilju"
2023-05-01,"Guvernerova ocjena inflacijskih očekivanja kućanstava"
2023-05-01,"Eurostat objavio nove podatke o zaposlenosti"
2023-05-01,"Ministarstvo financija objavilo prihode proračuna"
2023-05-01,"HNB: pritisak na cijene hrane popusta"
2023-05-01,"Središnjoj banci stigli novi podaci o kreditima kućanstava"
2023-05-01,"HNB objavio tjedni pregled deviznog trzista"
2023-05-01,"Poskupljenje električne energije od sljedećeg mjeseca"
2023-05-01,"Odluke središnje banke i cijene stambenih kredita"
2023-05-01,"Sindikati traže povećanje minimalne plaće"
2023-05-01,"HNB: depoziti kucanstava i dalje rastu"
2023-05-01,"Središnja banka objavila izvješće o financijskoj stabilnosti"
2023-05-01,"Guvernerova ocjena inflacijskih očekivanja kućanstava"
2023-05-01,"Ministarstvo financija objavilo prihode proračuna"
2023-05-01,"HNB: pritisak na cijene hrane popusta"
2023-05-01,"Središnja banka objavila izvješće o financijskoj stabilnosti"
2023-05-01,"Sindikati traže povećanje minimalne plaće"
2023-05-01,"Sindikati traže povećanje minimalne plaće"
2023-05-01,"Eurostat objavio nove podatke o zaposlenosti"
2023-05-01,"Sindikati traže povećanje minimalne plaće"
2023-05-01,"Hrvatske narodne banke tice se i pitanje likvidnosti"
2023-05-01,"Odluke središnje banke i cijene stambenih kredita"
2023-05-01,"HNB: pritisak na cijene hrane popusta"
2023-05-01,"Što središnja banka poručuje o inflacijskim očekivanjima"
2023-05-01,"Hrvatske narodne banke tice se i pitanje likvidnosti"
2023-05-01,"HNB: pritisak na cijene hrane popusta"
2023-05-01,"Vlada produljila mjere ograničavanja cijena"
2023-05-01,"Cijene goriva ponovno rastu na benzinskim postajama"
2023-05-01,"Središnja banka upozorava na sekundarne učinke inflacije"
2023-05-01,"Cijene goriva ponovno rastu na benzinskim postajama"
2023-05-01,"HNB: depoziti kucanstava i dalje rastu"
2023-05-01,"Poskupljenje električne energije od sljedećeg mjeseca"
2023-05-01,"Eurostat objavio nove podatke o zaposlenosti"
2023-05-01,"Središnjoj banci stigli novi podaci o kreditima kućanstava"
2023-05-01,"Guvernerova ocjena inflacijskih očekivanja kućanstava"
2023-05-08,"Guverner najavio nove mjere za kreditni rast"
2023-05-08,"HNB: depoziti kucanstava i dalje rastu"
2023-05-08,"Središnja banka objavila izvješće o financijskoj stabilnosti"
2023-05-08,"Poskupljenje električne energije od sljedećeg mjeseca"
2023-05-08,"Vujčić: inflacija se vraća prema cilju"
2023-05-08,"Središnjoj banci stigli novi podaci o kreditima kućanstava"
2023-05-08,"Trgovci najavljuju poskupljenje osnovnih namirnica"
2023-05-08,"Vujčić: inflacija se vraća prema cilju"
2023-05-08,"Vlada produljila mjere ograničavanja cijena"
2023-05-08,"Analitičari očekuju usporavanje potrošnje"
2023-05-08,"Što središnja banka poručuje o inflacijskim očekivanjima"
2023-05-08,"Središnja banka procjenjuje učinke uvođenja eura"
2023-05-08,"Ministarstvo financija objavilo prihode proračuna"
2023-05-08,"Guverner Vujčić o kretanju cijena u idućoj godini"
2023-05-08,"Turistička sezona nadmašila očekivanja"
2023-05-08,"Guverner Vujčić o kretanju cijena u idućoj godini"
2023-05-08,"Vlada produljila mjere ograničavanja cijena"
2023-05-08,"Što središnja banka poručuje o inflacijskim očekivanjima"
2023-05-08,"Središnjoj banci stigli novi podaci o kreditima kućanstava"
2023-05-08,"HNB: pritisak na cijene hrane popusta"
2023-05-08,"Odluke središnje banke i cijene stambenih kredita"
2023-05-08,"HNB: pritisak na cijene hrane popusta"
2023-05-08,"Središnja banka objavila izvješće o financijskoj stabilnosti"
2023-05-08,"Sindikati traže povećanje minimalne plaće"
2023-05-08,"Ministarstvo financija objavilo prihode proračuna"
2023-05-08,"Središnja banka upozorava na sekundarne učinke inflacije"
2023-05-08,"Središnja banka upozorava na sekundarne učinke inflacije"
2023-05-08,"Što središnja banka poručuje o inflacijskim očekivanjima"
2023-05-08,"Središnjoj banci stigli novi podaci o kreditima kućanstava"
2023-05-08,"Turistička sezona nadmašila očekivanja"
2023-05-08,"Guverner najavio nove mjere za kreditni rast"
2023-05-08,"HNB objavio tjedni pregled deviznog trzista"
2023-05-08,"Poskupljenje električne energije od sljedećeg mjeseca"
2023-05-08,"HNB objavio tjedni pregled deviznog trzista"
2023-05-08,"Središnja banka upozorava na sekundarne učinke inflacije"
2023-05-08,"HNB: pritisak na cijene hrane popusta"
2023-05-08,"Turistička sezona nadmašila očekivanja"
2023-05-08,"Vlada produljila mjere ograničavanja cijena"
2023-05-08,"Turistička sezona nadmašila očekivanja"
2023-05-08,"Ministarstvo financija objavilo prihode proračuna"
2023-05-08,"Što središnja banka poručuje o inflacijskim očekivanjima"
2023-05-08,"Eurostat objavio nove podatke o zaposlenosti"
2023-05-08,"Poskupljenje električne energije od sljedećeg mjeseca"
2023-05-08,"Središnja banka objavila izvješće o financijskoj stabilnosti"
2023-05-08,"Središnja banka procjenjuje učinke uvođenja eura"
2023-05-08,"Cijene goriva ponovno rastu na benzinskim postajama"
2023-05-15,"Eurostat objavio nove podatke o zaposlenosti"
2023-05-15,"Vlada produljila mjere ograničavanja cijena"
2023-05-15,"Analitičari očekuju usporavanje potrošnje"
2023-05-15,"Hrvatske narodne banke tice se i pitanje likvidnosti"
2023-05-15,"Vlada produljila mjere ograničavanja cijena"
2023-05-15,"HNB: pritisak na cijene hrane popusta"
2023-05-15,"Središnja banka procjenjuje učinke uvođenja eura"
2023-05-15,"Turistička sezona nadmašila očekivanja"
2023-05-15,"Središnjoj banci stigli novi podaci o kreditima kućanstava"
2023-05-15,"Središnja banka objavila izvješće o financijskoj stabilnosti"
2023-05-15,"Središnja banka procjenjuje učinke uvođenja eura"
2023-05-15,"Središnja banka objavila izvješće o financijskoj stabilnosti"
2023-05-15,"Središnja banka upozorava na sekundarne učinke inflacije"
2023-05-15,"Eurostat objavio nove podatke o zaposlenosti"
2023-05-15,"Sindikati traže povećanje minimalne plaće"
2023-05-15,"Ministarstvo financija objavilo prihode proračuna"
2023-05-15,"Trgovci najavljuju poskupljenje osnovnih namirnica"
2023-05-15,"Guverner Vujčić o kretanju cijena u idućoj godini"
2023-05-15,"Hrvatska narodna banka o rastu cijena energenata"
2023-05-15,"Analitičari očekuju usporavanje potrošnje"
2023-05-15,"Cijene stanova u Zagrebu nastavile rast"
2023-05-15,"Guverner Vujčić o kretanju cijena u idućoj godini"
2023-05-15,"Vlada produljila mjere ograničavanja cijena"
2023-05-15,"Guvernerova ocjena inflacijskih očekivanja kućanstava"
2023-05-15,"Trgovci najavljuju poskupljenje osnovnih namirnica"
2023-05-15,"Odluke središnje banke i cijene stambenih kredita"
2023-05-15,"HNB: pritisak na cijene hrane popusta"
2023-05-15,"Sindikati traže povećanje minimalne plaće"
2023-05-15,"Hrvatske narodne banke tice se i pitanje likvidnosti"
2023-05-15,"Trgovci najavljuju poskupljenje osnovnih namirnica"
2023-05-15,"Središnjoj banci stigli novi podaci o kreditima kućanstava"
2023-05-15,"Guverner Vujčić o kretanju cijena u idućoj godini"
2023-05-15,"HNB: pritisak na cijene hrane popusta"
2023-05-15,"Guverner Vujčić o kretanju cijena u idućoj godini"
2023-05-15,"Središnja banka procjenjuje učinke uvođenja eura"
2023-05-15,"Središnjoj banci stigli novi podaci o kreditima kućanstava"
2023-05-15,"Analitičari očekuju usporavanje potrošnje"
2023-05-15,"Središnja banka objavila izvješće o financijskoj stabilnosti"
2023-05-15,"Turistička sezona nadmašila očekivanja"
2023-05-15,"HNB: depoziti kucanstava i dalje rastu"
2023-05-15,"Središnja banka procjenjuje učinke uvođenja eura"
2023-05-15,"HNB: depoziti kucanstava i dalje rastu"
2023-05-15,"Hrvatska narodna banka o rastu cijena energenata"
2023-05-15,"Središnja banka upozorava na sekundarne učinke inflacije"
2023-05-15,"Eurostat objavio nove podatke o zaposlenosti"
2023-05-15,"Guverner Vujčić o kretanju cijena u idućoj godini"
2023-05-22,"Što središnja banka poručuje o inflacijskim očekivanjima"
2023-05-22,"Vlada produljila mjere ograničavanja cijena"
2023-05-22,"Središnjoj banci stigli novi podaci o kreditima kućanstava"
2023-05-22,"Hrvatskoj narodnoj banci stigao novi set podataka"
2023-05-22,"Središnja banka procjenjuje učinke uvođenja eura"
2023-05-22,"Cijene stanova u Zagrebu nastavile rast"
2023-05-22,"Guvernerova ocjena inflacijskih očekivanja kućanstava"
2023-05-22,"Središnja banka objavila izvješće o financijskoj stabilnosti"
2023-05-22,"Hrvatska narodna banka o rastu cijena energenata"
2023-05-22,"Hrvatskoj narodnoj banci stigao novi set podataka"
2023-05-22,"Trgovci najavljuju poskupljenje osnovnih namirnica"
2023-05-22,"Ministarstvo financija objavilo prihode proračuna"
2023-05-22,"HNB objavio tjedni pregled deviznog trzista"
2023-05-22,"Vujčić: inflacija se vraća prema cilju"
2023-05-22,"Vlada produljila mjere ograničavanja cijena"
2023-05-22,"Središnja banka objavila izvješće o financijskoj stabilnosti"
2023-05-22,"Hrvatske narodne banke tice se i pitanje likvidnosti"
2023-05-22,"Središnjoj banci stigli novi podaci o kreditima kućanstava"
2023-05-22,"Hrvatska narodna banka o rastu cijena energenata"
2023-05-22,"HNB: depoziti kucanstava i dalje rastu"
2023-05-22,"Trgovci najavljuju poskupljenje osnovnih namirnica"
2023-05-22,"Što središnja banka poručuje o inflacijskim očekivanjima"
2023-05-22,"Vlada produljila mjere ograničavanja cijena"
2023-05-22,"Guverner najavio nove mjere za kreditni rast"
2023-05-22,"HNB: pritisak na cijene hrane popusta"
2023-05-22,"Turistička sezona nadmašila očekivanja"
2023-05-22,"Što središnja banka poručuje o inflacijskim očekivanjima"
2023-05-22,"Guvernerova ocjena inflacijskih očekivanja kućanstava"
2023-05-22,"Ministarstvo financija objavilo prihode proračuna"
2023-05-22,"Ministarstvo financija objavilo prihode proračuna"
2023-05-22,"Hrvatske narodne banke tice se i pitanje likvidnosti"
2023-05-22,"Što središnja banka poručuje o inflacijskim očekivanjima"
2023-05-22,"Vujčić: inflacija se vraća prema cilju"
2023-05-22,"Turistička sezona nadmašila očekivanja"
2023-05-22,"Sindikati traže povećanje minimalne plaće"
2023-05-22,"Turistička sezona nadmašila očekivanja"
2023-05-22,"Turistička sezona nadmašila očekivanja"
2023-05-22,"Vlada produljila mjere ograničavanja cijena"
2023-05-22,"Središnjoj banci stigli novi podaci o kreditima kućanstava"
2023-05-22,"Turistička sezona nadmašila očekivanja"
2023-05-22,"Središnja banka upozorava na sekundarne učinke inflacije"
2023-05-22,"Hrvatska narodna banka o rastu cijena energenata"
2023-05-22,"Guverner najavio nove mjere za kreditni rast"
2023-05-22,"Cijene stanova u Zagrebu nastavile rast"
2023-05-22,"Odluke središnje banke i cijene stambenih kredita"
2023-05-22,"Hrvatske narodne banke tice se i pitanje likvidnosti"
2023-05-22,"Cijene goriva ponovno rastu na benzinskim postajama"
2023-05-22,"Ministarstvo financija objavilo prihode proračuna"
2023-05-22,"Što središnja banka poručuje o inflacijskim očekivanjima"
2023-05-29,"Ministarstvo financija objavilo prihode proračuna"
2023-05-29,"Eurostat objavio nove podatke o zaposlenosti"
2023-05-29,"Trgovci najavljuju poskupljenje osnovnih namirnica"
2023-05-29,"Vujčić: inflacija se vraća prema cilju"
2023-05-29,"HNB: depoziti kucanstava i dalje rastu"
2023-05-29,"Trgovci najavljuju poskupljenje osnovnih namirnica"
2023-05-29,"Guverner najavio nove mjere za kreditni rast"
2023-05-29,"Ministarstvo financija objavilo prihode proračuna"
2023-05-29,"Vlada produljila mjere ograničavanja cijena"
2023-05-29,"Središnjoj banci stigli novi podaci o kreditima kućanstava"
2023-05-29,"HNB: depoziti kucanstava i dalje rastu"
2023-05-29,"HNB: pritisak na cijene hrane popusta"
2023-05-29,"Središnja banka upozorava na sekundarne učinke inflacije"
2023-05-29,"Sindikati traže povećanje minimalne plaće"
2023-05-29,"Središnja banka objavila izvješće o financijskoj stabilnosti"
2023-05-29,"HNB: pritisak na cijene hrane popusta"
2023-05-29,"Središnja banka objavila izvješće o financijskoj stabilnosti"
2023-05-29,"Središnja banka procjenjuje učinke uvođenja eura"
2023-05-29,"HNB objavio tjedni pregled deviznog trzista"
2023-05-29,"HNB: pritisak na cijene hrane popusta"
2023-05-29,"Vujčić: inflacija se vraća prema cilju"
2023-05-29,"Cijene stanova u Zagrebu nastavile rast"
2023-05-29,"HNB objavio tjedni pregled deviznog trzista"
2023-05-29,"HNB objavio tjedni pregled deviznog trzista"
2023-05-29,"Središnja banka upozorava na sekundarne učinke inflacije"
2023-05-29,"Središnja banka objavila izvješće o financijskoj stabilnosti"
2023-05-29,"HNB: pritisak na cijene hrane popusta"
2023-05-29,"Cijene stanova u Zagrebu nastavile rast"
2023-05-29,"Cijene stanova u Zagrebu nastavile rast"
2023-05-29,"HNB: pritisak na cijene hrane popusta"
2023-05-29,"Eurostat objavio nove podatke o zaposlenosti"
2023-05-29,"Poskupljenje električne energije od sljedećeg mjeseca"
2023-05-29,"Analitičari očekuju usporavanje potrošnje"
2023-05-29,"Poskupljenje električne energije od sljedećeg mjeseca"
2023-05-29,"Hrvatska narodna banka o rastu cijena energenata"
2023-05-29,"Hrvatska narodna banka o rastu cijena energenata"
2023-05-29,"Hrvatske narodne banke tice se i pitanje likvidnosti"
2023-05-29,"Središnjoj banci stigli novi podaci o kreditima kućanstava"
2023-05-29,"Središnjoj banci stigli novi podaci o kreditima kućanstava"
2023-05-29,"Cijene goriva ponovno rastu na benzinskim postajama"
2023-05-29,"Središnja banka objavila izvješće o financijskoj stabilnosti"
2023-05-29,"Eurostat objavio nove podatke o zaposlenosti"
2023-05-29,"Ministarstvo financija objavilo prihode proračuna"
2023-05-29,"Poskupljenje električne energije od sljedećeg mjeseca"
2023-05-29,"Ministarstvo financija objavilo prihode proračuna"
2023-05-29,"Središnjoj banci stigli novi podaci o kreditima kućanstava"
2023-05-29,"Središnja banka upozorava na sekundarne učinke inflacije"
2023-05-29,"Guvernerova ocjena inflacijskih očekivanja kućanstava"
2023-05-29,"HNB: pritisak na cijene hrane popusta"
2023-05-29,"Središnjoj banci stigli novi podaci o kreditima kućanstava"
2023-05-29,"Odluke središnje banke i cijene stambenih kredita"
2023-05-29,"Turistička sezona nadmašila očekivanja"
2023-05-29,"Guverner najavio nove mjere za kreditni rast"
2023-05-29,"HNB: depoziti kucanstava i dalje rastu"
2023-05-29,"Guverner Vujčić o kretanju cijena u idućoj godini"
2023-05-29,"Sindikati traže povećanje minimalne plaće"
2023-05-29,"Guvernerova ocjena inflacijskih očekivanja kućanstava"
2023-05-29,"Vlada produljila mjere ograničavanja cijena"
2023-05-29,"Cijene stanova u Zagrebu nastavile rast"
2023-06-05,"Odluke središnje banke i cijene stambenih kredita"
2023-06-05,"HNB objavio tjedni pregled deviznog trzista"
2023-06-05,"Vujčić: inflacija se vraća prema cilju"
2023-06-05,"HNB: depoziti kucanstava i dalje rastu"
2023-06-05,"Trgovci najavljuju poskupljenje osnovnih namirnica"
2023-06-05,"Poskupljenje električne energije od sljedećeg mjeseca"
2023-06-05,"Sindikati traže povećanje minimalne plaće"
2023-06-05,"Središnja banka upozorava na sekundarne učinke inflacije"
2023-06-05,"Eurostat objavio nove podatke o zaposlenosti"
2023-06-05,"Ministarstvo financija objavilo prihode proračuna"
2023-06-05,"Središnjoj banci stigli novi podaci o kreditima kućanstava"
2023-06-05,"Analitičari očekuju usporavanje potrošnje"
2023-06-05,"Vlada produljila mjere ograničavanja cijena"
2023-06-05,"Hrvatske narodne banke tice se i pitanje likvidnosti"
2023-06-05,"Hrvatske narodne banke tice se i pitanje likvidnosti"
2023-06-05,"Trgovci najavljuju poskupljenje osnovnih namirnica"
2023-06-05,"Trgovci najavljuju poskupljenje osnovnih namirnica"
2023-06-05,"Ministarstvo financija objavilo prihode proračuna"
2023-06-05,"Središnja banka upozorava na sekundarne učinke inflacije"
2023-06-05,"HNB objavio tjedni pregled deviznog trzista"
2023-06-05,"HNB objavio tjedni pregled deviznog trzista"
2023-06-05,"Središnjoj banci stigli novi podaci o kreditima kućanstava"
2023-06-05,"HNB: depoziti kucanstava i dalje rastu"
2023-06-05,"HNB: pritisak na cijene hrane popusta"
2023-06-05,"Vujčić: inflacija se vraća prema cilju"
2023-06-05,"Središnjoj banci stigli novi podaci o kreditima kućanstava"
2023-06-05,"Eurostat objavio nove podatke o zaposlenosti"
2023-06-05,"Ministarstvo financija objavilo prihode proračuna"
2023-06-05,"Guvernerova ocjena inflacijskih očekivanja kućanstava"
2023-06-05,"Hrvatska narodna banka o rastu cijena energenata"
2023-06-05,"Što središnja banka poručuje o inflacijskim očekivanjima"
2023-06-05,"Turistička sezona nadmašila očekivanja"
2023-06-05,"Hrvatskoj narodnoj banci stigao novi set podataka"
2023-06-05,"Cijene stanova u Zagrebu nastavile rast"
2023-06-05,"Vujčić: inflacija se vraća prema cilju"
2023-06-05,"Središnja banka upozorava na sekundarne učinke inflacije"
2023-06-05,"Hrvatske narodne banke tice se i pitanje likvidnosti"
2023-06-05,"Turistička sezona nadmašila očekivanja"
2023-06-05,"Eurostat objavio nove podatke o zaposlenosti"
2023-06-05,"Središnja banka upozorava na sekundarne učinke inflacije"
2023-06-05,"Guverner najavio nove mjere za kreditni rast"
2023-06-05,"Hrvatska narodna banka o rastu cijena energenata"
2023-06-05,"Guvernerova ocjena inflacijskih očekivanja kućanstava"
2023-06-05,"Cijene stanova u Zagrebu nastavile rast"
2023-06-05,"Središnja banka procjenjuje učinke uvođenja eura"
2023-06-05,"Cijene goriva ponovno rastu na benzinskim postajama"
2023-06-05,"Trgovci najavljuju poskupljenje osnovnih namirnica"
2023-06-05,"Eurostat objavio nove podatke o zaposlenosti"
2023-06-05,"Cijene goriva ponovno rastu na benzinskim postajama"
2023-06-05,"Središnja banka procjenjuje učinke uvođenja eura"
2023-06-05,"HNB: depoziti kucanstava i dalje rastu"
2023-06-05,"Središnja banka objavila izvješće o financijskoj stabilnosti"
2023-06-05,"Središnja banka upozorava na sekundarne učinke inflacije"
2023-06-05,"Guverner najavio nove mjere za kreditni rast"
2023-06-05,"Vujčić: inflacija se vraća prema cilju"
2023-06-05,"Odluke središnje banke i cijene stambenih kredita"
2023-06-05,"Hrvatska narodna banka o rastu cijena energenata"
2023-06-05,"Eurostat objavio nove podatke o zaposlenosti"
2023-06-05,"Trgovci najavljuju poskupljenje osnovnih namirnica"
2023-06-05,"Eurostat objavio nove podatke o zaposlenosti"
2023-06-05,"HNB objavio tjedni pregled deviznog trzista"
2023-06-05,"Središnja banka objavila izvješće o financijskoj stabilnosti"
2023-06-05,"Hrvatska narodna banka o rastu cijena energenata"
2023-06-05,"Cijene goriva ponovno rastu na benzinskim postajama"
2023-06-12,"Vlada produljila mjere ograničavanja cijena"
2023-06-12,"Hrvatske narodne banke tice se i pitanje likvidnosti"
2023-06-12,"Središnja banka procjenjuje učinke uvođenja eura"
2023-06-12,"Vlada produljila mjere ograničavanja cijena"
2023-06-12,"Guverner najavio nove mjere za kreditni rast"
2023-06-12,"Guvernerova ocjena inflacijskih očekivanja kućanstava"
2023-06-12,"Cijene goriva ponovno rastu na benzinskim postajama"
2023-06-12,"Ministarstvo financija objavilo prihode proračuna"
2023-06-12,"Središnja banka objavila izvješće o financijskoj stabilnosti"
2023-06-12,"Cijene goriva ponovno rastu na benzinskim postajama"
2023-06-12,"HNB: depoziti kucanstava i dalje rastu"
2023-06-12,"Guverner Vujčić o kretanju cijena u idućoj godini"
2023-06-12,"Sindikati traže povećanje minimalne plaće"
2023-06-12,"Trgovci najavljuju poskupljenje osnovnih namirnica"
2023-06-12,"Poskupljenje električne energije od sljedećeg mjeseca"
2023-06-12,"Cijene stanova u Zagrebu nastavile rast"
2023-06-12,"Središnja banka upozorava na sekundarne učinke inflacije"
2023-06-12,"Odluke središnje banke i cijene stambenih kredita"
2023-06-12,"Trgovci najavljuju poskupljenje osnovnih namirnica"
2023-06-12,"HNB objavio tjedni pregled deviznog trzista"
2023-06-12,"Eurostat objavio nove podatke o zaposlenosti"
2023-06-12,"Središnja banka upozorava na sekundarne učinke inflacije"
2023-06-12,"Analitičari očekuju usporavanje potrošnje"
2023-06-12,"Ministarstvo financija objavilo prihode proračuna"
2023-06-12,"Guverner najavio nove mjere za kreditni rast"
2023-06-12,"Hrvatskoj narodnoj banci stigao novi set podataka"
2023-06-12,"Vujčić: inflacija se vraća prema cilju"
2023-06-12,"Središnja banka procjenjuje učinke uvođenja eura"
2023-06-12,"Cijene goriva ponovno rastu na benzinskim postajama"
2023-06-12,"Što središnja banka poručuje o inflacijskim očekivanjima"
2023-06-12,"Ministarstvo financija objavilo prihode proračuna"
2023-06-12,"Odluke središnje banke i cijene stambenih kredita"
2023-06-12,"Hrvatska narodna banka o rastu cijena energenata"
2023-06-12,"Hrvatska narodna banka o rastu cijena energenata"
2023-06-12,"Analitičari očekuju usporavanje potrošnje"
2023-06-12,"Eurostat objavio nove podatke o zaposlenosti"
2023-06-12,"Hrvatska narodna banka o rastu cijena energenata"
2023-06-12,"Hrvatske narodne banke tice se i pitanje likvidnosti"
2023-06-12,"Središnja banka objavila izvješće o financijskoj stabilnosti"
2023-06-12,"HNB objavio tjedni pregled deviznog trzista"
2023-06-12,"Ministarstvo financija objavilo prihode proračuna"
2023-06-12,"Cijene goriva ponovno rastu na benzinskim postajama"
2023-06-12,"Guvernerova ocjena inflacijskih očekivanja kućanstava"
2023-06-12,"Hrvatskoj narodnoj banci stigao novi set podataka"
2023-06-12,"HNB objavio tjedni pregled deviznog trzista"
2023-06-12,"Što središnja banka poručuje o inflacijskim očekivanjima"
2023-06-12,"HNB: pritisak na cijene hrane popusta"
2023-06-12,"Hrvatska narodna banka o rastu cijena energenata"
2023-06-12,"Cijene stanova u Zagrebu nastavile rast"
2023-06-12,"Trgovci najavljuju poskupljenje osnovnih namirnica"
2023-06-12,"Središnja banka objavila izvješće o financijskoj stabilnosti"
2023-06-12,"Analitičari očekuju usporavanje potrošnje"
2023-06-12,"Središnja banka upozorava na sekundarne učinke inflacije"
2023-06-12,"Sindikati traže povećanje minimalne plaće"
2023-06-12,"Središnja banka procjenjuje učinke uvođenja eura"
2023-06-12,"Cijene stanova u Zagrebu nastavile rast"
2023-06-12,"Trgovci najavljuju poskupljenje osnovnih namirnica"
2023-06-12,"Guvernerova ocjena inflacijskih očekivanja kućanstava"
2023-06-12,"Odluke središnje banke i cijene stambenih kredita"
2023-06-12,"Guverner najavio nove mjere za kreditni rast"
2023-06-12,"Središnja banka objavila izvješće o financijskoj stabilnosti"
2023-06-12,"Hrvatskoj narodnoj banci stigao novi set podataka"
2023-06-12,"Središnja banka upozorava na sekundarne učinke inflacije"
2023-06-12,"HNB objavio tjedni pregled deviznog trzista"
2023-06-19,"Cijene goriva ponovno rastu na benzinskim postajama"
2023-06-19,"Središnja banka objavila izvješće o financijskoj stabilnosti"
2023-06-19,"Središnja banka procjenjuje učinke uvođenja eura"
2023-06-19,"HNB objavio tjedni pregled deviznog trzista"
2023-06-19,"Analitičari očekuju usporavanje potrošnje"
2023-06-19,"Središnjoj banci stigli novi podaci o kreditima kućanstava"
2023-06-19,"Ministarstvo financija objavilo prihode proračuna"
2023-06-19,"Analitičari očekuju usporavanje potrošnje"
2023-06-19,"Guverner Vujčić o kretanju cijena u idućoj godini"
2023-06-19,"Hrvatskoj narodnoj banci stigao novi set podataka"
2023-06-19,"Eurostat objavio nove podatke o zaposlenosti"
2023-06-19,"Što središnja banka poručuje o inflacijskim očekivanjima"
2023-06-19,"Poskupljenje električne energije od sljedećeg mjeseca"
2023-06-19,"Analitičari očekuju usporavanje potrošnje"
2023-06-19,"Guverner najavio nove mjere za kreditni rast"
2023-06-19,"Cijene goriva ponovno rastu na benzinskim postajama"
2023-06-19,"Ministarstvo financija objavilo prihode proračuna"
2023-06-19,"Cijene stanova u Zagrebu nastavile rast"
2023-06-19,"Hrvatske narodne banke tice se i pitanje likvidnosti"
2023-06-19,"Guverner najavio nove mjere za kreditni rast"
2023-06-19,"HNB: pritisak na cijene hrane popusta"
2023-06-19,"Sindikati traže povećanje minimalne plaće"
2023-06-19,"Što središnja banka poručuje o inflacijskim očekivanjima"
2023-06-19,"Središnja banka procjenjuje učinke uvođenja eura"
2023-06-19,"Središnja banka upozorava na sekundarne učinke inflacije"
2023-06-19,"Hrvatska narodna banka o rastu cijena energenata"
2023-06-19,"HNB objavio tjedni pregled deviznog trzista"
2023-06-19,"Trgovci najavljuju poskupljenje osnovnih namirnica"
2023-06-19,"Odluke središnje banke i cijene stambenih kredita"
2023-06-19,"Središnja banka upozorava na sekundarne učinke inflacije"
2023-06-19,"Središnja banka procjenjuje učinke uvođenja eura"
2023-06-19,"Cijene goriva ponovno rastu na benzinskim postajama"
2023-06-19,"HNB: depoziti kucanstava i dalje rastu"
2023-06-19,"Analitičari očekuju usporavanje potrošnje"
2023-06-19,"Guverner Vujčić o kretanju cijena u idućoj godini"
2023-06-19,"Trgovci najavljuju poskupljenje osnovnih namirnica"
2023-06-19,"Cijene goriva ponovno rastu na benzinskim postajama"
2023-06-19,"Hrvatskoj narodnoj banci stigao novi set podataka"
2023-06-19,"HNB: pritisak na cijene hrane popusta"
2023-06-19,"Sindikati traže povećanje minimalne plaće"
2023-06-19,"Što središnja banka poručuje o inflacijskim očekivanjima"
2023-06-19,"HNB: pritisak na cijene hrane popusta"
2023-06-19,"HNB: depoziti kucanstava i dalje rastu"
2023-06-19,"Guverner Vujčić o kretanju cijena u idućoj godini"
2023-06-19,"Guverner Vujčić o kretanju cijena u idućoj godini"
2023-06-19,"Središnjoj banci stigli novi podaci o kreditima kućanstava"
2023-06-19,"Cijene goriva ponovno rastu na benzinskim postajama"
2023-06-19,"HNB objavio tjedni pregled deviznog trzista"
2023-06-19,"Analitičari očekuju usporavanje potrošnje"
2023-06-19,"Što središnja banka poručuje o inflacijskim očekivanjima"
2023-06-19,"Eurostat objavio nove podatke o zaposlenosti"
2023-06-19,"Hrvatske narodne banke tice se i pitanje likvidnosti"
2023-06-19,"HNB: depoziti kucanstava i dalje rastu"
2023-06-19,"Hrvatskoj narodnoj banci stigao novi set podataka"
2023-06-19,"Hrvatske narodne banke tice se i pitanje likvidnosti"
2023-06-19,"Guverner najavio nove mjere za kreditni rast"
2023-06-19,"Što središnja banka poručuje o inflacijskim očekivanjima"
2023-06-19,"Eurostat objavio nove podatke o zaposlenosti"
2023-06-19,"Sindikati traže povećanje minimalne plaće"
2023-06-19,"Hrvatskoj narodnoj banci stigao novi set podataka"
2023-06-19,"Vlada produljila mjere ograničavanja cijena"
2023-06-19,"Eurostat objavio nove podatke o zaposlenosti"
2023-06-19,"Turistička sezona nadmašila očekivanja"
2023-06-19,"Vujčić: inflacija se vraća prema cilju"
2023-06-19,"Središnja banka upozorava na sekundarne učinke inflacije"
2023-06-19,"Trgovci najavljuju poskupljenje osnovnih namirnica"
2023-06-19,"Što središnja banka poručuje o inflacijskim očekivanjima"
2023-06-19,"Središnjoj banci stigli novi podaci o kreditima kućanstava"
2023-06-19,"Ministarstvo financija objavilo prihode proračuna"
2023-06-26,"Guverner najavio nove mjere za kreditni rast"
2023-06-26,"Guverner Vujčić o kretanju cijena u idućoj godini"
2023-06-26,"Hrvatskoj narodnoj banci stigao novi set podataka"
2023-06-26,"HNB: pritisak na cijene hrane popusta"
2023-06-26,"Turistička sezona nadmašila očekivanja"
2023-06-26,"Hrvatska narodna banka o rastu cijena energenata"
2023-06-26,"Guverner Vujčić o kretanju cijena u idućoj godini"
2023-06-26,"HNB objavio tjedni pregled deviznog trzista"
2023-06-26,"Turistička sezona nadmašila očekivanja"
2023-06-26,"Hrvatskoj narodnoj banci stigao novi set podataka"
2023-06-26,"Vlada produljila mjere ograničavanja cijena"
2023-06-26,"Cijene goriva ponovno rastu na benzinskim postajama"
2023-06-26,"Odluke središnje banke i cijene stambenih kredita"
2023-06-26,"Vujčić: inflacija se vraća prema cilju"
2023-06-26,"Središnjoj banci stigli novi podaci o kreditima kućanstava"
2023-06-26,"Središnja banka upozorava na sekundarne učinke inflacije"
2023-06-26,"Guvernerova ocjena inflacijskih očekivanja kućanstava"
2023-06-26,"Središnja banka upozorava na sekundarne učinke inflacije"
2023-06-26,"Hrvatskoj narodnoj banci stigao novi set podataka"
2023-06-26,"Hrvatska narodna banka o rastu cijena energenata"
2023-06-26,"Trgovci najavljuju poskupljenje osnovnih namirnica"
2023-06-26,"HNB objavio tjedni pregled deviznog trzista"
2023-06-26,"Odluke središnje banke i cijene stambenih kredita"
2023-06-26,"Hrvatskoj narodnoj banci stigao novi set podataka"
2023-06-26,"Guverner Vujčić o kretanju cijena u idućoj godini"
2023-06-26,"Što središnja banka poručuje o inflacijskim očekivanjima"
2023-06-26,"Cijene goriva ponovno rastu na benzinskim postajama"
2023-06-26,"Što središnja banka poručuje o inflacijskim očekivanjima"
2023-06-26,"Eurostat objavio nove podatke o zaposlenosti"
2023-06-26,"Poskupljenje električne energije od sljedećeg mjeseca"
2023-06-26,"Središnjoj banci stigli novi podaci o kreditima kućanstava"
2023-06-26,"Sindikati traže povećanje minimalne plaće"
2023-06-26,"Eurostat objavio nove podatke o zaposlenosti"
2023-06-26,"Što središnja banka poručuje o inflacijskim očekivanjima"
2023-06-26,"Turistička sezona nadmašila očekivanja"
2023-06-26,"Ministarstvo financija objavilo prihode proračuna"
2023-06-26,"Guvernerova ocjena inflacijskih očekivanja kućanstava"
2023-06-26,"HNB: depoziti kucanstava i dalje rastu"
2023-06-26,"Eurostat objavio nove podatke o zaposlenosti"
2023-06-26,"Cijene stanova u Zagrebu nastavile rast"
2023-06-26,"Hrvatske narodne banke tice se i pitanje likvidnosti"
2023-06-26,"Eurostat objavio nove podatke o zaposlenosti"
2023-06-26,"Cijene goriva ponovno rastu na benzinskim postajama"
2023-06-26,"Odluke središnje banke i cijene stambenih kredita"
2023-06-26,"Cijene goriva ponovno rastu na benzinskim postajama"
2023-06-26,"Turistička sezona nadmašila očekivanja"
2023-06-26,"Ministarstvo financija objavilo prihode proračuna"
2023-06-26,"Hrvatske narodne banke tice se i pitanje likvidnosti"
2023-06-26,"Hrvatske narodne banke tice se i pitanje likvidnosti"
2023-06-26,"Što središnja banka poručuje o inflacijskim očekivanjima"
2023-06-26,"Što središnja banka poručuje o inflacijskim očekivanjima"
2023-06-26,"Odluke središnje banke i cijene stambenih kredita"
2023-06-26,"Središnja banka objavila izvješće o financijskoj stabilnosti"
2023-06-26,"Ministarstvo financija objavilo prihode proračuna"
2023-06-26,"Središnja banka procjenjuje učinke uvođenja eura"
2023-06-26,"Turistička sezona nadmašila očekivanja"
2023-06-26,"HNB: depoziti kucanstava i dalje rastu"
2023-06-26,"Analitičari očekuju usporavanje potrošnje"
2023-06-26,"Poskupljenje električne energije od sljedećeg mjeseca"
2023-07-03,"Sindikati traže povećanje minimalne plaće"
2023-07-03,"Turistička sezona nadmašila očekivanja"
2023-07-03,"Središnja banka upozorava na sekundarne učinke inflacije"
2023-07-03,"Trgovci najavljuju poskupljenje osnovnih namirnica"
2023-07-03,"Središnja banka upozorava na sekundarne učinke inflacije"
2023-07-03,"Poskupljenje električne energije od sljedećeg mjeseca"
2023-07-03,"HNB: depoziti kucanstava i dalje rastu"
2023-07-03,"Središnja banka procjenjuje učinke uvođenja eura"
2023-07-03,"Vlada produljila mjere ograničavanja cijena"
2023-07-03,"HNB objavio tjedni pregled deviznog trzista"
2023-07-03,"Cijene stanova u Zagrebu nastavile rast"
2023-07-03,"Hrvatske narodne banke tice se i pitanje likvidnosti"
2023-07-03,"Središnjoj banci stigli novi podaci o kreditima kućanstava"
2023-07-03,"Ministarstvo financija objavilo prihode proračuna"
2023-07-03,"Guvernerova ocjena inflacijskih očekivanja kućanstava"
2023-07-03,"Vlada produljila mjere ograničavanja cijena"
2023-07-03,"HNB: depoziti kucanstava i dalje rastu"
2023-07-03,"Trgovci najavljuju poskupljenje osnovnih namirnica"
2023-07-03,"Guverner najavio nove mjere za kreditni rast"
2023-07-03,"Ministarstvo financija objavilo prihode proračuna"
2023-07-03,"Guvernerova ocjena inflacijskih očekivanja kućanstava"
2023-07-03,"Odluke središnje banke i cijene stambenih kredita"
2023-07-03,"Što središnja banka poručuje o inflacijskim očekivanjima"
2023-07-03,"Središnja banka procjenjuje učinke uvođenja eura"
2023-07-03,"Hrvatske narodne banke tice se i pitanje likvidnosti"
2023-07-03,"Cijene goriva ponovno rastu na benzinskim postajama"
2023-07-03,"HNB objavio tjedni pregled deviznog trzista"
2023-07-03,"Guverner najavio nove mjere za kreditni rast"
2023-07-03,"Analitičari očekuju usporavanje potrošnje"
2023-07-03,"Središnja banka objavila izvješće o financijskoj stabilnosti"
2023-07-03,"Trgovci najavljuju poskupljenje osnovnih namirnica"
2023-07-03,"Guverner Vujčić o kretanju cijena u idućoj godini"
2023-07-03,"Središnja banka procjenjuje učinke uvođenja eura"
2023-07-03,"Guvernerova ocjena inflacijskih očekivanja kućanstava"
2023-07-03,"Odluke središnje banke i cijene stambenih kredita"
2023-07-03,"Odluke središnje banke i cijene stambenih kredita"
2023-07-03,"Središnjoj banci stigli novi podaci o kreditima kućanstava"
2023-07-03,"Turistička sezona nadmašila očekivanja"
2023-07-03,"Poskupljenje električne energije od sljedećeg mjeseca"
2023-07-03,"Trgovci najavljuju poskupljenje osnovnih namirnica"
2023-07-03,"Središnjoj banci stigli novi podaci o kreditima kućanstava"
2023-07-03,"Hrvatske narodne banke tice se i pitanje likvidnosti"
2023-07-03,"Eurostat objavio nove podatke o zaposlenosti"
2023-07-03,"Guverner najavio nove mjere za kreditni rast"
2023-07-03,"HNB objavio tjedni pregled deviznog trzista"
2023-07-03,"Hrvatska narodna banka o rastu cijena energenata"
2023-07-03,"Ministarstvo financija objavilo prihode proračuna"
2023-07-03,"Hrvatska narodna banka o rastu cijena energenata"
2023-07-03,"HNB: pritisak na cijene hrane popusta"
2023-07-03,"HNB objavio tjedni pregled deviznog trzista"
2023-07-03,"Središnja banka upozorava na sekundarne učinke inflacije"
2023-07-03,"Turistička sezona nadmašila očekivanja"
2023-07-03,"Ministarstvo financija objavilo prihode proračuna"
2023-07-03,"Eurostat objavio nove podatke o zaposlenosti"
2023-07-03,"Ministarstvo financija objavilo prihode proračuna"
2023-07-03,"Središnja banka procjenjuje učinke uvođenja eura"
2023-07-03,"Hrvatskoj narodnoj banci stigao novi set podataka"
2023-07-10,"HNB objavio tjedni pregled deviznog trzista"
2023-07-10,"Guverner Vujčić o kretanju cijena u idućoj godini"
2023-07-10,"Sindikati traže povećanje minimalne plaće"
2023-07-10,"Središnja banka procjenjuje učinke uvođenja eura"
2023-07-10,"Središnja banka upozorava na sekundarne učinke inflacije"
2023-07-10,"Ministarstvo financija objavilo prihode proračuna"
2023-07-10,"Cijene goriva ponovno rastu na benzinskim postajama"
2023-07-10,"HNB: pritisak na cijene hrane popusta"
2023-07-10,"Vujčić: inflacija se vraća prema cilju"
2023-07-10,"Trgovci najavljuju poskupljenje osnovnih namirnica"
2023-07-10,"Guvernerova ocjena inflacijskih očekivanja kućanstava"
2023-07-10,"Što središnja banka poručuje o inflacijskim očekivanjima"
2023-07-10,"HNB: depoziti kucanstava i dalje rastu"
2023-07-10,"Hrvatska narodna banka o rastu cijena energenata"
2023-07-10,"Središnja banka procjenjuje učinke uvođenja eura"
2023-07-10,"Eurostat objavio nove podatke o zaposlenosti"
2023-07-10,"Hrvatskoj narodnoj banci stigao novi set podataka"
2023-07-10,"Hrvatske narodne banke tice se i pitanje likvidnosti"
2023-07-10,"Turistička sezona nadmašila očekivanja"
2023-07-10,"Središnja banka objavila izvješće o financijskoj stabilnosti"
2023-07-10,"Cijene stanova u Zagrebu nastavile rast"
2023-07-10,"Trgovci najavljuju poskupljenje osnovnih namirnica"
2023-07-10,"HNB: pritisak na cijene hrane popusta"
2023-07-10,"Hrvatska narodna banka o rastu cijena energenata"
2023-07-10,"HNB: depoziti kucanstava i dalje rastu"
2023-07-10,"Eurostat objavio nove podatke o zaposlenosti"
2023-07-10,"HNB: depoziti kucanstava i dalje rastu"
2023-07-10,"Sindikati traže povećanje minimalne plaće"
2023-07-10,"Cijene stanova u Zagrebu nastavile rast"
2023-07-10,"Hrvatska narodna banka o rastu cijena energenata"
2023-07-10,"Trgovci najavljuju poskupljenje osnovnih namirnica"
2023-07-10,"Analitičari očekuju usporavanje potrošnje"
2023-07-10,"Ministarstvo financija objavilo prihode proračuna"
2023-07-10,"Središnja banka objavila izvješće o financijskoj stabilnosti"
2023-07-10,"Odluke središnje banke i cijene stambenih kredita"
2023-07-10,"Odluke središnje banke i cijene stambenih kredita"
2023-07-10,"Poskupljenje električne energije od sljedećeg mjeseca"
2023-07-10,"Guverner Vujčić o kretanju cijena u idućoj godini"
2023-07-10,"Turistička sezona nadmašila očekivanja"
2023-07-10,"Sindikati traže povećanje minimalne plaće"
2023-07-10,"Odluke središnje banke i cijene stambenih kredita"
2023-07-10,"Hrvatske narodne banke tice se i pitanje likvidnosti"
2023-07-10,"Odluke središnje banke i cijene stambenih kredita"
2023-07-10,"Cijene goriva ponovno rastu na benzinskim postajama"
2023-07-10,"Guverner Vujčić o kretanju cijena u idućoj godini"
2023-07-10,"Poskupljenje električne energije od sljedećeg mjeseca"
2023-07-10,"Guvernerova ocjena inflacijskih očekivanja kućanstava"
2023-07-10,"Cijene goriva ponovno rastu na benzinskim postajama"
2023-07-10,"Hrvatske narodne banke tice se i pitanje likvidnosti"
2023-07-10,"Sindikati traže povećanje minimalne plaće"
2023-07-10,"Središnjoj banci stigli novi podaci o kreditima kućanstava"
2023-07-10,"HNB objavio tjedni pregled deviznog trzista"
2023-07-10,"HNB: depoziti kucanstava i dalje rastu"
2023-07-17,"Analitičari očekuju usporavanje potrošnje"
2023-07-17,"Cijene goriva ponovno rastu na benzinskim postajama"
2023-07-17,"Trgovci najavljuju poskupljenje osnovnih namirnica"
2023-07-17,"Središnja banka objavila izvješće o financijskoj stabilnosti"
2023-07-17,"Vlada produljila mjere ograničavanja cijena"
2023-07-17,"Poskupljenje električne energije od sljedećeg mjeseca"
2023-07-17,"Hrvatskoj narodnoj banci stigao novi set podataka"
2023-07-17,"Vlada produljila mjere ograničavanja cijena"
2023-07-17,"Hrvatske narodne banke tice se i pitanje likvidnosti"
2023-07-17,"Središnja banka upozorava na sekundarne učinke inflacije"
2023-07-17,"Hrvatska narodna banka o rastu cijena energenata"
2023-07-17,"Guverner Vujčić o kretanju cijena u idućoj godini"
2023-07-17,"Središnjoj banci stigli novi podaci o kreditima kućanstava"
2023-07-17,"Cijene goriva ponovno rastu na benzinskim postajama"
2023-07-17,"Guvernerova ocjena inflacijskih očekivanja kućanstava"
2023-07-17,"Odluke središnje banke i cijene stambenih kredita"
2023-07-17,"Hrvatske narodne banke tice se i pitanje likvidnosti"
2023-07-17,"Odluke središnje banke i cijene stambenih kredita"
2023-07-17,"Guverner Vujčić o kretanju cijena u idućoj godini"
2023-07-17,"Sindikati traže povećanje minimalne plaće"
2023-07-17,"HNB objavio tjedni pregled deviznog trzista"
2023-07-17,"Što središnja banka poručuje o inflacijskim očekivanjima"
2023-07-17,"HNB: pritisak na cijene hrane popusta"
2023-07-17,"Trgovci najavljuju poskupljenje osnovnih namirnica"
2023-07-17,"Središnja banka objavila izvješće o financijskoj stabilnosti"
2023-07-17,"Eurostat objavio nove podatke o zaposlenosti"
2023-07-17,"Vujčić: inflacija se vraća prema cilju"
2023-07-17,"Eurostat objavio nove podatke o zaposlenosti"
2023-07-17,"Guverner najavio nove mjere za kreditni rast"
2023-07-17,"Središnja banka procjenjuje učinke uvođenja eura"
2023-07-17,"Cijene goriva ponovno rastu na benzinskim postajama"
2023-07-17,"Trgovci najavljuju poskupljenje osnovnih namirnica"
2023-07-17,"Odluke središnje banke i cijene stambenih kredita"
2023-07-17,"HNB: pritisak na cijene hrane popusta"
2023-07-17,"Turistička sezona nadmašila očekivanja"
2023-07-17,"Cijene goriva ponovno rastu na benzinskim postajama"
2023-07-17,"Poskupljenje električne energije od sljedećeg mjeseca"
2023-07-17,"Hrvatske narodne banke tice se i pitanje likvidnosti"
2023-07-17,"Hrvatskoj narodnoj banci stigao novi set podataka"
2023-07-17,"Hrvatske narodne banke tice se i pitanje likvidnosti"
2023-07-17,"Trgovci najavljuju poskupljenje osnovnih namirnica"
2023-07-17,"Hrvatskoj narodnoj banci stigao novi set podataka"
2023-07-17,"Cijene goriva ponovno rastu na benzinskim postajama"
2023-07-17,"Vujčić: inflacija se vraća prema cilju"
2023-07-17,"Eurostat objavio nove podatke o zaposlenosti"
2023-07-17,"HNB: depoziti kucanstava i dalje rastu"
2023-07-17,"Što središnja banka poručuje o inflacijskim očekivanjima"
2023-07-17,"Središnja banka objavila izvješće o financijskoj stabilnosti"
2023-07-17,"Cijene goriva ponovno rastu na benzinskim postajama"
2023-07-17,"Cijene stanova u Zagrebu nastavile rast"
2023-07-17,"Hrvatska narodna banka o rastu cijena energenata"
2023-07-17,"Središnja banka objavila izvješće o financijskoj stabilnosti"
2023-07-17,"Središnja banka procjenjuje učinke uvođenja eura"
2023-07-24,"HNB objavio tjedni pregled deviznog trzista"
2023-07-24,"Guvernerova ocjena inflacijskih očekivanja kućanstava"
2023-07-24,"Turistička sezona nadmašila očekivanja"
2023-07-24,"HNB: pritisak na cijene hrane popusta"
2023-07-24,"Guvernerova ocjena inflacijskih očekivanja kućanstava"
2023-07-24,"Središnja banka procjenjuje učinke uvođenja eura"
2023-07-24,"Guverner najavio nove mjere za kreditni rast"
2023-07-24,"Poskupljenje električne energije od sljedećeg mjeseca"
2023-07-24,"Hrvatska narodna banka o rastu cijena energenata"
2023-07-24,"Hrvatskoj narodnoj banci stigao novi set podataka"
2023-07-24,"HNB objavio tjedni pregled deviznog trzista"
2023-07-24,"Ministarstvo financija objavilo prihode proračuna"
2023-07-24,"Središnja banka upozorava na sekundarne učinke inflacije"
2023-07-24,"Sindikati traže povećanje minimalne plaće"
2023-07-24,"Središnja banka objavila izvješće o financijskoj stabilnosti"
2023-07-24,"Cijene goriva ponovno rastu na benzinskim postajama"
2023-07-24,"Trgovci najavljuju poskupljenje osnovnih namirnica"
2023-07-24,"Središnja banka upozorava na sekundarne učinke inflacije"
2023-07-24,"Hrvatska narodna banka o rastu cijena energenata"
2023-07-24,"Središnjoj banci stigli novi podaci o kreditima kućanstava"
2023-07-24,"Središnja banka procjenjuje učinke uvođenja eura"
2023-07-24,"Središnja banka upozorava na sekundarne učinke inflacije"
2023-07-24,"Sindikati traže povećanje minimalne plaće"
2023-07-24,"Poskupljenje električne energije od sljedećeg mjeseca"
2023-07-24,"HNB: pritisak na cijene hrane popusta"
2023-07-24,"Guverner Vujčić o kretanju cijena u idućoj godini"
2023-07-24,"Turistička sezona nadmašila očekivanja"
2023-07-24,"Hrvatska narodna banka o rastu cijena energenata"
2023-07-24,"Središnja banka procjenjuje učinke uvođenja eura"
2023-07-24,"Analitičari očekuju usporavanje potrošnje"
2023-07-24,"Cijene stanova u Zagrebu nastavile rast"
2023-07-24,"Sindikati traže povećanje minimalne plaće"
2023-07-24,"HNB objavio tjedni pregled deviznog trzista"
2023-07-24,"Eurostat objavio nove podatke o zaposlenosti"
2023-07-24,"HNB: depoziti kucanstava i dalje rastu"
2023-07-24,"Cijene goriva ponovno rastu na benzinskim postajama"
2023-07-24,"Sindikati traže povećanje minimalne plaće"
2023-07-24,"Poskupljenje električne energije od sljedećeg mjeseca"
2023-07-24,"Eurostat objavio nove podatke o zaposlenosti"
2023-07-24,"Vlada produljila mjere ograničavanja cijena"
2023-07-24,"Hrvatske narodne banke tice se i pitanje likvidnosti"
2023-07-24,"Hrvatskoj narodnoj banci stigao novi set podataka"
2023-07-24,"Što središnja banka poručuje o inflacijskim očekivanjima"
2023-07-24,"Ministarstvo financija objavilo prihode proračuna"
2023-07-24,"Središnja banka procjenjuje učinke uvođenja eura"
2023-07-24,"Analitičari očekuju usporavanje potrošnje"
2023-07-24,"Guverner Vujčić o kretanju cijena u idućoj godini"
2023-07-24,"Središnjoj banci stigli novi podaci o kreditima kućanstava"
2023-07-24,"Turistička sezona nadmašila očekivanja"
2023-07-24,"Središnjoj banci stigli novi podaci o kreditima kućanstava"
2023-07-24,"Hrvatska narodna banka o rastu cijena energenata"
2023-07-24,"Vujčić: inflacija se vraća prema cilju"
2023-07-24,"Hrvatske narodne banke tice se i pitanje likvidnosti"
2023-07-31,"Eurostat objavio nove podatke o zaposlenosti"
2023-07-31,"Guvernerova ocjena inflacijskih očekivanja kućanstava"
2023-07-31,"Poskupljenje električne energije od sljedećeg mjeseca"
2023-07-31,"HNB objavio tjedni pregled deviznog trzista"
2023-07-31,"Cijene stanova u Zagrebu nastavile rast"
2023-07-31,"HNB: depoziti kucanstava i dalje rastu"
2023-07-31,"Vujčić: inflacija se vraća prema cilju"
2023-07-31,"Cijene stanova u Zagrebu nastavile rast"
2023-07-31,"Analitičari očekuju usporavanje potrošnje"
2023-07-31,"Eurostat objavio nove podatke o zaposlenosti"
2023-07-31,"Odluke središnje banke i cijene stambenih kredita"
2023-07-31,"Eurostat objavio nove podatke o zaposlenosti"
2023-07-31,"Vlada produljila mjere ograničavanja cijena"
2023-07-31,"Hrvatskoj narodnoj banci stigao novi set podataka"
2023-07-31,"Što središnja banka poručuje o inflacijskim očekivanjima"
2023-07-31,"Poskupljenje električne energije od sljedećeg mjeseca"
2023-07-31,"Središnja banka upozorava na sekundarne učinke inflacije"
2023-07-31,"Guvernerova ocjena inflacijskih očekivanja kućanstava"
2023-07-31,"HNB: pritisak na cijene hrane popusta"
2023-07-31,"Odluke središnje banke i cijene stambenih kredita"
2023-07-31,"HNB objavio tjedni pregled deviznog trzista"
2023-07-31,"Hrvatske narodne banke tice se i pitanje likvidnosti"
2023-07-31,"Središnja banka upozorava na sekundarne učinke inflacije"
2023-07-31,"Cijene goriva ponovno rastu na benzinskim postajama"
2023-07-31,"Cijene stanova u Zagrebu nastavile rast"
2023-07-31,"Hrvatske narodne banke tice se i pitanje likvidnosti"
2023-07-31,"HNB: pritisak na cijene hrane popusta"
2023-07-31,"HNB: pritisak na cijene hrane popusta"
2023-07-31,"Vujčić: inflacija se vraća prema cilju"
2023-07-31,"Središnja banka procjenjuje učinke uvođenja eura"
2023-07-31,"Sindikati traže povećanje minimalne plaće"
2023-07-31,"Hrvatskoj narodnoj banci stigao novi set podataka"
2023-07-31,"Odluke središnje banke i cijene stambenih kredita"
2023-07-31,"Ministarstvo financija objavilo prihode proračuna"
2023-07-31,"Guverner najavio nove mjere za kreditni rast"
2023-07-31,"Središnja banka objavila izvješće o financijskoj stabilnosti"
2023-07-31,"Eurostat objavio nove podatke o zaposlenosti"
2023-07-31,"HNB: pritisak na cijene hrane popusta"
2023-07-31,"Središnjoj banci stigli novi podaci o kreditima kućanstava"
2023-07-31,"Poskupljenje električne energije od sljedećeg mjeseca"
2023-07-31,"Središnjoj banci stigli novi podaci o kreditima kućanstava"
2023-07-31,"Poskupljenje električne energije od sljedećeg mjeseca"
2023-07-31,"Središnja banka objavila izvješće o financijskoj stabilnosti"
2023-07-31,"Cijene goriva ponovno rastu na benzinskim postajama"
2023-07-31,"Središnja banka objavila izvješće o financijskoj stabilnosti"
2023-07-31,"Eurostat objavio nove podatke o zaposlenosti"
2023-07-31,"Središnja banka objavila izvješće o financijskoj stabilnosti"
2023-07-31,"HNB: pritisak na cijene hrane popusta"
2023-07-31,"Hrvatskoj narodnoj banci stigao novi set podataka"
2023-07-31,"Cijene goriva ponovno rastu na benzinskim postajama"
2023-07-31,"Guvernerova ocjena inflacijskih očekivanja kućanstava"
2023-07-31,"Trgovci najavljuju poskupljenje osnovnih namirnica"
2023-07-31,"Vlada produljila mjere ograničavanja cijena"
2023-08-07,"Hrvatskoj narodnoj banci stigao novi set podataka"
2023-08-07,"Guverner najavio nove mjere za kreditni rast"
2023-08-07,"HNB objavio tjedni pregled deviznog trzista"
2023-08-07,"Cijene goriva ponovno rastu na benzinskim postajama"
2023-08-07,"HNB: depoziti kucanstava i dalje rastu"
2023-08-07,"Središnja banka objavila izvješće o financijskoj stabilnosti"
2023-08-07,"Eurostat objavio nove podatke o zaposlenosti"
2023-08-07,"Eurostat objavio nove podatke o zaposlenosti"
2023-08-07,"Sindikati traže povećanje minimalne plaće"
2023-08-07,"Guverner najavio nove mjere za kreditni rast"
2023-08-07,"Odluke središnje banke i cijene stambenih kredita"
2023-08-07,"Poskupljenje električne energije od sljedećeg mjeseca"
2023-08-07,"Vlada produljila mjere ograničavanja cijena"
2023-08-07,"Vlada produljila mjere ograničavanja cijena"
2023-08-07,"Središnja banka procjenjuje učinke uvođenja eura"
2023-08-07,"Eurostat objavio nove podatke o zaposlenosti"
2023-08-07,"Središnjoj banci stigli novi podaci o kreditima kućanstava"
2023-08-07,"Vlada produljila mjere ograničavanja cijena"
2023-08-07,"Vujčić: inflacija se vraća prema cilju"
2023-08-07,"Cijene stanova u Zagrebu nastavile rast"
2023-08-07,"Odluke središnje banke i cijene stambenih kredita"
2023-08-07,"Središnja banka procjenjuje učinke uvođenja eura"
2023-08-07,"Analitičari očekuju usporavanje potrošnje"
2023-08-07,"Odluke središnje banke i cijene stambenih kredita"
2023-08-07,"Sindikati traže povećanje minimalne plaće"
2023-08-07,"Središnja banka upozorava na sekundarne učinke inflacije"
2023-08-07,"Guverner najavio nove mjere za kreditni rast"
2023-08-07,"Turistička sezona nadmašila očekivanja"
2023-08-07,"Eurostat objavio nove podatke o zaposlenosti"
2023-08-07,"Središnja banka upozorava na sekundarne učinke inflacije"
2023-08-07,"Guverner Vujčić o kretanju cijena u idućoj godini"
2023-08-07,"Središnja banka procjenjuje učinke uvođenja eura"
2023-08-07,"Guverner Vujčić o kretanju cijena u idućoj godini"
2023-08-07,"Hrvatske narodne banke tice se i pitanje likvidnosti"
2023-08-07,"Ministarstvo financija objavilo prihode proračuna"
2023-08-07,"HNB: pritisak na cijene hrane popusta"
2023-08-07,"Središnjoj banci stigli novi podaci o kreditima kućanstava"
2023-08-07,"Cijene stanova u Zagrebu nastavile rast"
2023-08-07,"Odluke središnje banke i cijene stambenih kredita"
2023-08-07,"Središnjoj banci stigli novi podaci o kreditima kućanstava"
2023-08-07,"Središnjoj banci stigli novi podaci o kreditima kućanstava"
2023-08-07,"Cijene stanova u Zagrebu nastavile rast"
2023-08-07,"Analitičari očekuju usporavanje potrošnje"
2023-08-07,"Guvernerova ocjena inflacijskih očekivanja kućanstava"
2023-08-07,"Središnja banka objavila izvješće o financijskoj stabilnosti"
2023-08-07,"HNB objavio tjedni pregled deviznog trzista"
2023-08-07,"Sindikati traže povećanje minimalne plaće"
2023-08-07,"Cijene stanova u Zagrebu nastavile rast"
2023-08-07,"Trgovci najavljuju poskupljenje osnovnih namirnica"
2023-08-07,"Središnja banka objavila izvješće o financijskoj stabilnosti"
2023-08-07,"HNB objavio tjedni pregled deviznog trzista"
2023-08-07,"Sindikati traže povećanje minimalne plaće"
2023-08-07,"Hrvatske narodne banke tice se i pitanje likvidnosti"
2023-08-07,"Središnjoj banci stigli novi podaci o kreditima kućanstava"
2023-08-07,"Središnja banka procjenjuje učinke uvođenja eura"
2023-08-07,"HNB objavio tjedni pregled deviznog trzista"
2023-08-14,"Cijene stanova u Zagrebu nastavile rast"
2023-08-14,"Odluke središnje banke i cijene stambenih kredita"
2023-08-14,"Eurostat objavio nove podatke o zaposlenosti"
2023-08-14,"Poskupljenje električne energije od sljedećeg mjeseca"
2023-08-14,"HNB: pritisak na cijene hrane popusta"
2023-08-14,"Poskupljenje električne energije od sljedećeg mjeseca"
2023-08-14,"Ministarstvo financija objavilo prihode proračuna"
2023-08-14,"Cijene stanova u Zagrebu nastavile rast"
2023-08-14,"Cijene goriva ponovno rastu na benzinskim postajama"
2023-08-14,"Središnja banka upozorava na sekundarne učinke inflacije"
2023-08-14,"Hrvatska narodna banka o rastu cijena energenata"
2023-08-14,"Vujčić: inflacija se vraća prema cilju"
2023-08-14,"Odluke središnje banke i cijene stambenih kredita"
2023-08-14,"Trgovci najavljuju poskupljenje osnovnih namirnica"
2023-08-14,"Središnja banka objavila izvješće o financijskoj stabilnosti"
2023-08-14,"Trgovci najavljuju poskupljenje osnovnih namirnica"
2023-08-14,"Eurostat objavio nove podatke o zaposlenosti"
2023-08-14,"Vujčić: inflacija se vraća prema cilju"
2023-08-14,"Guverner najavio nove mjere za kreditni rast"
2023-08-14,"Što središnja banka poručuje o inflacijskim očekivanjima"
2023-08-14,"Sindikati traže povećanje minimalne plaće"
2023-08-14,"Središnja banka objavila izvješće o financijskoj stabilnosti"
2023-08-14,"Hrvatska narodna banka o rastu cijena energenata"
2023-08-14,"HNB: pritisak na cijene hrane popusta"
2023-08-14,"Eurostat objavio nove podatke o zaposlenosti"
2023-08-14,"HNB: pritisak na cijene hrane popusta"
2023-08-14,"Guverner Vujčić o kretanju cijena u idućoj godini"
2023-08-14,"Središnjoj banci stigli novi podaci o kreditima kućanstava"
2023-08-14,"HNB objavio tjedni pregled deviznog trzista"
2023-08-14,"Središnjoj banci stigli novi podaci o kreditima kućanstava"
2023-08-14,"Eurostat objavio nove podatke o zaposlenosti"
2023-08-14,"Ministarstvo financija objavilo prihode proračuna"
2023-08-14,"HNB: pritisak na cijene hrane popusta"
2023-08-14,"Odluke središnje banke i cijene stambenih kredita"
2023-08-14,"HNB: pritisak na cijene hrane popusta"
2023-08-14,"Vlada produljila mjere ograničavanja cijena"
2023-08-14,"Trgovci najavljuju poskupljenje osnovnih namirnica"
2023-08-14,"Odluke središnje banke i cijene stambenih kredita"
2023-08-14,"Hrvatskoj narodnoj banci stigao novi set podataka"
2023-08-14,"Središnja banka objavila izvješće o financijskoj stabilnosti"
2023-08-14,"Središnja banka procjenjuje učinke uvođenja eura"
2023-08-14,"Analitičari očekuju usporavanje potrošnje"
2023-08-14,"Guverner Vujčić o kretanju cijena u idućoj godini"
2023-08-14,"Hrvatska narodna banka o rastu cijena energenata"
2023-08-14,"Odluke središnje banke i cijene stambenih kredita"
2023-08-14,"Sindikati traže povećanje minimalne plaće"
2023-08-14,"Hrvatskoj narodnoj banci stigao novi set podataka"
2023-08-14,"Guverner Vujčić o kretanju cijena u idućoj godini"
2023-08-14,"Središnja banka procjenjuje učinke uvođenja eura"
2023-08-14,"Eurostat objavio nove podatke o zaposlenosti"
2023-08-14,"HNB: depoziti kucanstava i dalje rastu"
2023-08-14,"Ministarstvo financija objavilo prihode proračuna"
2023-08-14,"Središnja banka objavila izvješće o financijskoj stabilnosti"
2023-08-14,"Vujčić: inflacija se vraća prema cilju"
2023-08-14,"Cijene goriva ponovno rastu na benzinskim postajama"
2023-08-14,"Odluke središnje banke i cijene stambenih kredita"
2023-08-14,"Središnja banka procjenjuje učinke uvođenja eura"
2023-08-14,"Eurostat objavio nove podatke o zaposlenosti"
2023-08-14,"Cijene stanova u Zagrebu nastavile rast"
2023-08-21,"Poskupljenje električne energije od sljedećeg mjeseca"
2023-08-21,"Odluke središnje banke i cijene stambenih kredita"
2023-08-21,"Poskupljenje električne energije od sljedećeg mjeseca"
2023-08-21,"HNB: pritisak na cijene hrane popusta"
2023-08-21,"Sindikati traže povećanje minimalne plaće"
2023-08-21,"Što središnja banka poručuje o inflacijskim očekivanjima"
2023-08-21,"Guverner Vujčić o kretanju cijena u idućoj godini"
2023-08-21,"Analitičari očekuju usporavanje potrošnje"
2023-08-21,"Poskupljenje električne energije od sljedećeg mjeseca"
2023-08-21,"Turistička sezona nadmašila očekivanja"
2023-08-21,"HNB: depoziti kucanstava i dalje rastu"
2023-08-21,"Hrvatske narodne banke tice se i pitanje likvidnosti"
2023-08-21,"Sindikati traže povećanje minimalne plaće"
2023-08-21,"Guvernerova ocjena inflacijskih očekivanja kućanstava"
2023-08-21,"Guverner najavio nove mjere za kreditni rast"
2023-08-21,"Središnja banka upozorava na sekundarne učinke inflacije"
2023-08-21,"Središnja banka procjenjuje učinke uvođenja eura"
2023-08-21,"Poskupljenje električne energije od sljedećeg mjeseca"
2023-08-21,"Središnja banka objavila izvješće o financijskoj stabilnosti"
2023-08-21,"Središnja banka upozorava na sekundarne učinke inflacije"
2023-08-21,"Hrvatska narodna banka o rastu cijena energenata"
2023-08-21,"Guvernerova ocjena inflacijskih očekivanja kućanstava"
2023-08-21,"Turistička sezona nadmašila očekivanja"
2023-08-21,"Poskupljenje električne energije od sljedećeg mjeseca"
2023-08-21,"Odluke središnje banke i cijene stambenih kredita"
2023-08-21,"Odluke središnje banke i cijene stambenih kredita"
2023-08-21,"Što središnja banka poručuje o inflacijskim očekivanjima"
2023-08-21,"Guverner najavio nove mjere za kreditni rast"
2023-08-21,"Odluke središnje banke i cijene stambenih kredita"
2023-08-21,"Hrvatske narodne banke tice se i pitanje likvidnosti"
2023-08-21,"Sindikati traže povećanje minimalne plaće"
2023-08-21,"Turistička sezona nadmašila očekivanja"
2023-08-21,"Što središnja banka poručuje o inflacijskim očekivanjima"
2023-08-21,"Ministarstvo financija objavilo prihode proračuna"
2023-08-21,"Što središnja banka poručuje o inflacijskim očekivanjima"
2023-08-21,"Središnja banka upozorava na sekundarne učinke inflacije"
2023-08-21,"Što središnja banka poručuje o inflacijskim očekivanjima"
2023-08-21,"Trgovci najavljuju poskupljenje osnovnih namirnica"
2023-08-21,"Središnja banka objavila izvješće o financijskoj stabilnosti"
2023-08-21,"Cijene stanova u Zagrebu nastavile rast"
2023-08-21,"Eurostat objavio nove podatke o zaposlenosti"
2023-08-21,"Guvernerova ocjena inflacijskih očekivanja kućanstava"
2023-08-21,"Ministarstvo financija objavilo prihode proračuna"
2023-08-21,"HNB: depoziti kucanstava i dalje rastu"
2023-08-21,"Što središnja banka poručuje o inflacijskim očekivanjima"
2023-08-21,"Hrvatskoj narodnoj banci stigao novi set podataka"
2023-08-21,"Guvernerova ocjena inflacijskih očekivanja kućanstava"
2023-08-21,"Trgovci najavljuju poskupljenje osnovnih namirnica"
2023-08-21,"Analitičari očekuju usporavanje potrošnje"
2023-08-21,"HNB objavio tjedni pregled deviznog trzista"
2023-08-21,"HNB: pritisak na cijene hrane popusta"
2023-08-21,"HNB objavio tjedni pregled deviznog trzista"
2023-08-21,"Sindikati traže povećanje minimalne plaće"
2023-08-21,"Hrvatske narodne banke tice se i pitanje likvidnosti"
2023-08-21,"Cijene stanova u Zagrebu nastavile rast"
2023-08-21,"Turistička sezona nadmašila očekivanja"
2023-08-28,"Analitičari očekuju usporavanje potrošnje"
2023-08-28,"Središnja banka upozorava na sekundarne učinke inflacije"
2023-08-28,"Odluke središnje banke i cijene stambenih kredita"
2023-08-28,"Hrvatska narodna banka o rastu cijena energenata"
2023-08-28,"Poskupljenje električne energije od sljedećeg mjeseca"
2023-08-28,"Guverner najavio nove mjere za kreditni rast"
2023-08-28,"Guverner najavio nove mjere za kreditni rast"
2023-08-28,"Ministarstvo financija objavilo prihode proračuna"
2023-08-28,"Hrvatska narodna banka o rastu cijena energenata"
2023-08-28,"Ministarstvo financija objavilo prihode proračuna"
2023-08-28,"HNB: depoziti kucanstava i dalje rastu"
2023-08-28,"Eurostat objavio nove podatke o zaposlenosti"
2023-08-28,"Vlada produljila mjere ograničavanja cijena"
2023-08-28,"Analitičari očekuju usporavanje potrošnje"
2023-08-28,"Hrvatska narodna banka o rastu cijena energenata"
2023-08-28,"Središnja banka objavila izvješće o financijskoj stabilnosti"
2023-08-28,"Središnja banka procjenjuje učinke uvođenja eura"
2023-08-28,"Cijene stanova u Zagrebu nastavile rast"
2023-08-28,"Poskupljenje električne energije od sljedećeg mjeseca"
2023-08-28,"HNB objavio tjedni pregled deviznog trzista"
2023-08-28,"Vujčić: inflacija se vraća prema cilju"
2023-08-28,"Poskupljenje električne energije od sljedećeg mjeseca"
2023-08-28,"Hrvatska narodna banka o rastu cijena energenata"
2023-08-28,"Hrvatske narodne banke tice se i pitanje likvidnosti"
2023-08-28,"Središnja banka upozorava na sekundarne učinke inflacije"
2023-08-28,"Poskupljenje električne energije od sljedećeg mjeseca"
2023-08-28,"Hrvatske narodne banke tice se i pitanje likvidnosti"
2023-08-28,"Cijene stanova u Zagrebu nastavile rast"
2023-08-28,"Vujčić: inflacija se vraća prema cilju"
2023-08-28,"Središnjoj banci stigli novi podaci o kreditima kućanstava"
2023-08-28,"Središnja banka procjenjuje učinke uvođenja eura"
2023-08-28,"Što središnja banka poručuje o inflacijskim očekivanjima"
2023-08-28,"Središnjoj banci stigli novi podaci o kreditima kućanstava"
2023-08-28,"HNB: pritisak na cijene hrane popusta"
2023-08-28,"Sindikati traže povećanje minimalne plaće"
2023-08-28,"HNB: depoziti kucanstava i dalje rastu"
2023-08-28,"Što središnja banka poručuje o inflacijskim očekivanjima"
2023-08-28,"Ministarstvo financija objavilo prihode proračuna"
2023-08-28,"Središnja banka objavila izvješće o financijskoj stabilnosti"
2023-08-28,"HNB objavio tjedni pregled deviznog trzista"
2023-08-28,"Vujčić: inflacija se vraća prema cilju"
2023-08-28,"Turistička sezona nadmašila očekivanja"
2023-08-28,"Vujčić: inflacija se vraća prema cilju"
2023-08-28,"Turistička sezona nadmašila očekivanja"
2023-08-28,"Cijene stanova u Zagrebu nastavile rast"
2023-08-28,"Cijene goriva ponovno rastu na benzinskim postajama"
2023-08-28,"Središnja banka procjenjuje učinke uvođenja eura"
2023-08-28,"Ministarstvo financija objavilo prihode proračuna"
2023-08-28,"Eurostat objavio nove podatke o zaposlenosti"
2023-08-28,"Odluke središnje banke i cijene stambenih kredita"
2023-08-28,"Središnja banka objavila izvješće o financijskoj stabilnosti"
2023-09-04,"Cijene goriva ponovno rastu na benzinskim postajama"
2023-09-04,"Što središnja banka poručuje o inflacijskim očekivanjima"
2023-09-04,"Što središnja banka poručuje o inflacijskim očekivanjima"
2023-09-04,"Cijene goriva ponovno rastu na benzinskim postajama"
2023-09-04,"Središnja banka procjenjuje učinke uvođenja eura"
2023-09-04,"Središnjoj banci stigli novi podaci o kreditima kućanstava"
2023-09-04,"Vujčić: inflacija se vraća prema cilju"
2023-09-04,"Turistička sezona nadmašila očekivanja"
2023-09-04,"Sindikati traže povećanje minimalne plaće"
2023-09-04,"Turistička sezona nadmašila očekivanja"
2023-09-04,"Hrvatska narodna banka o rastu cijena energenata"
2023-09-04,"HNB objavio tjedni pregled deviznog trzista"
2023-09-04,"Vujčić: inflacija se vraća prema cilju"
2023-09-04,"Sindikati traže povećanje minimalne plaće"
2023-09-04,"Eurostat objavio nove podatke o zaposlenosti"
2023-09-04,"Sindikati traže povećanje minimalne plaće"
2023-09-04,"Eurostat objavio nove podatke o zaposlenosti"
2023-09-04,"Ministarstvo financija objavilo prihode proračuna"
2023-09-04,"Trgovci najavljuju poskupljenje osnovnih namirnica"
2023-09-04,"Središnja banka upozorava na sekundarne učinke inflacije"
2023-09-04,"Hrvatska narodna banka o rastu cijena energenata"
2023-09-04,"Središnja banka procjenjuje učinke uvođenja eura"
2023-09-04,"HNB: depoziti kucanstava i dalje rastu"
2023-09-04,"HNB: depoziti kucanstava i dalje rastu"
2023-09-04,"Središnja banka upozorava na sekundarne učinke inflacije"
2023-09-04,"Guverner Vujčić o kretanju cijena u idućoj godini"
2023-09-04,"Središnjoj banci stigli novi podaci o kreditima kućanstava"
2023-09-04,"Vlada produljila mjere ograničavanja cijena"
2023-09-04,"HNB objavio tjedni pregled deviznog trzista"
2023-09-04,"Središnja banka upozorava na sekundarne učinke inflacije"
2023-09-04,"HNB: pritisak na cijene hrane popusta"
2023-09-04,"Turistička sezona nadmašila očekivanja"
2023-09-04,"Središnja banka objavila izvješće o financijskoj stabilnosti"
2023-09-04,"Guverner Vujčić o kretanju cijena u idućoj godini"
2023-09-04,"Hrvatske narodne banke tice se i pitanje likvidnosti"
2023-09-04,"Hrvatska narodna banka o rastu cijena energenata"
2023-09-04,"Analitičari očekuju usporavanje potrošnje"
2023-09-04,"Guverner najavio nove mjere za kreditni rast"
2023-09-04,"Hrvatska narodna banka o rastu cijena energenata"
2023-09-04,"Analitičari očekuju usporavanje potrošnje"
2023-09-04,"Hrvatska narodna banka o rastu cijena energenata"
2023-09-04,"Poskupljenje električne energije od sljedećeg mjeseca"
2023-09-04,"Središnjoj banci stigli novi podaci o kreditima kućanstava"
2023-09-04,"Vlada produljila mjere ograničavanja cijena"
2023-09-04,"Poskupljenje električne energije od sljedećeg mjeseca"
2023-09-04,"Središnja banka procjenjuje učinke uvođenja eura"
2023-09-04,"Guverner Vujčić o kretanju cijena u idućoj godini"
2023-09-04,"Cijene goriva ponovno rastu na benzinskim postajama"
2023-09-04,"Središnja banka objavila izvješće o financijskoj stabilnosti"
2023-09-11,"HNB: depoziti kucanstava i dalje rastu"
2023-09-11,"Vlada produljila mjere ograničavanja cijena"
2023-09-11,"Središnjoj banci stigli novi podaci o kreditima kućanstava"
2023-09-11,"Središnja banka upozorava na sekundarne učinke inflacije"
2023-09-11,"Hrvatske narodne banke tice se i pitanje likvidnosti"
2023-09-11,"Guverner Vujčić o kretanju cijena u idućoj godini"
2023-09-11,"Poskupljenje električne energije od sljedećeg mjeseca"
2023-09-11,"Vlada produljila mjere ograničavanja cijena"
2023-09-11,"Turistička sezona nadmašila očekivanja"
2023-09-11,"HNB: pritisak na cijene hrane popusta"
2023-09-11,"Trgovci najavljuju poskupljenje osnovnih namirnica"
2023-09-11,"Ministarstvo financija objavilo prihode proračuna"
2023-09-11,"Odluke središnje banke i cijene stambenih kredita"
2023-09-11,"Trgovci najavljuju poskupljenje osnovnih namirnica"
2023-09-11,"Hrvatskoj narodnoj banci stigao novi set podataka"
2023-09-11,"Turistička sezona nadmašila očekivanja"
2023-09-11,"HNB: pritisak na cijene hrane popusta"
2023-09-11,"Hrvatskoj narodnoj banci stigao novi set podataka"
2023-09-11,"Hrvatskoj narodnoj banci stigao novi set podataka"
2023-09-11,"Ministarstvo financija objavilo prihode proračuna"
2023-09-11,"Hrvatske narodne banke tice se i pitanje likvidnosti"
2023-09-11,"HNB: depoziti kucanstava i dalje rastu"
2023-09-11,"Središnja banka objavila izvješće o financijskoj stabilnosti"
2023-09-11,"Vujčić: inflacija se vraća prema cilju"
2023-09-11,"Središnja banka upozorava na sekundarne učinke inflacije"
2023-09-11,"Hrvatskoj narodnoj banci stigao novi set podataka"
2023-09-11,"Vujčić: inflacija se vraća prema cilju"
2023-09-11,"HNB: pritisak na cijene hrane popusta"
2023-09-11,"Ministarstvo financija objavilo prihode proračuna"
2023-09-11,"Središnja banka objavila izvješće o financijskoj stabilnosti"
2023-09-11,"Hrvatska narodna banka o rastu cijena energenata"
2023-09-11,"Vujčić: inflacija se vraća prema cilju"
2023-09-11,"Trgovci najavljuju poskupljenje osnovnih namirnica"
2023-09-11,"Vlada produljila mjere ograničavanja cijena"
2023-09-11,"Hrvatska narodna banka o rastu cijena energenata"
2023-09-11,"Hrvatske narodne banke tice se i pitanje likvidnosti"
2023-09-11,"Analitičari očekuju usporavanje potrošnje"
2023-09-11,"Cijene goriva ponovno rastu na benzinskim postajama"
2023-09-11,"Analitičari očekuju usporavanje potrošnje"
2023-09-11,"Guvernerova ocjena inflacijskih očekivanja kućanstava"
2023-09-11,"Hrvatske narodne banke tice se i pitanje likvidnosti"
2023-09-11,"Guverner Vujčić o kretanju cijena u idućoj godini"
2023-09-11,"HNB objavio tjedni pregled deviznog trzista"
2023-09-11,"Turistička sezona nadmašila očekivanja"
2023-09-11,"Turistička sezona nadmašila očekivanja"
2023-09-11,"Analitičari očekuju usporavanje potrošnje"
2023-09-11,"Odluke središnje banke i cijene stambenih kredita"
2023-09-18,"HNB: pritisak na cijene hrane popusta"
2023-09-18,"Što središnja banka poručuje o inflacijskim očekivanjima"
2023-09-18,"Središnja banka objavila izvješće o financijskoj stabilnosti"
2023-09-18,"Vujčić: inflacija se vraća prema cilju"
2023-09-18,"Ministarstvo financija objavilo prihode proračuna"
2023-09-18,"Cijene goriva ponovno rastu na benzinskim postajama"
2023-09-18,"Vlada produljila mjere ograničavanja cijena"
2023-09-18,"Središnjoj banci stigli novi podaci o kreditima kućanstava"
2023-09-18,"Eurostat objavio nove podatke o zaposlenosti"
2023-09-18,"HNB: pritisak na cijene hrane popusta"
2023-09-18,"Guverner najavio nove mjere za kreditni rast"
2023-09-18,"Hrvatska narodna banka o rastu cijena energenata"
2023-09-18,"Eurostat objavio nove podatke o zaposlenosti"
2023-09-18,"Središnja banka objavila izvješće o financijskoj stabilnosti"
2023-09-18,"Ministarstvo financija objavilo prihode proračuna"
2023-09-18,"Eurostat objavio nove podatke o zaposlenosti"
2023-09-18,"Cijene goriva ponovno rastu na benzinskim postajama"
2023-09-18,"Cijene stanova u Zagrebu nastavile rast"
2023-09-18,"Vlada produljila mjere ograničavanja cijena"
2023-09-18,"Što središnja banka poručuje o inflacijskim očekivanjima"
2023-09-18,"Središnja banka upozorava na sekundarne učinke inflacije"
2023-09-18,"Središnja banka upozorava na sekundarne učinke inflacije"
2023-09-18,"Hrvatska narodna banka o rastu cijena energenata"
2023-09-18,"Središnja banka upozorava na sekundarne učinke inflacije"
2023-09-18,"HNB: depoziti kucanstava i dalje rastu"
2023-09-18,"Guverner najavio nove mjere za kreditni rast"
2023-09-18,"Središnjoj banci stigli novi podaci o kreditima kućanstava"
2023-09-18,"Središnjoj banci stigli novi podaci o kreditima kućanstava"
2023-09-18,"Poskupljenje električne energije od sljedećeg mjeseca"
2023-09-18,"Ministarstvo financija objavilo prihode proračuna"
2023-09-18,"Središnja banka procjenjuje učinke uvođenja eura"
2023-09-18,"Trgovci najavljuju poskupljenje osnovnih namirnica"
2023-09-18,"Što središnja banka poručuje o inflacijskim očekivanjima"
2023-09-18,"Hrvatske narodne banke tice se i pitanje likvidnosti"
2023-09-18,"Turistička sezona nadmašila očekivanja"
2023-09-18,"Analitičari očekuju usporavanje potrošnje"
2023-09-18,"Eurostat objavio nove podatke o zaposlenosti"
2023-09-18,"Odluke središnje banke i cijene stambenih kredita"
2023-09-18,"Ministarstvo financija objavilo prihode proračuna"
2023-09-18,"HNB objavio tjedni pregled deviznog trzista"
2023-09-18,"Guvernerova ocjena inflacijskih očekivanja kućanstava"
2023-09-18,"Što središnja banka poručuje o inflacijskim očekivanjima"
2023-09-18,"Poskupljenje električne energije od sljedećeg mjeseca"
2023-09-18,"Cijene goriva ponovno rastu na benzinskim postajama"
2023-09-18,"HNB: pritisak na cijene hrane popusta"
2023-09-18,"Središnja banka objavila izvješće o financijskoj stabilnosti"
2023-09-18,"Sindikati traže povećanje minimalne plaće"
2023-09-18,"Središnja banka objavila izvješće o financijskoj stabilnosti"
2023-09-18,"HNB objavio tjedni pregled deviznog trzista"
2023-09-18,"Eurostat objavio nove podatke o zaposlenosti"
2023-09-18,"Guvernerova ocjena inflacijskih očekivanja kućanstava"
2023-09-18,"HNB objavio tjedni pregled deviznog trzista"
2023-09-18,"Vujčić: inflacija se vraća prema cilju"
2023-09-25,"Što središnja banka poručuje o inflacijskim očekivanjima"
2023-09-25,"Središnja banka objavila izvješće o financijskoj stabilnosti"
2023-09-25,"Cijene goriva ponovno rastu na benzinskim postajama"
2023-09-25,"Analitičari očekuju usporavanje potrošnje"
2023-09-25,"Središnjoj banci stigli novi podaci o kreditima kućanstava"
2023-09-25,"Središnjoj banci stigli novi podaci o kreditima kućanstava"
2023-09-25,"Trgovci najavljuju poskupljenje osnovnih namirnica"
2023-09-25,"Središnja banka objavila izvješće o financijskoj stabilnosti"
2023-09-25,"HNB: pritisak na cijene hrane popusta"
2023-09-25,"Sindikati traže povećanje minimalne plaće"
2023-09-25,"HNB: depoziti kucanstava i dalje rastu"
2023-09-25,"Hrvatske narodne banke tice se i pitanje likvidnosti"
2023-09-25,"Turistička sezona nadmašila očekivanja"
2023-09-25,"Cijene goriva ponovno rastu na benzinskim postajama"
2023-09-25,"Guvernerova ocjena inflacijskih očekivanja kućanstava"
2023-09-25,"Vujčić: inflacija se vraća prema cilju"
2023-09-25,"Cijene goriva ponovno rastu na benzinskim postajama"
2023-09-25,"Cijene stanova u Zagrebu nastavile rast"
2023-09-25,"Vlada produljila mjere ograničavanja cijena"
2023-09-25,"Središnja banka objavila izvješće o financijskoj stabilnosti"
2023-09-25,"HNB: depoziti kucanstava i dalje rastu"
2023-09-25,"Guvernerova ocjena inflacijskih očekivanja kućanstava"
2023-09-25,"HNB: depoziti kucanstava i dalje rastu"
2023-09-25,"Što središnja banka poručuje o inflacijskim očekivanjima"
2023-09-25,"Središnja banka upozorava na sekundarne učinke inflacije"
2023-09-25,"Trgovci najavljuju poskupljenje osnovnih namirnica"
2023-09-25,"Vujčić: inflacija se vraća prema cilju"
2023-09-25,"Poskupljenje električne energije od sljedećeg mjeseca"
2023-09-25,"Cijene stanova u Zagrebu nastavile rast"
2023-09-25,"Središnja banka upozorava na sekundarne učinke inflacije"
2023-09-25,"Odluke središnje banke i cijene stambenih kredita"
2023-09-25,"Odluke središnje banke i cijene stambenih kredita"
2023-09-25,"Središnjoj banci stigli novi podaci o kreditima kućanstava"
2023-09-25,"Središnja banka procjenjuje učinke uvođenja eura"
2023-09-25,"Sindikati traže povećanje minimalne plaće"
2023-09-25,"Hrvatska narodna banka o rastu cijena energenata"
2023-09-25,"HNB: depoziti kucanstava i dalje rastu"
2023-09-25,"Cijene stanova u Zagrebu nastavile rast"
2023-09-25,"Poskupljenje električne energije od sljedećeg mjeseca"
2023-09-25,"Guvernerova ocjena inflacijskih očekivanja kućanstava"
2023-09-25,"Trgovci najavljuju poskupljenje osnovnih namirnica"
2023-09-25,"Odluke središnje banke i cijene stambenih kredita"
2023-09-25,"Hrvatskoj narodnoj banci stigao novi set podataka"
2023-09-25,"HNB: pritisak na cijene hrane popusta"
2023-09-25,"Guverner Vujčić o kretanju cijena u idućoj godini"
2023-09-25,"HNB objavio tjedni pregled deviznog trzista"
2023-09-25,"HNB: pritisak na cijene hrane popusta"
2023-09-25,"Cijene stanova u Zagrebu nastavile rast"
2023-09-25,"Ministarstvo financija objavilo prihode proračuna"
2023-09-25,"Turistička sezona nadmašila očekivanja"
2023-09-25,"HNB: pritisak na cijene hrane popusta"
2023-09-25,"Analitičari očekuju usporavanje potrošnje"
2023-09-25,"Poskupljenje električne energije od sljedećeg mjeseca"
2023-10-02,"Poskupljenje električne energije od sljedećeg mjeseca"
2023-10-02,"Cijene stanova u Zagrebu nastavile rast"
2023-10-02,"Turistička sezona nadmašila očekivanja"
2023-10-02,"HNB: pritisak na cijene hrane popusta"
2023-10-02,"HNB objavio tjedni pregled deviznog trzista"
2023-10-02,"Vlada produljila mjere ograničavanja cijena"
2023-10-02,"Guverner Vujčić o kretanju cijena u idućoj godini"
2023-10-02,"Guverner najavio nove mjere za kreditni rast"
2023-10-02,"Turistička sezona nadmašila očekivanja"
2023-10-02,"Sindikati traže povećanje minimalne plaće"
2023-10-02,"Sindikati traže povećanje minimalne plaće"
2023-10-02,"Središnja banka procjenjuje učinke uvođenja eura"
2023-10-02,"Ministarstvo financija objavilo prihode proračuna"
2023-10-02,"Hrvatske narodne banke tice se i pitanje likvidnosti"
2023-10-02,"Hrvatske narodne banke tice se i pitanje likvidnosti"
2023-10-02,"Guverner najavio nove mjere za kreditni rast"
2023-10-02,"HNB: depoziti kucanstava i dalje rastu"
2023-10-02,"Hrvatska narodna banka o rastu cijena energenata"
2023-10-02,"Središnja banka upozorava na sekundarne učinke inflacije"
2023-10-02,"Vujčić: inflacija se vraća prema cilju"
2023-10-02,"Ministarstvo financija objavilo prihode proračuna"
2023-10-02,"Guverner najavio nove mjere za kreditni rast"
2023-10-02,"Središnjoj banci stigli novi podaci o kreditima kućanstava"
2023-10-02,"Analitičari očekuju usporavanje potrošnje"
2023-10-02,"Cijene stanova u Zagrebu nastavile rast"
2023-10-02,"HNB: depoziti kucanstava i dalje rastu"
2023-10-02,"Cijene goriva ponovno rastu na benzinskim postajama"
2023-10-02,"Hrvatska narodna banka o rastu cijena energenata"
2023-10-02,"Guverner Vujčić o kretanju cijena u idućoj godini"
2023-10-02,"Središnjoj banci stigli novi podaci o kreditima kućanstava"
2023-10-02,"Odluke središnje banke i cijene stambenih kredita"
2023-10-02,"Trgovci najavljuju poskupljenje osnovnih namirnica"
2023-10-02,"HNB: pritisak na cijene hrane popusta"
2023-10-02,"Središnja banka procjenjuje učinke uvođenja eura"
2023-10-02,"Vlada produljila mjere ograničavanja cijena"
2023-10-02,"Što središnja banka poručuje o inflacijskim očekivanjima"
2023-10-02,"Cijene goriva ponovno rastu na benzinskim postajama"
2023-10-02,"Vlada produljila mjere ograničavanja cijena"
2023-10-02,"Sindikati traže povećanje minimalne plaće"
2023-10-02,"Trgovci najavljuju poskupljenje osnovnih namirnica"
2023-10-02,"Vujčić: inflacija se vraća prema cilju"
2023-10-02,"Turistička sezona nadmašila očekivanja"
2023-10-02,"Hrvatskoj narodnoj banci stigao novi set podataka"
2023-10-02,"Središnja banka procjenjuje učinke uvođenja eura"
2023-10-02,"Što središnja banka poručuje o inflacijskim očekivanjima"
2023-10-02,"HNB objavio tjedni pregled deviznog trzista"
2023-10-02,"Hrvatskoj narodnoj banci stigao novi set podataka"
2023-10-02,"Središnjoj banci stigli novi podaci o kreditima kućanstava"
2023-10-02,"Ministarstvo financija objavilo prihode proračuna"
2023-10-02,"Hrvatskoj narodnoj banci stigao novi set podataka"
2023-10-02,"Cijene goriva ponovno rastu na benzinskim postajama"
2023-10-02,"HNB: pritisak na cijene hrane popusta"
2023-10-02,"Središnja banka upozorava na sekundarne učinke inflacije"
2023-10-02,"HNB: depoziti kucanstava i dalje rastu"
2023-10-02,"Središnja banka objavila izvješće o financijskoj stabilnosti"
2023-10-02,"Trgovci najavljuju poskupljenje osnovnih namirnica"
2023-10-09,"Središnja banka objavila izvješće o financijskoj stabilnosti"
2023-10-09,"Središnja banka upozorava na sekundarne učinke inflacije"
2023-10-09,"Cijene goriva ponovno rastu na benzinskim postajama"
2023-10-09,"Središnja banka objavila izvješće o financijskoj stabilnosti"
2023-10-09,"Turistička sezona nadmašila očekivanja"
2023-10-09,"Ministarstvo financija objavilo prihode proračuna"
2023-10-09,"Odluke središnje banke i cijene stambenih kredita"
2023-10-09,"Trgovci najavljuju poskupljenje osnovnih namirnica"
2023-10-09,"HNB objavio tjedni pregled deviznog trzista"
2023-10-09,"Vlada produljila mjere ograničavanja cijena"
2023-10-09,"Cijene stanova u Zagrebu nastavile rast"
2023-10-09,"HNB: pritisak na cijene hrane popusta"
2023-10-09,"HNB: depoziti kucanstava i dalje rastu"
2023-10-09,"Trgovci najavljuju poskupljenje osnovnih namirnica"
2023-10-09,"Guvernerova ocjena inflacijskih očekivanja kućanstava"
2023-10-09,"Hrvatske narodne banke tice se i pitanje likvidnosti"
2023-10-09,"Središnjoj banci stigli novi podaci o kreditima kućanstava"
2023-10-09,"Hrvatskoj narodnoj banci stigao novi set podataka"
2023-10-09,"Guverner najavio nove mjere za kreditni rast"
2023-10-09,"Turistička sezona nadmašila očekivanja"
2023-10-09,"Sindikati traže povećanje minimalne plaće"
2023-10-09,"HNB: depoziti kucanstava i dalje rastu"
2023-10-09,"Središnja banka upozorava na sekundarne učinke inflacije"
2023-10-09,"Trgovci najavljuju poskupljenje osnovnih namirnica"
2023-10-09,"Središnja banka procjenjuje učinke uvođenja eura"
2023-10-09,"Što središnja banka poručuje o inflacijskim očekivanjima"
2023-10-09,"HNB objavio tjedni pregled deviznog trzista"
2023-10-09,"HNB: depoziti kucanstava i dalje rastu"
2023-10-09,"Odluke središnje banke i cijene stambenih kredita"
2023-10-09,"HNB objavio tjedni pregled deviznog trzista"
2023-10-09,"Analitičari očekuju usporavanje potrošnje"
2023-10-09,"Vujčić: inflacija se vraća prema cilju"
2023-10-09,"Guverner Vujčić o kretanju cijena u idućoj godini"
2023-10-09,"Cijene goriva ponovno rastu na benzinskim postajama"
2023-10-09,"Središnja banka upozorava na sekundarne učinke inflacije"
2023-10-09,"Središnjoj banci stigli novi podaci o kreditima kućanstava"
2023-10-09,"Hrvatska narodna banka o rastu cijena energenata"
2023-10-09,"Cijene stanova u Zagrebu nastavile rast"
2023-10-09,"Vlada produljila mjere ograničavanja cijena"
2023-10-09,"Turistička sezona nadmašila očekivanja"
2023-10-09,"Guverner najavio nove mjere za kreditni rast"
2023-10-09,"Poskupljenje električne energije od sljedećeg mjeseca"
2023-10-09,"Guverner najavio nove mjere za kreditni rast"
2023-10-09,"Središnja banka objavila izvješće o financijskoj stabilnosti"
2023-10-09,"HNB: depoziti kucanstava i dalje rastu"
2023-10-09,"Ministarstvo financija objavilo prihode proračuna"
2023-10-09,"Vlada produljila mjere ograničavanja cijena"
2023-10-16,"Turistička sezona nadmašila očekivanja"
2023-10-16,"Cijene stanova u Zagrebu nastavile rast"
2023-10-16,"Središnja banka upozorava na sekundarne učinke inflacije"
2023-10-16,"Guverner najavio nove mjere za kreditni rast"
2023-10-16,"HNB objavio tjedni pregled deviznog trzista"
2023-10-16,"Središnja banka upozorava na sekundarne učinke inflacije"
2023-10-16,"Poskupljenje električne energije od sljedećeg mjeseca"
2023-10-16,"Guvernerova ocjena inflacijskih očekivanja kućanstava"
2023-10-16,"Središnja banka procjenjuje učinke uvođenja eura"
2023-10-16,"Guverner najavio nove mjere za kreditni rast"
2023-10-16,"Guverner Vujčić o kretanju cijena u idućoj godini"
2023-10-16,"Turistička sezona nadmašila očekivanja"
2023-10-16,"HNB: depoziti kucanstava i dalje rastu"
2023-10-16,"Vlada produljila mjere ograničavanja cijena"
2023-10-16,"Središnjoj banci stigli novi podaci o kreditima kućanstava"
2023-10-16,"HNB: depoziti kucanstava i dalje rastu"
2023-10-16,"HNB: pritisak na cijene hrane popusta"
2023-10-16,"Sindikati traže povećanje minimalne plaće"
2023-10-16,"Analitičari očekuju usporavanje potrošnje"
2023-10-16,"HNB: depoziti kucanstava i dalje rastu"
2023-10-16,"Guverner najavio nove mjere za kreditni rast"
2023-10-16,"Hrvatske narodne banke tice se i pitanje likvidnosti"
2023-10-16,"Cijene stanova u Zagrebu nastavile rast"
2023-10-16,"Središnja banka objavila izvješće o financijskoj stabilnosti"
2023-10-16,"Trgovci najavljuju poskupljenje osnovnih namirnica"
2023-10-16,"Što središnja banka poručuje o inflacijskim očekivanjima"
2023-10-16,"Hrvatske narodne banke tice se i pitanje likvidnosti"
2023-10-16,"Cijene stanova u Zagrebu nastavile rast"
2023-10-16,"Poskupljenje električne energije od sljedećeg mjeseca"
2023-10-16,"Središnja banka procjenjuje učinke uvođenja eura"
2023-10-16,"Cijene stanova u Zagrebu nastavile rast"
2023-10-16,"Središnja banka objavila izvješće o financijskoj stabilnosti"
2023-10-16,"Cijene stanova u Zagrebu nastavile rast"
2023-10-16,"Poskupljenje električne energije od sljedećeg mjeseca"
2023-10-16,"Vujčić: inflacija se vraća prema cilju"
2023-10-16,"Turistička sezona nadmašila očekivanja"
2023-10-16,"Središnjoj banci stigli novi podaci o kreditima kućanstava"
2023-10-16,"Hrvatska narodna banka o rastu cijena energenata"
2023-10-16,"Hrvatske narodne banke tice se i pitanje likvidnosti"
2023-10-16,"Hrvatskoj narodnoj banci stigao novi set podataka"
2023-10-16,"HNB objavio tjedni pregled deviznog trzista"
2023-10-16,"Cijene stanova u Zagrebu nastavile rast"
2023-10-16,"Središnja banka objavila izvješće o financijskoj stabilnosti"
2023-10-16,"Središnja banka objavila izvješće o financijskoj stabilnosti"
2023-10-16,"Eurostat objavio nove podatke o zaposlenosti"
2023-10-16,"Eurostat objavio nove podatke o zaposlenosti"
2023-10-16,"Središnja banka procjenjuje učinke uvođenja eura"
2023-10-16,"Središnja banka procjenjuje učinke uvođenja eura"
2023-10-16,"Sindikati traže povećanje minimalne plaće"
2023-10-23,"Što središnja banka poručuje o inflacijskim očekivanjima"
2023-10-23,"Odluke središnje banke i cijene stambenih kredita"
2023-10-23,"Cijene goriva ponovno rastu na benzinskim postajama"
2023-10-23,"Hrvatska narodna banka o rastu cijena energenata"
2023-10-23,"Poskupljenje električne energije od sljedećeg mjeseca"
2023-10-23,"Guverner Vujčić o kretanju cijena u idućoj godini"
2023-10-23,"Središnja banka procjenjuje učinke uvođenja eura"
2023-10-23,"Guverner najavio nove mjere za kreditni rast"
2023-10-23,"Središnja banka objavila izvješće o financijskoj stabilnosti"
2023-10-23,"Vujčić: inflacija se vraća prema cilju"
2023-10-23,"Turistička sezona nadmašila očekivanja"
2023-10-23,"Hrvatska narodna banka o rastu cijena energenata"
2023-10-23,"Cijene goriva ponovno rastu na benzinskim postajama"
2023-10-23,"Sindikati traže povećanje minimalne plaće"
2023-10-23,"Središnjoj banci stigli novi podaci o kreditima kućanstava"
2023-10-23,"Odluke središnje banke i cijene stambenih kredita"
2023-10-23,"Hrvatska narodna banka o rastu cijena energenata"
2023-10-23,"Trgovci najavljuju poskupljenje osnovnih namirnica"
2023-10-23,"Sindikati traže povećanje minimalne plaće"
2023-10-23,"Trgovci najavljuju poskupljenje osnovnih namirnica"
2023-10-23,"Cijene stanova u Zagrebu nastavile rast"
2023-10-23,"Trgovci najavljuju poskupljenje osnovnih namirnica"
2023-10-23,"Središnja banka upozorava na sekundarne učinke inflacije"
2023-10-23,"HNB: depoziti kucanstava i dalje rastu"
2023-10-23,"Hrvatskoj narodnoj banci stigao novi set podataka"
2023-10-23,"Središnjoj banci stigli novi podaci o kreditima kućanstava"
2023-10-23,"Središnja banka procjenjuje učinke uvođenja eura"
2023-10-23,"Cijene goriva ponovno rastu na benzinskim postajama"
2023-10-23,"Analitičari očekuju usporavanje potrošnje"
2023-10-23,"Odluke središnje banke i cijene stambenih kredita"
2023-10-23,"Trgovci najavljuju poskupljenje osnovnih namirnica"
2023-10-23,"Turistička sezona nadmašila očekivanja"
2023-10-23,"Hrvatske narodne banke tice se i pitanje likvidnosti"
2023-10-23,"Vlada produljila mjere ograničavanja cijena"
2023-10-23,"Što središnja banka poručuje o inflacijskim očekivanjima"
2023-10-23,"HNB: pritisak na cijene hrane popusta"
2023-10-23,"Guverner Vujčić o kretanju cijena u idućoj godini"
2023-10-23,"Trgovci najavljuju poskupljenje osnovnih namirnica"
2023-10-23,"Središnja banka objavila izvješće o financijskoj stabilnosti"
2023-10-23,"Središnjoj banci stigli novi podaci o kreditima kućanstava"
2023-10-23,"Središnja banka procjenjuje učinke uvođenja eura"
2023-10-23,"Cijene stanova u Zagrebu nastavile rast"
2023-10-23,"Cijene goriva ponovno rastu na benzinskim postajama"
2023-10-23,"HNB: pritisak na cijene hrane popusta"
2023-10-23,"Što središnja banka poručuje o inflacijskim očekivanjima"
2023-10-23,"Vujčić: inflacija se vraća prema cilju"
2023-10-23,"Guverner najavio nove mjere za kreditni rast"
2023-10-23,"HNB: depoziti kucanstava i dalje rastu"
2023-10-23,"Cijene stanova u Zagrebu nastavile rast"
2023-10-23,"Središnja banka procjenjuje učinke uvođenja eura"
2023-10-23,"Središnja banka objavila izvješće o financijskoj stabilnosti"
2023-10-23,"Cijene goriva ponovno rastu na benzinskim postajama"
2023-10-23,"Trgovci najavljuju poskupljenje osnovnih namirnica"
2023-10-30,"Hrvatska narodna banka o rastu cijena energenata"
2023-10-30,"Trgovci najavljuju poskupljenje osnovnih namirnica"
2023-10-30,"Hrvatske narodne banke tice se i pitanje likvidnosti"
2023-10-30,"HNB objavio tjedni pregled deviznog trzista"
2023-10-30,"HNB: depoziti kucanstava i dalje rastu"
2023-10-30,"Eurostat objavio nove podatke o zaposlenosti"
2023-10-30,"Središnjoj banci stigli novi podaci o kreditima kućanstava"
2023-10-30,"Eurostat objavio nove podatke o zaposlenosti"
2023-10-30,"Sindikati traže povećanje minimalne plaće"
2023-10-30,"Središnja banka objavila izvješće o financijskoj stabilnosti"
2023-10-30,"Hrvatskoj narodnoj banci stigao novi set podataka"
2023-10-30,"Eurostat objavio nove podatke o zaposlenosti"
2023-10-30,"Vujčić: inflacija se vraća prema cilju"
2023-10-30,"HNB: pritisak na cijene hrane popusta"
2023-10-30,"HNB: depoziti kucanstava i dalje rastu"
2023-10-30,"Ministarstvo financija objavilo prihode proračuna"
2023-10-30,"Odluke središnje banke i cijene stambenih kredita"
2023-10-30,"Turistička sezona nadmašila očekivanja"
2023-10-30,"Hrvatskoj narodnoj banci stigao novi set podataka"
2023-10-30,"Poskupljenje električne energije od sljedećeg mjeseca"
2023-10-30,"Cijene goriva ponovno rastu na benzinskim postajama"
2023-10-30,"Središnja banka upozorava na sekundarne učinke inflacije"
2023-10-30,"HNB: pritisak na cijene hrane popusta"
2023-10-30,"HNB: depoziti kucanstava i dalje rastu"
2023-10-30,"Vujčić: inflacija se vraća prema cilju"
2023-10-30,"Ministarstvo financija objavilo prihode proračuna"
2023-10-30,"Središnja banka upozorava na sekundarne učinke inflacije"
2023-10-30,"Središnja banka upozorava na sekundarne učinke inflacije"
2023-10-30,"Eurostat objavio nove podatke o zaposlenosti"
2023-10-30,"Vlada produljila mjere ograničavanja cijena"
2023-10-30,"Središnjoj banci stigli novi podaci o kreditima kućanstava"
2023-10-30,"Sindikati traže povećanje minimalne plaće"
2023-10-30,"HNB: pritisak na cijene hrane popusta"
2023-10-30,"Trgovci najavljuju poskupljenje osnovnih namirnica"
2023-10-30,"Guverner najavio nove mjere za kreditni rast"
2023-10-30,"HNB objavio tjedni pregled deviznog trzista"
2023-10-30,"Trgovci najavljuju poskupljenje osnovnih namirnica"
2023-10-30,"Guverner najavio nove mjere za kreditni rast"
2023-10-30,"Guvernerova ocjena inflacijskih očekivanja kućanstava"
2023-10-30,"Hrvatske narodne banke tice se i pitanje likvidnosti"
2023-10-30,"HNB objavio tjedni pregled deviznog trzista"
2023-10-30,"Sindikati traže povećanje minimalne plaće"
2023-10-30,"Hrvatske narodne banke tice se i pitanje likvidnosti"
2023-10-30,"Središnja banka objavila izvješće o financijskoj stabilnosti"
2023-10-30,"Središnja banka upozorava na sekundarne učinke inflacije"
2023-10-30,"Poskupljenje električne energije od sljedećeg mjeseca"
2023-10-30,"Cijene stanova u Zagrebu nastavile rast"
2023-10-30,"HNB: pritisak na cijene hrane popusta"
2023-10-30,"Vujčić: inflacija se vraća prema cilju"
2023-10-30,"Trgovci najavljuju poskupljenje osnovnih namirnica"
2023-10-30,"Poskupljenje električne energije od sljedećeg mjeseca"
2023-10-30,"Eurostat objavio nove podatke o zaposlenosti"
2023-10-30,"Središnja banka procjenjuje učinke uvođenja eura"
2023-11-06,"Turistička sezona nadmašila očekivanja"
2023-11-06,"Guvernerova ocjena inflacijskih očekivanja kućanstava"
2023-11-06,"Odluke središnje banke i cijene stambenih kredita"
2023-11-06,"Turistička sezona nadmašila očekivanja"
2023-11-06,"Hrvatska narodna banka o rastu cijena energenata"
2023-11-06,"Vlada produljila mjere ograničavanja cijena"
2023-11-06,"Poskupljenje električne energije od sljedećeg mjeseca"
2023-11-06,"Hrvatske narodne banke tice se i pitanje likvidnosti"
2023-11-06,"Hrvatska narodna banka o rastu cijena energenata"
2023-11-06,"Guvernerova ocjena inflacijskih očekivanja kućanstava"
2023-11-06,"Hrvatske narodne banke tice se i pitanje likvidnosti"
2023-11-06,"Odluke središnje banke i cijene stambenih kredita"
2023-11-06,"Odluke središnje banke i cijene stambenih kredita"
2023-11-06,"Vlada produljila mjere ograničavanja cijena"
2023-11-06,"Guverner najavio nove mjere za kreditni rast"
2023-11-06,"Cijene goriva ponovno rastu na benzinskim postajama"
2023-11-06,"Turistička sezona nadmašila očekivanja"
2023-11-06,"Središnjoj banci stigli novi podaci o kreditima kućanstava"
2023-11-06,"HNB: depoziti kucanstava i dalje rastu"
2023-11-06,"Guvernerova ocjena inflacijskih očekivanja kućanstava"
2023-11-06,"Središnjoj banci stigli novi podaci o kreditima kućanstava"
2023-11-06,"Što središnja banka poručuje o inflacijskim očekivanjima"
2023-11-06,"Cijene stanova u Zagrebu nastavile rast"
2023-11-06,"Što središnja banka poručuje o inflacijskim očekivanjima"
2023-11-06,"Hrvatske narodne banke tice se i pitanje likvidnosti"
2023-11-06,"Hrvatska narodna banka o rastu cijena energenata"
2023-11-06,"Vujčić: inflacija se vraća prema cilju"
2023-11-06,"Cijene goriva ponovno rastu na benzinskim postajama"
2023-11-06,"Vlada produljila mjere ograničavanja cijena"
2023-11-06,"Sindikati traže povećanje minimalne plaće"
2023-11-06,"Vlada produljila mjere ograničavanja cijena"
2023-11-06,"Središnja banka objavila izvješće o financijskoj stabilnosti"
2023-11-06,"Hrvatske narodne banke tice se i pitanje likvidnosti"
2023-11-06,"Poskupljenje električne energije od sljedećeg mjeseca"
2023-11-06,"Guverner Vujčić o kretanju cijena u idućoj godini"
2023-11-06,"Cijene stanova u Zagrebu nastavile rast"
2023-11-06,"Središnja banka procjenjuje učinke uvođenja eura"
2023-11-06,"Cijene stanova u Zagrebu nastavile rast"
2023-11-06,"HNB: depoziti kucanstava i dalje rastu"
2023-11-06,"Hrvatska narodna banka o rastu cijena energenata"
2023-11-06,"Središnja banka objavila izvješće o financijskoj stabilnosti"
2023-11-06,"Eurostat objavio nove podatke o zaposlenosti"
2023-11-06,"HNB objavio tjedni pregled deviznog trzista"
2023-11-06,"Što središnja banka poručuje o inflacijskim očekivanjima"
2023-11-06,"HNB: depoziti kucanstava i dalje rastu"
2023-11-06,"Turistička sezona nadmašila očekivanja"
2023-11-06,"Sindikati traže povećanje minimalne plaće"
2023-11-06,"Poskupljenje električne energije od sljedećeg mjeseca"
2023-11-06,"Hrvatske narodne banke tice se i pitanje likvidnosti"
2023-11-06,"HNB objavio tjedni pregled deviznog trzista"
2023-11-06,"Ministarstvo financija objavilo prihode proračuna"
2023-11-06,"Hrvatska narodna banka o rastu cijena energenata"
2023-11-06,"Središnja banka upozorava na sekundarne učinke inflacije"
2023-11-06,"HNB: pritisak na cijene hrane popusta"
2023-11-06,"Cijene goriva ponovno rastu na benzinskim postajama"
2023-11-06,"Ministarstvo financija objavilo prihode proračuna"
2023-11-06,"Hrvatske narodne banke tice se i pitanje likvidnosti"
2023-11-06,"Turistička sezona nadmašila očekivanja"
2023-11-06,"Vujčić: inflacija se vraća prema cilju"
2023-11-13,"Guverner Vujčić o kretanju cijena u idućoj godini"
2023-11-13,"Turistička sezona nadmašila očekivanja"
2023-11-13,"Hrvatske narodne banke tice se i pitanje likvidnosti"
2023-11-13,"Središnjoj banci stigli novi podaci o kreditima kućanstava"
2023-11-13,"Guverner najavio nove mjere za kreditni rast"
2023-11-13,"Cijene goriva ponovno rastu na benzinskim postajama"
2023-11-13,"Cijene stanova u Zagrebu nastavile rast"
2023-11-13,"Hrvatska narodna banka o rastu cijena energenata"
2023-11-13,"Što središnja banka poručuje o inflacijskim očekivanjima"
2023-11-13,"Hrvatskoj narodnoj banci stigao novi set podataka"
2023-11-13,"Hrvatskoj narodnoj banci stigao novi set podataka"
2023-11-13,"Trgovci najavljuju poskupljenje osnovnih namirnica"
2023-11-13,"Vujčić: inflacija se vraća prema cilju"
2023-11-13,"HNB: pritisak na cijene hrane popusta"
2023-11-13,"Hrvatske narodne banke tice se i pitanje likvidnosti"
2023-11-13,"Turistička sezona nadmašila očekivanja"
2023-11-13,"Središnjoj banci stigli novi podaci o kreditima kućanstava"
2023-11-13,"Odluke središnje banke i cijene stambenih kredita"
2023-11-13,"Eurostat objavio nove podatke o zaposlenosti"
2023-11-13,"Trgovci najavljuju poskupljenje osnovnih namirnica"
2023-11-13,"Eurostat objavio nove podatke o zaposlenosti"
2023-11-13,"Sindikati traže povećanje minimalne plaće"
2023-11-13,"Guvernerova ocjena inflacijskih očekivanja kućanstava"
2023-11-13,"Odluke središnje banke i cijene stambenih kredita"
2023-11-13,"HNB: depoziti kucanstava i dalje rastu"
2023-11-13,"HNB: depoziti kucanstava i dalje rastu"
2023-11-13,"Vujčić: inflacija se vraća prema cilju"
2023-11-13,"Cijene goriva ponovno rastu na benzinskim postajama"
2023-11-13,"Cijene stanova u Zagrebu nastavile rast"
2023-11-13,"Analitičari očekuju usporavanje potrošnje"
2023-11-13,"Guvernerova ocjena inflacijskih očekivanja kućanstava"
2023-11-13,"Što središnja banka poručuje o inflacijskim očekivanjima"
2023-11-13,"Središnja banka objavila izvješće o financijskoj stabilnosti"
2023-11-13,"HNB: depoziti kucanstava i dalje rastu"
2023-11-13,"Eurostat objavio nove podatke o zaposlenosti"
2023-11-13,"Odluke središnje banke i cijene stambenih kredita"
2023-11-13,"Hrvatskoj narodnoj banci stigao novi set podataka"
2023-11-13,"Guverner najavio nove mjere za kreditni rast"
2023-11-13,"Hrvatska narodna banka o rastu cijena energenata"
2023-11-13,"Turistička sezona nadmašila očekivanja"
2023-11-13,"Središnja banka objavila izvješće o financijskoj stabilnosti"
2023-11-13,"Ministarstvo financija objavilo prihode proračuna"
2023-11-13,"Trgovci najavljuju poskupljenje osnovnih namirnica"
2023-11-13,"Vlada produljila mjere ograničavanja cijena"
2023-11-13,"Središnjoj banci stigli novi podaci o kreditima kućanstava"
2023-11-13,"Poskupljenje električne energije od sljedećeg mjeseca"
2023-11-13,"Turistička sezona nadmašila očekivanja"
2023-11-13,"Središnja banka objavila izvješće o financijskoj stabilnosti"
2023-11-13,"Odluke središnje banke i cijene stambenih kredita"
2023-11-13,"Poskupljenje električne energije od sljedećeg mjeseca"
2023-11-13,"Hrvatska narodna banka o rastu cijena energenata"
2023-11-13,"Ministarstvo financija objavilo prihode proračuna"
2023-11-13,"Poskupljenje električne energije od sljedećeg mjeseca"
2023-11-13,"HNB: pritisak na cijene hrane popusta"
2023-11-13,"Hrvatska narodna banka o rastu cijena energenata"
2023-11-13,"Hrvatska narodna banka o rastu cijena energenata"
2023-11-13,"Hrvatska narodna banka o rastu cijena energenata"
2023-11-20,"Hrvatskoj narodnoj banci stigao novi set podataka"
2023-11-20,"Hrvatske narodne banke tice se i pitanje likvidnosti"
2023-11-20,"Središnja banka objavila izvješće o financijskoj stabilnosti"
2023-11-20,"Trgovci najavljuju poskupljenje osnovnih namirnica"
2023-11-20,"HNB objavio tjedni pregled deviznog trzista"
2023-11-20,"Turistička sezona nadmašila očekivanja"
2023-11-20,"Hrvatskoj narodnoj banci stigao novi set podataka"
2023-11-20,"HNB objavio tjedni pregled deviznog trzista"
2023-11-20,"Analitičari očekuju usporavanje potrošnje"
2023-11-20,"Vujčić: inflacija se vraća prema cilju"
2023-11-20,"Odluke središnje banke i cijene stambenih kredita"
2023-11-20,"Odluke središnje banke i cijene stambenih kredita"
2023-11-20,"Što središnja banka poručuje o inflacijskim očekivanjima"
2023-11-20,"Poskupljenje električne energije od sljedećeg mjeseca"
2023-11-20,"Što središnja banka poručuje o inflacijskim očekivanjima"
2023-11-20,"Guverner Vujčić o kretanju cijena u idućoj godini"
2023-11-20,"Turistička sezona nadmašila očekivanja"
2023-11-20,"Cijene goriva ponovno rastu na benzinskim postajama"
2023-11-20,"Trgovci najavljuju poskupljenje osnovnih namirnica"
2023-11-20,"Vujčić: inflacija se vraća prema cilju"
2023-11-20,"Središnjoj banci stigli novi podaci o kreditima kućanstava"
2023-11-20,"Guvernerova ocjena inflacijskih očekivanja kućanstava"
2023-11-20,"Ministarstvo financija objavilo prihode proračuna"
2023-11-20,"Eurostat objavio nove podatke o zaposlenosti"
2023-11-20,"Središnjoj banci stigli novi podaci o kreditima kućanstava"
2023-11-20,"Turistička sezona nadmašila očekivanja"
2023-11-20,"Vujčić: inflacija se vraća prema cilju"
2023-11-20,"Turistička sezona nadmašila očekivanja"
2023-11-20,"Odluke središnje banke i cijene stambenih kredita"
2023-11-20,"Eurostat objavio nove podatke o zaposlenosti"
2023-11-20,"Ministarstvo financija objavilo prihode proračuna"
2023-11-20,"Središnja banka upozorava na sekundarne učinke inflacije"
2023-11-20,"Središnjoj banci stigli novi podaci o kreditima kućanstava"
2023-11-20,"Cijene goriva ponovno rastu na benzinskim postajama"
2023-11-20,"Analitičari očekuju usporavanje potrošnje"
2023-11-20,"HNB: pritisak na cijene hrane popusta"
2023-11-20,"Poskupljenje električne energije od sljedećeg mjeseca"
2023-11-20,"HNB objavio tjedni pregled deviznog trzista"
2023-11-20,"Vlada produljila mjere ograničavanja cijena"
2023-11-20,"Poskupljenje električne energije od sljedećeg mjeseca"
2023-11-20,"Središnja banka objavila izvješće o financijskoj stabilnosti"
2023-11-20,"HNB: depoziti kucanstava i dalje rastu"
2023-11-20,"Hrvatske narodne banke tice se i pitanje likvidnosti"
2023-11-20,"HNB: depoziti kucanstava i dalje rastu"
2023-11-20,"Središnja banka objavila izvješće o financijskoj stabilnosti"
2023-11-20,"Guvernerova ocjena inflacijskih očekivanja kućanstava"
2023-11-20,"Hrvatskoj narodnoj banci stigao novi set podataka"
2023-11-20,"Središnjoj banci stigli novi podaci o kreditima kućanstava"
2023-11-20,"Analitičari očekuju usporavanje potrošnje"
2023-11-20,"Hrvatske narodne banke tice se i pitanje likvidnosti"
2023-11-20,"Poskupljenje električne energije od sljedećeg mjeseca"
2023-11-20,"Središnja banka upozorava na sekundarne učinke inflacije"
2023-11-20,"HNB: pritisak na cijene hrane popusta"
2023-11-20,"Odluke središnje banke i cijene stambenih kredita"
2023-11-20,"HNB objavio tjedni pregled deviznog trzista"
2023-11-20,"Guverner Vujčić o kretanju cijena u idućoj godini"
2023-11-20,"Poskupljenje električne energije od sljedećeg mjeseca"
2023-11-20,"Trgovci najavljuju poskupljenje osnovnih namirnica"
2023-11-20,"Ministarstvo financija objavilo prihode proračuna"
2023-11-20,"Hrvatske narodne banke tice se i pitanje likvidnosti"
2023-11-20,"Vujčić: inflacija se vraća prema cilju"
2023-11-20,"Trgovci najavljuju poskupljenje osnovnih namirnica"
2023-11-20,"Hrvatske narodne banke tice se i pitanje likvidnosti"
2023-11-20,"Analitičari očekuju usporavanje potrošnje"
2023-11-27,"Sindikati traže povećanje minimalne plaće"
2023-11-27,"Što središnja banka poručuje o inflacijskim očekivanjima"
2023-11-27,"Hrvatskoj narodnoj banci stigao novi set podataka"
2023-11-27,"HNB: depoziti kucanstava i dalje rastu"
2023-11-27,"Središnja banka procjenjuje učinke uvođenja eura"
2023-11-27,"Guverner Vujčić o kretanju cijena u idućoj godini"
2023-11-27,"Trgovci najavljuju poskupljenje osnovnih namirnica"
2023-11-27,"HNB objavio tjedni pregled deviznog trzista"
2023-11-27,"Hrvatske narodne banke tice se i pitanje likvidnosti"
2023-11-27,"Središnja banka upozorava na sekundarne učinke inflacije"
2023-11-27,"Eurostat objavio nove podatke o zaposlenosti"
2023-11-27,"HNB objavio tjedni pregled deviznog trzista"
2023-11-27,"Cijene stanova u Zagrebu nastavile rast"
2023-11-27,"Eurostat objavio nove podatke o zaposlenosti"
2023-11-27,"Trgovci najavljuju poskupljenje osnovnih namirnica"
2023-11-27,"Guverner Vujčić o kretanju cijena u idućoj godini"
2023-11-27,"Eurostat objavio nove podatke o zaposlenosti"
2023-11-27,"Hrvatska narodna banka o rastu cijena energenata"
2023-11-27,"Guverner najavio nove mjere za kreditni rast"
2023-11-27,"Vlada produljila mjere ograničavanja cijena"
2023-11-27,"Ministarstvo financija objavilo prihode proračuna"
2023-11-27,"Hrvatske narodne banke tice se i pitanje likvidnosti"
2023-11-27,"Turistička sezona nadmašila očekivanja"
2023-11-27,"Središnja banka objavila izvješće o financijskoj stabilnosti"
2023-11-27,"Hrvatske narodne banke tice se i pitanje likvidnosti"
2023-11-27,"Guverner Vujčić o kretanju cijena u idućoj godini"
2023-11-27,"Cijene stanova u Zagrebu nastavile rast"
2023-11-27,"Središnjoj banci stigli novi podaci o kreditima kućanstava"
2023-11-27,"Sindikati traže povećanje minimalne plaće"
2023-11-27,"Središnjoj banci stigli novi podaci o kreditima kućanstava"
2023-11-27,"HNB objavio tjedni pregled deviznog trzista"
2023-11-27,"HNB objavio tjedni pregled deviznog trzista"
2023-11-27,"HNB objavio tjedni pregled deviznog trzista"
2023-11-27,"Hrvatske narodne banke tice se i pitanje likvidnosti"
2023-11-27,"HNB objavio tjedni pregled deviznog trzista"
2023-11-27,"Središnja banka upozorava na sekundarne učinke inflacije"
2023-11-27,"HNB: pritisak na cijene hrane popusta"
2023-11-27,"Eurostat objavio nove podatke o zaposlenosti"
2023-11-27,"Vlada produljila mjere ograničavanja cijena"
2023-11-27,"HNB: depoziti kucanstava i dalje rastu"
2023-11-27,"Guverner najavio nove mjere za kreditni rast"
2023-11-27,"Guvernerova ocjena inflacijskih očekivanja kućanstava"
2023-11-27,"Sindikati traže povećanje minimalne plaće"
2023-11-27,"Turistička sezona nadmašila očekivanja"
2023-11-27,"Vujčić: inflacija se vraća prema cilju"
2023-11-27,"Turistička sezona nadmašila očekivanja"
2023-11-27,"Cijene goriva ponovno rastu na benzinskim postajama"
2023-11-27,"HNB: depoziti kucanstava i dalje rastu"
2023-11-27,"Cijene stanova u Zagrebu nastavile rast"
2023-11-27,"Eurostat objavio nove podatke o zaposlenosti"
2023-11-27,"Središnjoj banci stigli novi podaci o kreditima kućanstava"
2023-11-27,"Sindikati traže povećanje minimalne plaće"
2023-11-27,"Odluke središnje banke i cijene stambenih kredita"
2023-11-27,"HNB: depoziti kucanstava i dalje rastu"
2023-11-27,"Središnja banka procjenjuje učinke uvođenja eura"
2023-11-27,"Guverner najavio nove mjere za kreditni rast"
2023-11-27,"Eurostat objavio nove podatke o zaposlenosti"
2023-11-27,"Što središnja banka poručuje o inflacijskim očekivanjima"
2023-11-27,"Što središnja banka poručuje o inflacijskim očekivanjima"
2023-11-27,"Ministarstvo financija objavilo prihode proračuna"
2023-11-27,"Turistička sezona nadmašila očekivanja"
2023-11-27,"Cijene goriva ponovno rastu na benzinskim postajama"
2023-11-27,"Trgovci najavljuju poskupljenje osnovnih namirnica"
2023-11-27,"Odluke središnje banke i cijene stambenih kredita"
2023-11-27,"Odluke središnje banke i cijene stambenih kredita"
2023-11-27,"Što središnja banka poručuje o inflacijskim očekivanjima"
2023-12-04,"Poskupljenje električne energije od sljedećeg mjeseca"
2023-12-04,"HNB: depoziti kucanstava i dalje rastu"
2023-12-04,"Što središnja banka poručuje o inflacijskim očekivanjima"
2023-12-04,"Hrvatska narodna banka o rastu cijena energenata"
2023-12-04,"Guverner najavio nove mjere za kreditni rast"
2023-12-04,"Eurostat objavio nove podatke o zaposlenosti"
2023-12-04,"Eurostat objavio nove podatke o zaposlenosti"
2023-12-04,"HNB: depoziti kucanstava i dalje rastu"
2023-12-04,"Guvernerova ocjena inflacijskih očekivanja kućanstava"
2023-12-04,"HNB: depoziti kucanstava i dalje rastu"
2023-12-04,"Trgovci najavljuju poskupljenje osnovnih namirnica"
2023-12-04,"Hrvatske narodne banke tice se i pitanje likvidnosti"
2023-12-04,"Poskupljenje električne energije od sljedećeg mjeseca"
2023-12-04,"Poskupljenje električne energije od sljedećeg mjeseca"
2023-12-04,"Cijene goriva ponovno rastu na benzinskim postajama"
2023-12-04,"Središnja banka procjenjuje učinke uvođenja eura"
2023-12-04,"Središnja banka upozorava na sekundarne učinke inflacije"
2023-12-04,"Središnja banka objavila izvješće o financijskoj stabilnosti"
2023-12-04,"Cijene goriva ponovno rastu na benzinskim postajama"
2023-12-04,"HNB objavio tjedni pregled deviznog trzista"
2023-12-04,"Eurostat objavio nove podatke o zaposlenosti"
2023-12-04,"Guvernerova ocjena inflacijskih očekivanja kućanstava"
2023-12-04,"Vlada produljila mjere ograničavanja cijena"
2023-12-04,"HNB objavio tjedni pregled deviznog trzista"
2023-12-04,"Poskupljenje električne energije od sljedećeg mjeseca"
2023-12-04,"Guverner najavio nove mjere za kreditni rast"
2023-12-04,"Turistička sezona nadmašila očekivanja"
2023-12-04,"Eurostat objavio nove podatke o zaposlenosti"
2023-12-04,"Hrvatska narodna banka o rastu cijena energenata"
2023-12-04,"Eurostat objavio nove podatke o zaposlenosti"
2023-12-04,"Trgovci najavljuju poskupljenje osnovnih namirnica"
2023-12-04,"Eurostat objavio nove podatke o zaposlenosti"
2023-12-04,"Središnja banka upozorava na sekundarne učinke inflacije"
2023-12-04,"Guvernerova ocjena inflacijskih očekivanja kućanstava"
2023-12-04,"Poskupljenje električne energije od sljedećeg mjeseca"
2023-12-04,"Vujčić: inflacija se vraća prema cilju"
2023-12-04,"Hrvatske narodne banke tice se i pitanje likvidnosti"
2023-12-04,"Središnja banka upozorava na sekundarne učinke inflacije"
2023-12-04,"Središnja banka objavila izvješće o financijskoj stabilnosti"
2023-12-04,"Središnjoj banci stigli novi podaci o kreditima kućanstava"
2023-12-04,"Središnja banka procjenjuje učinke uvođenja eura"
2023-12-04,"Hrvatska narodna banka o rastu cijena energenata"
2023-12-04,"Hrvatskoj narodnoj banci stigao novi set podataka"
2023-12-04,"Odluke središnje banke i cijene stambenih kredita"
2023-12-04,"Trgovci najavljuju poskupljenje osnovnih namirnica"
2023-12-04,"Što središnja banka poručuje o inflacijskim očekivanjima"
2023-12-04,"Guvernerova ocjena inflacijskih očekivanja kućanstava"
2023-12-04,"Hrvatska narodna banka o rastu cijena energenata"
2023-12-04,"Turistička sezona nadmašila očekivanja"
2023-12-04,"Analitičari očekuju usporavanje potrošnje"
2023-12-04,"Hrvatska narodna banka o rastu cijena energenata"
2023-12-04,"Eurostat objavio nove podatke o zaposlenosti"
2023-12-04,"Poskupljenje električne energije od sljedećeg mjeseca"
2023-12-04,"Poskupljenje električne energije od sljedećeg mjeseca"
2023-12-04,"Hrvatske narodne banke tice se i pitanje likvidnosti"
2023-12-04,"Turistička sezona nadmašila očekivanja"
2023-12-04,"HNB: pritisak na cijene hrane popusta"
2023-12-04,"Hrvatske narodne banke tice se i pitanje likvidnosti"
2023-12-04,"Vlada produljila mjere ograničavanja cijena"
2023-12-04,"Središnja banka upozorava na sekundarne učinke inflacije"
2023-12-04,"HNB objavio tjedni pregled deviznog trzista"
2023-12-04,"Odluke središnje banke i cijene stambenih kredita"
2023-12-04,"Što središnja banka poručuje o inflacijskim očekivanjima"
2023-12-04,"Vujčić: inflacija se vraća prema cilju"
2023-12-04,"Analitičari očekuju usporavanje potrošnje"
2023-12-04,"Što središnja banka poručuje o inflacijskim očekivanjima"
2023-12-04,"HNB objavio tjedni pregled deviznog trzista"
2023-12-11,"Odluke središnje banke i cijene stambenih kredita"
2023-12-11,"Guverner Vujčić o kretanju cijena u idućoj godini"
2023-12-11,"Središnja banka procjenjuje učinke uvođenja eura"
2023-12-11,"Sindikati traže povećanje minimalne plaće"
2023-12-11,"HNB: pritisak na cijene hrane popusta"
2023-12-11,"HNB: pritisak na cijene hrane popusta"
2023-12-11,"Poskupljenje električne energije od sljedećeg mjeseca"
2023-12-11,"Odluke središnje banke i cijene stambenih kredita"
2023-12-11,"Cijene goriva ponovno rastu na benzinskim postajama"
2023-12-11,"Središnja banka objavila izvješće o financijskoj stabilnosti"
2023-12-11,"Trgovci najavljuju poskupljenje osnovnih namirnica"
2023-12-11,"Guverner Vujčić o kretanju cijena u idućoj godini"
2023-12-11,"Vlada produljila mjere ograničavanja cijena"
2023-12-11,"Vujčić: inflacija se vraća prema cilju"
2023-12-11,"Hrvatskoj narodnoj banci stigao novi set podataka"
2023-12-11,"Analitičari očekuju usporavanje potrošnje"
2023-12-11,"Guvernerova ocjena inflacijskih očekivanja kućanstava"
2023-12-11,"Hrvatske narodne banke tice se i pitanje likvidnosti"
2023-12-11,"Cijene stanova u Zagrebu nastavile rast"
2023-12-11,"Analitičari očekuju usporavanje potrošnje"
2023-12-11,"Guverner najavio nove mjere za kreditni rast"
2023-12-11,"Sindikati traže povećanje minimalne plaće"
2023-12-11,"Središnjoj banci stigli novi podaci o kreditima kućanstava"
2023-12-11,"Središnja banka upozorava na sekundarne učinke inflacije"
2023-12-11,"HNB objavio tjedni pregled deviznog trzista"
2023-12-11,"Hrvatska narodna banka o rastu cijena energenata"
2023-12-11,"Sindikati traže povećanje minimalne plaće"
2023-12-11,"HNB: depoziti kucanstava i dalje rastu"
2023-12-11,"Vlada produljila mjere ograničavanja cijena"
2023-12-11,"HNB: depoziti kucanstava i dalje rastu"
2023-12-11,"HNB: pritisak na cijene hrane popusta"
2023-12-11,"Guvernerova ocjena inflacijskih očekivanja kućanstava"
2023-12-11,"HNB: depoziti kucanstava i dalje rastu"
2023-12-11,"Vlada produljila mjere ograničavanja cijena"
2023-12-11,"Središnjoj banci stigli novi podaci o kreditima kućanstava"
2023-12-11,"Vujčić: inflacija se vraća prema cilju"
2023-12-11,"Cijene stanova u Zagrebu nastavile rast"
2023-12-11,"Hrvatske narodne banke tice se i pitanje likvidnosti"
2023-12-11,"HNB: depoziti kucanstava i dalje rastu"
2023-12-11,"Središnja banka objavila izvješće o financijskoj stabilnosti"
2023-12-11,"Poskupljenje električne energije od sljedećeg mjeseca"
2023-12-11,"HNB: depoziti kucanstava i dalje rastu"
2023-12-11,"Ministarstvo financija objavilo prihode proračuna"
2023-12-11,"Trgovci najavljuju poskupljenje osnovnih namirnica"
2023-12-11,"Trgovci najavljuju poskupljenje osnovnih namirnica"
2023-12-11,"Središnja banka upozorava na sekundarne učinke inflacije"
2023-12-11,"Središnja banka objavila izvješće o financijskoj stabilnosti"
2023-12-11,"Odluke središnje banke i cijene stambenih kredita"
2023-12-11,"Ministarstvo financija objavilo prihode proračuna"
2023-12-11,"Središnjoj banci stigli novi podaci o kreditima kućanstava"
2023-12-11,"Središnjoj banci stigli novi podaci o kreditima kućanstava"
2023-12-11,"Vlada produljila mjere ograničavanja cijena"
2023-12-11,"Središnja banka upozorava na sekundarne učinke inflacije"
2023-12-11,"Eurostat objavio nove podatke o zaposlenosti"
2023-12-11,"Turistička sezona nadmašila očekivanja"
2023-12-11,"Turistička sezona nadmašila očekivanja"
2023-12-11,"Cijene goriva ponovno rastu na benzinskim postajama"
2023-12-11,"Guverner Vujčić o kretanju cijena u idućoj godini"
2023-12-11,"Središnja banka objavila izvješće o financijskoj stabilnosti"
2023-12-11,"Središnja banka procjenjuje učinke uvođenja eura"
2023-12-11,"Analitičari očekuju usporavanje potrošnje"
2023-12-11,"Što središnja banka poručuje o inflacijskim očekivanjima"
2023-12-11,"Hrvatske narodne banke tice se i pitanje likvidnosti"
2023-12-11,"Vlada produljila mjere ograničavanja cijena"
2023-12-11,"Poskupljenje električne energije od sljedećeg mjeseca"
2023-12-11,"HNB objavio tjedni pregled deviznog trzista"
2023-12-18,"Poskupljenje električne energije od sljedećeg mjeseca"
2023-12-18,"Poskupljenje električne energije od sljedećeg mjeseca"
2023-12-18,"Odluke središnje banke i cijene stambenih kredita"
2023-12-18,"Središnja banka procjenjuje učinke uvođenja eura"
2023-12-18,"Guvernerova ocjena inflacijskih očekivanja kućanstava"
2023-12-18,"Turistička sezona nadmašila očekivanja"
2023-12-18,"Turistička sezona nadmašila očekivanja"
2023-12-18,"Vlada produljila mjere ograničavanja cijena"
2023-12-18,"Guverner najavio nove mjere za kreditni rast"
2023-12-18,"Sindikati traže povećanje minimalne plaće"
2023-12-18,"Što središnja banka poručuje o inflacijskim očekivanjima"
2023-12-18,"Što središnja banka poručuje o inflacijskim očekivanjima"
2023-12-18,"Središnja banka procjenjuje učinke uvođenja eura"
2023-12-18,"Odluke središnje banke i cijene stambenih kredita"
2023-12-18,"Središnja banka objavila izvješće o financijskoj stabilnosti"
2023-12-18,"Trgovci najavljuju poskupljenje osnovnih namirnica"
2023-12-18,"Hrvatska narodna banka o rastu cijena energenata"
2023-12-18,"Poskupljenje električne energije od sljedećeg mjeseca"
2023-12-18,"HNB: depoziti kucanstava i dalje rastu"
2023-12-18,"Cijene goriva ponovno rastu na benzinskim postajama"
2023-12-18,"Poskupljenje električne energije od sljedećeg mjeseca"
2023-12-18,"Cijene stanova u Zagrebu nastavile rast"
2023-12-18,"Središnja banka objavila izvješće o financijskoj stabilnosti"
2023-12-18,"Odluke središnje banke i cijene stambenih kredita"
2023-12-18,"Ministarstvo financija objavilo prihode proračuna"
2023-12-18,"Hrvatska narodna banka o rastu cijena energenata"
2023-12-18,"Središnjoj banci stigli novi podaci o kreditima kućanstava"
2023-12-18,"HNB: depoziti kucanstava i dalje rastu"
2023-12-18,"Odluke središnje banke i cijene stambenih kredita"
2023-12-18,"Vujčić: inflacija se vraća prema cilju"
2023-12-18,"Hrvatska narodna banka o rastu cijena energenata"
2023-12-18,"Ministarstvo financija objavilo prihode proračuna"
2023-12-18,"Guverner najavio nove mjere za kreditni rast"
2023-12-18,"HNB objavio tjedni pregled deviznog trzista"
2023-12-18,"Središnjoj banci stigli novi podaci o kreditima kućanstava"
2023-12-18,"Analitičari očekuju usporavanje potrošnje"
2023-12-18,"Analitičari očekuju usporavanje potrošnje"
2023-12-18,"Sindikati traže povećanje minimalne plaće"
2023-12-18,"HNB: pritisak na cijene hrane popusta"
2023-12-18,"HNB: depoziti kucanstava i dalje rastu"
2023-12-18,"Ministarstvo financija objavilo prihode proračuna"
2023-12-18,"HNB objavio tjedni pregled deviznog trzista"
2023-12-18,"Trgovci najavljuju poskupljenje osnovnih namirnica"
2023-12-18,"Središnja banka procjenjuje učinke uvođenja eura"
2023-12-18,"Guvernerova ocjena inflacijskih očekivanja kućanstava"
2023-12-18,"Hrvatske narodne banke tice se i pitanje likvidnosti"
2023-12-18,"HNB: depoziti kucanstava i dalje rastu"
2023-12-18,"Cijene stanova u Zagrebu nastavile rast"
2023-12-18,"Sindikati traže povećanje minimalne plaće"
2023-12-18,"Trgovci najavljuju poskupljenje osnovnih namirnica"
2023-12-18,"Što središnja banka poručuje o inflacijskim očekivanjima"
2023-12-18,"Cijene stanova u Zagrebu nastavile rast"
2023-12-18,"Guverner Vujčić o kretanju cijena u idućoj godini"
2023-12-18,"Što središnja banka poručuje o inflacijskim očekivanjima"
2023-12-18,"HNB: depoziti kucanstava i dalje rastu"
2023-12-18,"Hrvatskoj narodnoj banci stigao novi set podataka"
2023-12-18,"Guvernerova ocjena inflacijskih očekivanja kućanstava"
2023-12-18,"Što središnja banka poručuje o inflacijskim očekivanjima"
2023-12-18,"Analitičari očekuju usporavanje potrošnje"
2023-12-18,"Središnjoj banci stigli novi podaci o kreditima kućanstava"
2023-12-18,"Vujčić: inflacija se vraća prema cilju"
2023-12-18,"Turistička sezona nadmašila očekivanja"
2023-12-25,"Guvernerova ocjena inflacijskih očekivanja kućanstava"
2023-12-25,"Cijene stanova u Zagrebu nastavile rast"
2023-12-25,"HNB objavio tjedni pregled deviznog trzista"
2023-12-25,"Cijene stanova u Zagrebu nastavile rast"
2023-12-25,"Hrvatske narodne banke tice se i pitanje likvidnosti"
2023-12-25,"Analitičari očekuju usporavanje potrošnje"
2023-12-25,"Cijene goriva ponovno rastu na benzinskim postajama"
2023-12-25,"Središnja banka upozorava na sekundarne učinke inflacije"
2023-12-25,"Središnja banka upozorava na sekundarne učinke inflacije"
2023-12-25,"Guverner Vujčić o kretanju cijena u idućoj godini"
2023-12-25,"Turistička sezona nadmašila očekivanja"
2023-12-25,"Središnja banka upozorava na sekundarne učinke inflacije"
2023-12-25,"HNB objavio tjedni pregled deviznog trzista"
2023-12-25,"Analitičari očekuju usporavanje potrošnje"
2023-12-25,"Središnja banka upozorava na sekundarne učinke inflacije"
2023-12-25,"HNB: depoziti kucanstava i dalje rastu"
2023-12-25,"Središnjoj banci stigli novi podaci o kreditima kućanstava"
2023-12-25,"Ministarstvo financija objavilo prihode proračuna"
2023-12-25,"Sindikati traže povećanje minimalne plaće"
2023-12-25,"Vujčić: inflacija se vraća prema cilju"
2023-12-25,"Ministarstvo financija objavilo prihode proračuna"
2023-12-25,"Trgovci najavljuju poskupljenje osnovnih namirnica"
2023-12-25,"Guverner najavio nove mjere za kreditni rast"
2023-12-25,"Ministarstvo financija objavilo prihode proračuna"
2023-12-25,"Guvernerova ocjena inflacijskih očekivanja kućanstava"
2023-12-25,"Vlada produljila mjere ograničavanja cijena"
2023-12-25,"Vujčić: inflacija se vraća prema cilju"
2023-12-25,"Hrvatskoj narodnoj banci stigao novi set podataka"
2023-12-25,"Hrvatske narodne banke tice se i pitanje likvidnosti"
2023-12-25,"Odluke središnje banke i cijene stambenih kredita"
2023-12-25,"Što središnja banka poručuje o inflacijskim očekivanjima"
2023-12-25,"Odluke središnje banke i cijene stambenih kredita"
2023-12-25,"Cijene stanova u Zagrebu nastavile rast"
2023-12-25,"Analitičari očekuju usporavanje potrošnje"
2023-12-25,"Hrvatskoj narodnoj banci stigao novi set podataka"
2023-12-25,"Trgovci najavljuju poskupljenje osnovnih namirnica"
2023-12-25,"Poskupljenje električne energije od sljedećeg mjeseca"
2023-12-25,"Središnjoj banci stigli novi podaci o kreditima kućanstava"
2023-12-25,"Poskupljenje električne energije od sljedećeg mjeseca"
2023-12-25,"HNB objavio tjedni pregled deviznog trzista"
2023-12-25,"Trgovci najavljuju poskupljenje osnovnih namirnica"
2023-12-25,"Središnja banka upozorava na sekundarne učinke inflacije"
2023-12-25,"Trgovci najavljuju poskupljenje osnovnih namirnica"
2023-12-25,"Trgovci najavljuju poskupljenje osnovnih namirnica"
2023-12-25,"Što središnja banka poručuje o inflacijskim očekivanjima"
2023-12-25,"HNB: depoziti kucanstava i dalje rastu"
2023-12-25,"Središnja banka upozorava na sekundarne učinke inflacije"
2023-12-25,"Što središnja banka poručuje o inflacijskim očekivanjima"
2023-12-25,"HNB objavio tjedni pregled deviznog trzista"
2023-12-25,"Vujčić: inflacija se vraća prema cilju"
2023-12-25,"Odluke središnje banke i cijene stambenih kredita"
2023-12-25,"Cijene goriva ponovno rastu na benzinskim postajama"
2023-12-25,"Središnja banka objavila izvješće o financijskoj stabilnosti"
2023-12-25,"HNB objavio tjedni pregled deviznog trzista"
2023-12-25,"Ministarstvo financija objavilo prihode proračuna"
2023-12-25,"Središnja banka procjenjuje učinke uvođenja eura"
2023-12-25,"Guverner najavio nove mjere za kreditni rast"
2023-12-25,"Hrvatska narodna banka o rastu cijena energenata"
2023-12-25,"Ministarstvo financija objavilo prihode proračuna"
2023-12-25,"Središnja banka upozorava na sekundarne učinke inflacije"
2023-12-25,"Turistička sezona nadmašila očekivanja"
2023-12-25,"HNB objavio tjedni pregled deviznog trzista"
2024-01-01,"Poskupljenje električne energije od sljedećeg mjeseca"
2024-01-01,"Analitičari očekuju usporavanje potrošnje"
2024-01-01,"Što središnja banka poručuje o inflacijskim očekivanjima"
2024-01-01,"Odluke središnje banke i cijene stambenih kredita"
2024-01-01,"Guverner najavio nove mjere za kreditni rast"
2024-01-01,"Središnjoj banci stigli novi podaci o kreditima kućanstava"
2024-01-01,"Cijene goriva ponovno rastu na benzinskim postajama"
2024-01-01,"Guverner Vujčić o kretanju cijena u idućoj godini"
2024-01-01,"Vujčić: inflacija se vraća prema cilju"
2024-01-01,"Središnjoj banci stigli novi podaci o kreditima kućanstava"
2024-01-01,"Poskupljenje električne energije od sljedećeg mjeseca"
2024-01-01,"Cijene goriva ponovno rastu na benzinskim postajama"
2024-01-01,"Što središnja banka poručuje o inflacijskim očekivanjima"
2024-01-01,"Guverner Vujčić o kretanju cijena u idućoj godini"
2024-01-01,"Guverner Vujčić o kretanju cijena u idućoj godini"
2024-01-01,"Što središnja banka poručuje o inflacijskim očekivanjima"
2024-01-01,"Cijene goriva ponovno rastu na benzinskim postajama"
2024-01-01,"Središnja banka objavila izvješće o financijskoj stabilnosti"
2024-01-01,"Što središnja banka poručuje o inflacijskim očekivanjima"
2024-01-01,"Vujčić: inflacija se vraća prema cilju"
2024-01-01,"Sindikati traže povećanje minimalne plaće"
2024-01-01,"Cijene goriva ponovno rastu na benzinskim postajama"
2024-01-01,"Središnjoj banci stigli novi podaci o kreditima kućanstava"
2024-01-01,"Eurostat objavio nove podatke o zaposlenosti"
2024-01-01,"Središnja banka upozorava na sekundarne učinke inflacije"
2024-01-01,"Trgovci najavljuju poskupljenje osnovnih namirnica"
2024-01-01,"HNB: pritisak na cijene hrane popusta"
2024-01-01,"HNB: pritisak na cijene hrane popusta"
2024-01-01,"Cijene goriva ponovno rastu na benzinskim postajama"
2024-01-01,"Središnjoj banci stigli novi podaci o kreditima kućanstava"
2024-01-01,"Turistička sezona nadmašila očekivanja"
2024-01-01,"HNB: pritisak na cijene hrane popusta"
2024-01-01,"Sindikati traže povećanje minimalne plaće"
2024-01-01,"Središnja banka objavila izvješće o financijskoj stabilnosti"
2024-01-01,"Eurostat objavio nove podatke o zaposlenosti"
2024-01-01,"Središnjoj banci stigli novi podaci o kreditima kućanstava"
2024-01-01,"Hrvatska narodna banka o rastu cijena energenata"
2024-01-01,"Vlada produljila mjere ograničavanja cijena"
2024-01-01,"HNB: depoziti kucanstava i dalje rastu"
2024-01-01,"Hrvatskoj narodnoj banci stigao novi set podataka"
2024-01-01,"Analitičari očekuju usporavanje potrošnje"
2024-01-01,"Središnja banka objavila izvješće o financijskoj stabilnosti"
2024-01-01,"Poskupljenje električne energije od sljedećeg mjeseca"
2024-01-01,"HNB: pritisak na cijene hrane popusta"
2024-01-01,"Hrvatskoj narodnoj banci stigao novi set podataka"
2024-01-01,"HNB: depoziti kucanstava i dalje rastu"
2024-01-01,"Što središnja banka poručuje o inflacijskim očekivanjima"
2024-01-01,"Odluke središnje banke i cijene stambenih kredita"
2024-01-01,"Turistička sezona nadmašila očekivanja"
2024-01-01,"Trgovci najavljuju poskupljenje osnovnih namirnica"
2024-01-01,"Analitičari očekuju usporavanje potrošnje"
2024-01-01,"Hrvatskoj narodnoj banci stigao novi set podataka"
2024-01-01,"Eurostat objavio nove podatke o zaposlenosti"
